source_file,source_line,date,category,trial,shape,verdict,delta,note
experiments/fused-training-megakernel/IMPROVEMENTS.md,18,v0,scheduling,Instruction lookup scans offsets only,all,PROMOTED,many-instruction waves stopped being scan-dominated,scan indices not payloads
experiments/fused-training-megakernel/IMPROVEMENTS.md,23,v1,executor,Dataflow executor replacing wave barriers,nano/small,PROMOTED,nano 2.53->1.93-1.99ms; small 12.0->9.8ms,84 grid.syncs removed; sticky-instr fast path + atomic cursor
experiments/fused-training-megakernel/IMPROVEMENTS.md,31,v2,scheduling,Scheduler direct successor handoff,all,NO-GO,+14% step,push-at-completer loses to blocks self-claiming
experiments/fused-training-megakernel/IMPROVEMENTS.md,36,P3,executor,Region-watermark tile deps (df2),nano/small,NO-GO,df +300-400us both configs,no queue backlog to eat; parked as mode=df2
experiments/fused-training-megakernel/IMPROVEMENTS.md,49,P3,scheduling,qt-outer attention tile order,small,PROMOTED,small df 9268->9028 (-240us),long-pole tiles emitted where scheduler can overlap tail
experiments/fused-training-megakernel/IMPROVEMENTS.md,55,P4a,executor,Warp-spec scheduler offload (mode=ws),nano/small,NO-GO,final rechecks +78/+227us and +296/+335 0 paired wins,protocol wins at equal regs but 224-reg ceiling tax exceeds win
experiments/fused-training-megakernel/IMPROVEMENTS.md,69,P6,scheduling,Hot/cold criticality ready rings,all,PROMOTED,EMBED_FWD wait 91->0us; step -7/-38us; MK_ALLHOT +34/+65/+29,separate sink from chain work at claim time
experiments/fused-training-megakernel/IMPROVEMENTS.md,78,P6,gemm-dx,Tile-gated split-K fp32 dX routing,nano,PROMOTED,nano -27us; gate <32 MN tiles; +127/+467 under old ring,viable only once cold work stops contending
experiments/fused-training-megakernel/IMPROVEMENTS.md,86,P6,executor,Dispatch-spill kill: Instr staged in smem,all,PROMOTED,nano -125; small -484; ~8% uniform; df STACK 624->336,104B Instr live across dispatch switch spilled everywhere
experiments/fused-training-megakernel/IMPROVEMENTS.md,94,P6,scheduling,Claim quantum 264->132,all,PROMOTED,-27/-237us; every resweep keeps 132,cheap claims favor finer batches (Stream-K tail balance)
experiments/fused-training-megakernel/IMPROVEMENTS.md,103,unknown,scheduling,df completion-hint stickiness,all,PROMOTED,~-20us both configs,completer adopts enabled HOT dependent as sticky claim
experiments/fused-training-megakernel/IMPROVEMENTS.md,109,unknown,scheduling,cold_cap bounded cold blocks,per-shape,PROMOTED,cap16 small ~4110->4042; uncapped S>=2048; cap0 nano/S128; qwen-L1 cap0 22094 vs 29433,optimum tracks op speed and shape; L1/giant-sink wants uncapped
experiments/fused-training-megakernel/IMPROVEMENTS.md,122,unknown,rowop,Rowop claim floor MK_ROWOP_CLAIM 2/4,small,NO-GO,+275/+838us,tail balance beats claim amortization
experiments/fused-training-megakernel/IMPROVEMENTS.md,127,unknown,executor,MPK-topology probe (scheduler block + gmem mailboxes),probe,NO-GO,5.09us/hop vs df ~3.0; prefetch worse 9.86,two cross-SM signals per hop lose to self-claiming
experiments/fused-training-megakernel/IMPROVEMENTS.md,134,unknown,scheduling,Cold-ring demotion of attention ops,small/long-S,NO-GO,DQ demote 4063->4500us; DKV +41.3us 1/24,profile off-path-ness is not schedulable slack
experiments/fused-training-megakernel/IMPROVEMENTS.md,142,unknown,itax-dag,Per-layer non-state scratch (false WAR/WAW removal),nano,NO-GO,deps 2030->1190 but timing 1226.8/1237.2 flat/worse,false deps never binding under hot/cold scheduler
experiments/fused-training-megakernel/IMPROVEMENTS.md,148,unknown,scheduling,Attention-bwd DQ-first instruction order,S4096/qwen,NO-GO,4266.7 vs 4304.7us 19/20 control; qwen -0.9/+9.6,enqueue order is not a dependency edit
experiments/fused-training-megakernel/IMPROVEMENTS.md,155,unknown,scheduling,Long-S idle-poll cadence MK_IDLE_NS 256->32,S2048-S8192,PROMOTED,S3072 -11.1; S4096 -11.2; post-band S2048 -12/-15; S8192 -11.2,256ns sleeps strand work when ready set turns over fast
experiments/fused-training-megakernel/IMPROVEMENTS.md,164,unknown,attention,D=128 attention claim-1,qwen,FLIP-PROMOTED,standalone -48/-75/-85us per op; in-model +37.3/+35.1 post-sparse-embed ~31/32,claim-batching straggler law; recheck absorbed no-gos after schedule changes
experiments/fused-training-megakernel/IMPROVEMENTS.md,174,unknown,rowop,Early dXN zero-fill (move to wave 0),nano/S1024,NO-GO,nano +3.1; S1024 +2.8us,steals wave-0 bandwidth from embedding gather
experiments/fused-training-megakernel/IMPROVEMENTS.md,180,unknown,rowop,Drow zero-fill skip on direct-store shapes,S256/S512,PROMOTED,S256 +7.9/+1.8; S512 +0.9/+2.2 zero-minus-skip; small prefers fill,dead work only free if its slot wasn't absorbing contention
experiments/fused-training-megakernel/IMPROVEMENTS.md,188,unknown,attention,Noinline fat attention ops (D128 five + D64 trio),all,PROMOTED,small 3660->3511; S8192 -502 vs cert,fat inline frames push spills into scheduler claim loop
experiments/fused-training-megakernel/IMPROVEMENTS.md,197,unknown,executor,n256 fanout trampoline,all,NO-GO,neutral twice above and below pressure cliff,call-site count was not the pressure source; fat frames were
experiments/fused-training-megakernel/IMPROVEMENTS.md,202,unknown,infra-process,Dead-code compile gating (n256 family),small,NO-GO,3662->3736 removing 500+ dead lines,noreturn trap perturbed hot dispatch CFG
experiments/fused-training-megakernel/IMPROVEMENTS.md,208,unknown,scheduling,Band/claim/order knob sweeps at S8192 bwd attention,S8192,NO-GO,bands already 77-83% packed; knobs recover <=10%,compute packing efficiency from iclk timeline first
experiments/fused-training-megakernel/IMPROVEMENTS.md,216,Jul7,scheduling,Small idle_ns 256->64,small,PROMOTED,~-20us; 32/64/128 all beat 256 in 10 paired runs post-SKR,poll cadence recheck after hop-length distribution changes
experiments/fused-training-megakernel/IMPROVEMENTS.md,223,Jul7,scheduling,MK_CLAIM 64/264 + cold_cap 8/32 small post-SKR recheck,small,NO-GO,claim +468/+131 0/40; cold_cap died at 120 reps,sub-6us 40-rep verdicts are noise; require 120+ reps
experiments/fused-training-megakernel/IMPROVEMENTS.md,232,v1,attention,Attention bwd split over GQA members + kv chunks,all,PROMOTED,dKV worst instr 190->47us,split along natural parallel axes before tuning inside
experiments/fused-training-megakernel/IMPROVEMENTS.md,238,v2,attention-fwd,Split-KV forward + combine op (C=4),nano/small,SUPERSEDED,nano neutral; small +5%,machinery later became the long-S fwd banding win
experiments/fused-training-megakernel/IMPROVEMENTS.md,246,P5,attention,FA-class WGMMA attention trio D=64,small,PROMOTED,small 9028->7118; fwd 3.34/5.63x dkv 2.1/3.3x dq 2.2/4.9x standalone,dual-major no-swizzle 64x64 smem; descriptor-level transposes
experiments/fused-training-megakernel/IMPROVEMENTS.md,257,unknown,attention,Attention chunk counts MK_ATTN_DKV_C/DQ_C,per-shape,PROMOTED,small 1/1 confirmed; qwen D128 C=1; generic D128 Cq 4->1 -85/-95us,in-model scheduling optimum not op optimum; resweep after structural rounds
experiments/fused-training-megakernel/IMPROVEMENTS.md,269,unknown,attention-fwd,FA2-style software-pipelined fwd MK_ATTN_PIPE,small,NO-GO,fwd span 245->297; step +245us,pipeline depth not free below ~1/8 occupancy
experiments/fused-training-megakernel/IMPROVEMENTS.md,277,unknown,attention,Attention loader lane remap (conflict-free INTER stores),all,NEUTRAL,fewer smem port cycles; timing flat,bank conflicts only matter where fill is exposed
experiments/fused-training-megakernel/IMPROVEMENTS.md,282,unknown,attention-dkv,DKV S/dP wgmma x2 batching first attempts,small/S2048/S4096,SUPERSEDED,totals 1145/4325->1169/4511; DQ x2 +3.9/+14.1,won later whole via 5b8b3db fused-ALU restructure + dispatch unspill
experiments/fused-training-megakernel/IMPROVEMENTS.md,293,unknown,attention-dkv,DKV G2 fusion (GQA-pair tiles per KV tile),small/S2048/S4096,NO-GO,+221/+323/+455; control 80/80,lost G-parallelism dominates saved reloads and drains
experiments/fused-training-megakernel/IMPROVEMENTS.md,299,unknown,attention-fwd,Forward register-direct O epilogue,nano/S4096,NO-GO,nano 1247/1230; S4096 4298/4262 variant/control,smem-coalesced O drain already hidden; register-direct scatters
experiments/fused-training-megakernel/IMPROVEMENTS.md,307,unknown,attention-dq,DQ epilogue family (C=1 direct/register-direct/float2),small/long-S,PROMOTED,small -23; S4096 -66/-40; S8192 -30; chunked C>1 atomics NO-GO,Cq=1 single writer deletes staging and atomics
experiments/fused-training-megakernel/IMPROVEMENTS.md,317,2026-07-04,attention-dkv,DKV epilogue family (direct atomic -> float2),all D64,FLIP-PROMOTED,-17.8 nano..-49.4 small; float2 -5.7..-55.5 long-S; forced-old loses -29..-94,epilogue verdicts not permanent; resweep after route changes
experiments/fused-training-megakernel/IMPROVEMENTS.md,327,unknown,attention,Attention tail-barrier elision,nano/small/S4096,NO-GO,1240->1276; 4328->4515; 4267->4430; 0 paired wins,final syncs cheaper than the runtime branch guarding them
experiments/fused-training-megakernel/IMPROVEMENTS.md,334,unknown,attention,Masked-work skip family,nano/small/S3072/S4096,NO-GO,masked-exp small +223 nano +31; dQ split-mask +42/+46,per-element branch cost overwhelms saved SFU work
experiments/fused-training-megakernel/IMPROVEMENTS.md,342,P4b,attention,C=1 straggler diagnosis + banded bwd chunking,S2048-S8192,PROMOTED,S8192 -531.7/-524.6; S4096 -80.7/-78.7; 40/40 everywhere,work-proportional splitting of only the long causal tiles
experiments/fused-training-megakernel/IMPROVEMENTS.md,354,P4b,attention,Short-S banding,S512/S1024,NO-GO,S512 T4 +15.2us; degenerate T loses +22..+70,straggler fixes need a straggler; gate S>=2048
experiments/fused-training-megakernel/IMPROVEMENTS.md,359,P4b,scheduling,Band emission order (lpt vs dq_first),S8192,PROMOTED,dq_first S8192 -88/-105us 16/16; broadening loses +9..+63,starved consumer only at S8192; elsewhere waits are absorbed overlap
experiments/fused-training-megakernel/IMPROVEMENTS.md,368,P4b,attention-fwd,Forward banding (flash-decoding partials + combine),S2048-S8192,PROMOTED,S8192 T64 -452/-481; band-off recheck +525us 0/16,reuses parked split-KV ops; sharp T optima; bf16 partials cost ~2x error
experiments/fused-training-megakernel/IMPROVEMENTS.md,377,P4b,attention,Band budget retunes (T per shape),S2048-S8192,PROMOTED,S4096 T29 -60us x3; S2048 T12 -30/-37; S8192 T40 -88/-110,every structural change moves the packing balance
experiments/fused-training-megakernel/IMPROVEMENTS.md,385,P4b,attention-fwd,Combine row batching MK_ATTN_COMBINE_R=8,S3072-S8192,PROMOTED,-33/-28; -28/-24; -69/-46us,combine tile was one row = 2-4k tiny claim transactions
experiments/fused-training-megakernel/IMPROVEMENTS.md,392,P4b,attention-fwd,Combine weight-array unroll,S8192/S4096,PROMOTED,S8192 -29/-44; S4096 +18.4/+7.3; S3072 regresses,dynamically-indexed local array was the only real local traffic
experiments/fused-training-megakernel/IMPROVEMENTS.md,400,P4b,attention-onepass,Fused one-pass attention bwd (dQ inside DKV),S4096,NO-GO,+119us 0/40 parity clean,write amplification: fp32 atomic stores don't cache; saved K/V re-reads were L2-resident
experiments/fused-training-megakernel/IMPROVEMENTS.md,409,P4b,attention-fwd,Fwd KV-widening w128 (FA4-B port),S512-S8192,NO-GO,S4096 +18.7 despite +11-19% standalone; partials port +23/+25,absorption strike 5; halved boundary cost lands off the realized path
experiments/fused-training-megakernel/IMPROVEMENTS.md,419,P4b,attention-dkv,DKV row-scalar broadcast (LSE/Drow via shuffle),S8192,SUPERSEDED,-16.9/-14.0 promoted; post-mbar-ring forced-old wins -32.4/-30.8 16/16,micro-wins near noise floor are composition-fragile; un-promote
experiments/fused-training-megakernel/IMPROVEMENTS.md,428,P4b,attention-dkv,Cheap DKV cross-stage reschedule (no extra smem),probe,NO-GO-CORRECTNESS,test_ops hung at RUN DKV_WG twice,buffer reuse deadlocks without full ping-pong/ring ownership
experiments/fused-training-megakernel/IMPROVEMENTS.md,435,Jul6,attention-dkv,S/dP one-commit batch + fused ALU (dkv+dq),all D64,PROMOTED,S8192 -113/-94 both orders,deletes a warpgroup drain + P smem round-trip per 64-row stage
experiments/fused-training-megakernel/IMPROVEMENTS.md,444,Jul6,attention-fwd,Fwd PV cross-stage pipeline (triple-buffered K/V),S8192/small,PROMOTED,S8192 -47 isolated; small -17; bitwise parity,drain-hiding pays only where the op monopolizes the machine
experiments/fused-training-megakernel/IMPROVEMENTS.md,451,Jul6,attention,D=128 WGMMA attention trio (fwd/dkv/dq WG128),qwen,PROMOTED,qwen4b-l1 -1586/-1846us env; ~9% of step,split-D across warpgroups; redundant-S; P-parking
experiments/fused-training-megakernel/IMPROVEMENTS.md,462,Jul6,attention-dq,D=128 dQ row-split + register-A dS feed,qwen,PROMOTED,dQ span 317.6->186.0us; op 103.65->99.62; dKV S^T feed NO-GO,keeps single-writer epilogue; deletes dS smem+fence+sync; measure binary-wide tax
experiments/fused-training-megakernel/IMPROVEMENTS.md,473,Jul6,attention-fwd,D=128 fwd mbarrier ring,qwen,PROMOTED,+38.1/+31.7 old-minus-new; fwd span 225->131.5,two-stage K/V mbarrier ring removes forward stage boundary
experiments/fused-training-megakernel/IMPROVEMENTS.md,482,v0,gemm-fwd,Vectorized coalesced tile loads all four layouts,all,PROMOTED,+2x,vectorize global loads before anything else
experiments/fused-training-megakernel/IMPROVEMENTS.md,486,v0,gemm-fwd,Register-prefetch K-loop pipelining,all,PROMOTED,single-buffered was latency-bound ~33us/wave,1-deep prefetch beats none; more depth needs occupancy
experiments/fused-training-megakernel/IMPROVEMENTS.md,490,v0,gemm-dw,Split-K for tiny-tile matrices,all,PROMOTED,dlogits@Wlm K=8192 145->40us,worth it only while tiles << blocks
experiments/fused-training-megakernel/IMPROVEMENTS.md,496,unknown,gemm-fwd,cp.async BK=64 WMMA rewrite,all,NO-GO,~-10% in-model; microbench flat,WMMA surgery is not a Hopper pipeline
experiments/fused-training-megakernel/IMPROVEMENTS.md,501,v2,gemm-fwd,wgmma NT path,small,PROMOTED,small ~4%; branch-free accumulate ~94% per-SM peak,data-dependent ternary between arrive/commit serializes every wgmma
experiments/fused-training-megakernel/IMPROVEMENTS.md,510,v2,gemm-fwd,m64n64 retile + smem-staged vectorized epilogue,nano,PROMOTED,1.93->1.85ms,32 accumulators restore block density; coalesced staged stores
experiments/fused-training-megakernel/IMPROVEMENTS.md,517,unknown,gemm-fwd,Deeper wgmma mainloops (3/4-stage),small,NO-GO,NT heavy hitters flat ~50/~224/~46us,limiter was stage fill (bank conflicts) not depth
experiments/fused-training-megakernel/IMPROVEMENTS.md,524,unknown,tma-smem,SW128 swizzled operand slabs,all,PROMOTED,GEMMNN 516->254us; scoreboard 1468->1260 nano / 5626->4465 small,no-swizzle INTER made cp.async stores 8-way bank-conflicted
experiments/fused-training-megakernel/IMPROVEMENTS.md,532,unknown,gemm-fwd,m64n128 (n128) tiles,small,PROMOTED,NT -146; NN -28; lm_head span 280->194,64 accs fit 255 regs; half B-traffic per FLOP
experiments/fused-training-megakernel/IMPROVEMENTS.md,541,unknown,gemm-fwd,n128 feed/store variants,small,NO-GO,stage3 +66.6us 0/400; direct-store +16.8,n128 win was tile geometry not feed depth
experiments/fused-training-megakernel/IMPROVEMENTS.md,546,unknown,gemm-fwd,Direct-BF16 GEMM epilogue (skip smem drain),S128/small,PROMOTED,S128 -1..-5us; post-n128 small -27.8/-27.0 80/80,exact-shape gate; do not broaden
experiments/fused-training-megakernel/IMPROVEMENTS.md,552,unknown,lm-head,Fat lm-head tiles (staged 128x256),qwen,NO-GO,160KB page fails cooperative launch; 100KB variant loses generally,per-op smem appetite is a global tax; became the n256 route
experiments/fused-training-megakernel/IMPROVEMENTS.md,561,unknown,qwen,qwen n256 direct-store route family,qwen,PROMOTED,qwen step 22.1ms->~8.5ms compounded; broad-route rejections elsewhere,giant-K/N rows amortize 256-wide tiles; kill sk==1 atomics on sight
experiments/fused-training-megakernel/IMPROVEMENTS.md,574,unknown,qwen,n256 stage3 operand ring + N-major tile order,qwen,PROMOTED,stage3 +424/+387 old-minus-new 32/32; N-major +35..+87,148KB page already funded; respend it on feed depth
experiments/fused-training-megakernel/IMPROVEMENTS.md,584,unknown,tma-smem,mbarrier feed-ring for GEMM,long-S/qwen,FLIP-PROMOTED,generic NO-GO nano +15.2; gated: small -76.0 80/80; S8192 -150.1; qwen -169/-191,ring pays only where CTA-sync refill was an exposed boundary
experiments/fused-training-megakernel/IMPROVEMENTS.md,597,unknown,architecture,Cluster B-sharing family (DSMEM/TMA multicast),probe,NO-GO,pair probe 46.7 vs 44.1us plain cp.async,GMMA descriptor can't encode cluster rank; L2 already dedupes B
experiments/fused-training-megakernel/IMPROVEMENTS.md,608,unknown,gemm-dx,Deep SW128 stages for long-K dX (S8),probe,NO-GO,187.4->175.8 standalone but 208KB page costs +6..+95us,global-smem-page law makes standalone wins unroutable
experiments/fused-training-megakernel/IMPROVEMENTS.md,614,unknown,lm-head,256-row supertile + NT-floor diagnosis,probe,VALIDATED-PARKED,NT lm_head 177->144us (+18%) standalone; NT floored 1.66x vs nvjet,C-write rate 0.95 vs 1.54 TB/s; residual is DRAM writeback policy
experiments/fused-training-megakernel/IMPROVEMENTS.md,624,unknown,gemm-fwd,NN transpose-staging (K-major via smem transpose),probe,NO-GO,NT 12.93 vs NN 12.96us; explicit transpose +2.4us,NN penalty lives at in-model shell level not the descriptor
experiments/fused-training-megakernel/IMPROVEMENTS.md,630,unknown,executor,Post-spill side probes (splitK-direct/noinline/iclk/claim264),small,NO-GO,3596/3608/3592 vs clean 3569us,remaining local traffic is ABI-frame class; stop hunting spill at LD zero
experiments/fused-training-megakernel/IMPROVEMENTS.md,639,Jul6,qwen,TMA feed for qwen n256 mbar ring (NN dX + TN dW),qwen,PROMOTED,qwen4b-l1 -622us merged head 9695->9073,elected-thread bulk-tensor replaces 12 slices + 256 arrivals; off-path TN dW frees issue slots
experiments/fused-training-megakernel/IMPROVEMENTS.md,653,Jul6,tma-smem,TMA feed at H256/D64 n256 shapes boundary sweep,s3072/s4096/s8192,PROMOTED,s3072 -7.1/-10.2 WIN; s4096 +6.1/+11.9 NO-GO; s8192 +27.3/+33.6 NO-GO,eligibility is a K-length question; long-K rows only
experiments/fused-training-megakernel/IMPROVEMENTS.md,668,v0,rowop,Warp-parallel qk-norm with smem-staged grad atomics,all,PROMOTED,~8% of step,stage tiny-buffer atomics through smem
experiments/fused-training-megakernel/IMPROVEMENTS.md,673,v1,rowop,Vectorized fills/converts + per-layer fp32 workspaces,all,PROMOTED,16K-chunk fill/convert,shared scratch chained layers through its zero-fill
experiments/fused-training-megakernel/IMPROVEMENTS.md,680,P1,rowop,CVT hop deletion via dy_f32 consumers,nano,PROMOTED,5 on-path CVT hops 112/346us; nano 1888->1833,convert-at-consumer beats convert-as-instruction
experiments/fused-training-megakernel/IMPROVEMENTS.md,687,unknown,rowop,Batched row ops MK_ROW_R=8 warp per row,nano/small,PROMOTED,nano -117; small -722; rowop spans 1.35-3.3x,warp-shuffle reductions delete 3 block barriers; one atomic per element per 8 rows
experiments/fused-training-megakernel/IMPROVEMENTS.md,694,unknown,rowop,RMSNorm-bwd row-gradient reduction (private partials),small,PROMOTED,on-path span 674->224us,8 row warps contended atomically on one shared [H] buffer
experiments/fused-training-megakernel/IMPROVEMENTS.md,700,unknown,rowop,Rowop MLP split R2=16 + register-lifetime law,nano/small,PROMOTED,nano -12; small -30; RMSNORM_BWD 565->467; caching reverts +240/+58/+142,register-resident reuse loses at 8 warps/SM; short lifetimes + more streams
experiments/fused-training-megakernel/IMPROVEMENTS.md,711,unknown,ce,op_ce_bwd uint4 IO,small,PROMOTED,CE_BWD 79->46us; two-row tile refuted,vectorize the V-wide pass; don't halve saturated tiles
experiments/fused-training-megakernel/IMPROVEMENTS.md,716,unknown,rowop,RMS four-row folds (BWD_R4/DX_R4),all,NO-GO,small +26.6 despite span 466->444; DX_R4 kept only H256/S2048,folding halves parallelism to save reduction work the machine had spare
experiments/fused-training-megakernel/IMPROVEMENTS.md,725,unknown,rowop,RMSNorm bwd dx/dw split,small,PROMOTED,small -8/-7; QKNORM dx/dw split NO-GO twice,pays when the dw atomic drain is the binding dependency
experiments/fused-training-megakernel/IMPROVEMENTS.md,734,P4b,rowop,QKNORM/ROPE-bwd V-passthrough split (split-V),S3072-S8192,FLIP-PROMOTED,S8192 -34.6/-63.5; S4096 -9.6/-12.4; S3072 -11/-13; short-S NO-GO,extra op's dependency cost outweighed until op long enough
experiments/fused-training-megakernel/IMPROVEMENTS.md,743,unknown,rowop,SwiGLU backward worker-count arc (R2/2W/3W/4W),per-shape,PROMOTED,small 4W -132/-121 after earlier +10.5 NO-GO; qwen 4W +356/+330,warps-per-row is a shape x scheduler knob; optimum moved every round
experiments/fused-training-megakernel/IMPROVEMENTS.md,755,unknown,rowop,SwiGLU sigmoid cache arc,per-shape,SUPERSEDED,cache WIN small -13.4 then cache-off wins -25.7/-22.7 post-4W; qwen rejected +95,memoization is a bandwidth-vs-SFU trade; re-measure per access pattern
experiments/fused-training-megakernel/IMPROVEMENTS.md,764,unknown,rowop,qk-norm bwd caches (D64/D128 cached-pair),all,PROMOTED,D64 -6.7..-30.5 across shapes; D128 qwen +25.5/+26.8 old-minus-new,cache to delete a second pass not to avoid a re-read
experiments/fused-training-megakernel/IMPROVEMENTS.md,772,unknown,rowop,Fixed-width RMS dx bodies (H256/H512/H2560 exact),H256 subset,PROMOTED,H256 S8192 -25/-43; H512 exact NO-GO; qwen H2560 R4 NO-GO,specialization pays only where the op is exposed on-path
experiments/fused-training-megakernel/IMPROVEMENTS.md,780,unknown,rowop,QKNORM_ROPE_BWD per-warp dw partials,small/S4096/S8192,PROMOTED,-21; -17; -43/-66us,per-lane atomics into one shared [D] array serialized ~30x above floor
experiments/fused-training-megakernel/IMPROVEMENTS.md,788,unknown,ce,CE fwd/bwd fusion OP_CE_FWD_BWD,qwen,NO-GO,-110 one order; +29 reverse; fused span 327 vs 34.7+296.4,spans concatenate; fusion must change dataflow not instruction count
experiments/fused-training-megakernel/IMPROVEMENTS.md,796,unknown,ce,CE_BWD label fixup (branch-free vocab loop),qwen/S8192/small,PROMOTED,qwen -26/-25; S8192 -44.8/-31.8 16/16; small -2.7/-3.3,removes per-element compare from V-wide hot loop
experiments/fused-training-megakernel/IMPROVEMENTS.md,804,unknown,ce,CE ignore-row skip,small/S1024,NO-GO,S1024 +9.5; recheck -2.6 then +19.4 reverted,weak win failing order reversal is a loss
experiments/fused-training-megakernel/IMPROVEMENTS.md,812,unknown,rowop,Sparse embedding-gradient clear,qwen,PROMOTED,+234/+254us old-minus-new 32/32 both,full [V;H] fill was 389M fp32 zeros per step; clear-what-you-touched
experiments/fused-training-megakernel/IMPROVEMENTS.md,820,unknown,fusion,SSQ fused epilogue defaults (bit13),per-shape,NEUTRAL,off at S2048/S3072 (+8.4/+3.0; +3.4/+7.7); small/nano confirmed on,even free fused reductions have a shape-dependent price
experiments/fused-training-megakernel/IMPROVEMENTS.md,828,unknown,rowop,Rowop long-S gap decomposition,S4096/S8192,CLOSED-BY-ANALYSIS,op cost ~260 vs baseline 254us = body parity,bucket is critical-path stretch from co-scheduling; QKNORM S8192 genuinely body-bound
experiments/fused-training-megakernel/IMPROVEMENTS.md,839,v2,fusion,qk-RMSNorm+RoPE fused into qkv gemm epilogue (bit8),D64,PROMOTED,kills 1 chain instr/layer; unfuse rechecks NO-GO twice,epilogue fusion pays when tile boundary IS the op boundary
experiments/fused-training-megakernel/IMPROVEMENTS.md,846,unknown,fusion,SwiGLU paired-column tiles (bit9),nano/small,NO-GO,+88/+297; silent 320B spill -8% everywhere,fusion reducing tile count needs tile-granular deps; check res-usage always
experiments/fused-training-megakernel/IMPROVEMENTS.md,854,unknown,fusion,CE/LSE partials in lm_head epilogue (bit11),all,NEUTRAL,within noise; cheapens the CE hop ~5x for free,keep free reductions riding an existing epilogue
experiments/fused-training-megakernel/IMPROVEMENTS.md,860,unknown,gemm-dx,wgmma NN/TN bwd routing,nano/small,FLIP-PROMOTED,NO-GO x3 (nano 1.85->2.05ms) then NN>=64 tiles wins post-SW128,routing no-go was a fill-bound body bug in disguise
experiments/fused-training-megakernel/IMPROVEMENTS.md,868,unknown,gemm-dx,NN threshold ladder MK_WGMMA_NN_MIN,per-shape,PROMOTED,nano 16: -18.6/-19.8 479/480; S1024 32: -108 180/180; late narrowing at small +28.7..+56.5,thresholds are measurements not constants; per exact shape
experiments/fused-training-megakernel/IMPROVEMENTS.md,879,unknown,gemm-dw,TN dW wgmma routing,long-S/small,FLIP-PROMOTED,first +226/+570 NO-GO; gated S8192 -333 S4096 -94/-107; forced-off +161..+174 0/40,sink routing depends on chain bandwidth need at that moment
experiments/fused-training-megakernel/IMPROVEMENTS.md,888,unknown,fusion,Drow/dOatt fused-epilogue route arc,per-shape,PROMOTED,wgmma-epilogue Drow -43us small; S4096 -30/-25; qwen n256 +152/+120,route width and fusion are separate decisions; measure each pairing
experiments/fused-training-megakernel/IMPROVEMENTS.md,897,unknown,gemm-dx,head-dX split-K target arc (dlogits @ Wlm),per-shape,PROMOTED,512->256 (-21/-28)->per-shape 96/64/32; sk=1 no-atomic -7.7..-21.9,re-derive split targets after every route change; kill sk==1 atomics
experiments/fused-training-megakernel/IMPROVEMENTS.md,906,unknown,gemm-dw,Cold dW split-target arc,all,PROMOTED,192/128: -57 nano -232 small; 96/64: -27..-75,deliberately under-parallelize sinks; they only need to finish by step end
experiments/fused-training-megakernel/IMPROVEMENTS.md,914,unknown,gemm-dx,dX split side-knobs,all,NO-GO,dxwg split-K +80..+122 0 wins; nano n128 split +110..+188,the <32-tile split-K gate survived every attack
experiments/fused-training-megakernel/IMPROVEMENTS.md,920,unknown,lm-head,lm-head n128 per-shape gates,short-S/nano/deep,PROMOTED,S128 -49.8; deep -38.1; small forced-off loses -48.9; S256 late off +6.5/+5.9,gate by row count with per-shape overrides; re-verify survivors
experiments/fused-training-megakernel/IMPROVEMENTS.md,929,unknown,fusion,Fused-qkrope tile widening,long-S,PROMOTED,n128 two-head S3072/S4096 -41/-43 40/40; S8192 +56/+52 old-minus-new; n256 NO-GO +34/+25,widen only to the width the epilogue math actually tiles
experiments/fused-training-megakernel/IMPROVEMENTS.md,937,unknown,lm-head,n256 direct routes for long-S head block,S3072-S8192,PROMOTED,S3072 -52/-58; S4096 -45/-54; S8192 -245/-247; loses small/S2048 +99/+66,exact-shape gates rot; re-audit existing routes for new shape classes
experiments/fused-training-megakernel/IMPROVEMENTS.md,945,unknown,fusion,Epilogue fusion phase 1 (MLP rmsnorm dissolution),long-S/small,NO-GO,long-S +10-19 worse; small wash,hop replacement is not hop deletion
experiments/fused-training-megakernel/IMPROVEMENTS.md,953,unknown,fusion,Epilogue fusion phase 2 (MLP xn2 deletion via scaled dW B-load),probe,NO-GO,+16.32/+15.58us 1/40+0/40,scaled operand feed is on-path arithmetic not free traffic deletion
experiments/fused-training-megakernel/IMPROVEMENTS.md,965,Jul7,gemm-dx,head-dX SKR in-model port (splitK + separate reduce),small/nano/deep,PROMOTED,small skr=2 -115/-112 40/40 x4; nano/deep skr=4 -12/-31..-35; s128/s256/s2048 NO-GO,one giant sub-wave long-K gemm amortizes one reduce; never per-layer
experiments/fused-training-megakernel/IMPROVEMENTS.md,978,Jul7,gemm-dx,head-dX SKR at s3072/s4096 (round 4),s3072/s4096,PROMOTED,-118.6/-120.6 40/40 and -90.0/-75.6; forced-old +95.2/+89.4,sub-wave n256 tiles worse than more n128 tiles when CTAs<<SMs
experiments/fused-training-megakernel/IMPROVEMENTS.md,993,Jul7,lm-head,lm_head fwd n256 resweep cascade,small/s1024/s2048,FLIP-PROMOTED,-33/-23; -11/-12; -25/-21 both orders,same-day SKR and mbar-ring promotions flipped correctly-rejected cells
experiments/fused-training-megakernel/IMPROVEMENTS.md,1003,Jul7,lm-head,lm_head fwd n256 short-S boundary at 9199394,s128/s256/nano,NO-GO,s128 +37.20/+21.50 0/80; s256 +14.96/+11.50; nano sub-noise,n256 needs enough rows to fill its fatter tile; keep the gate
experiments/fused-training-megakernel/IMPROVEMENTS.md,1017,v0,precision,fp32 WMMA smem strides multiple of 4,all,LAW,silent corruption otherwise,encode alignment constraints structurally
experiments/fused-training-megakernel/IMPROVEMENTS.md,1022,unknown,precision,Attention LSE fast-log (__logf),per-shape,PROMOTED,small -20.1; S2048 -15.2; S128 -9.7; small later flipped precise +1.3/+1.5,approx wins are composition-fragile; guard the flag against rot
experiments/fused-training-megakernel/IMPROVEMENTS.md,1030,unknown,precision,WGMMA attention exp2.approx,D64 S>=512,PROMOTED,small -37.7; S2048 -20.1; precise recheck loses -28.8/-25.7; S128 regressed,SFU-approx pays on softmax-heavy long ops; gate out shortest shapes
experiments/fused-training-megakernel/IMPROVEMENTS.md,1036,unknown,precision,lm-head CE-partial exp2,V>=8192 S>=256,PROMOTED,small -57.0; S2048 -66.0; nano -19.6,online sumexp in a giant-N epilogue is the one hot exp
experiments/fused-training-megakernel/IMPROVEMENTS.md,1041,unknown,precision,CE forward fast-log / exp2,all,NO-GO,exp2 -7..-37 one order; +7..+18 reversed; reverted,construction-order artifact; the both-order gate exists for this
experiments/fused-training-megakernel/IMPROVEMENTS.md,1048,unknown,precision,CE backward exp2,S>=1024 V>=8192,PROMOTED,small -35.7/-34.4; S2048 -16.5/-22.0; precise loses -14.0/-12.5,gate by where the op is hot not by op name
experiments/fused-training-megakernel/IMPROVEMENTS.md,1054,unknown,precision,SwiGLU arithmetic forms,per-shape,PROMOTED,FMA derivative WIN nano -8.2 small -16.8; __frcp_rn NO-GO; exp2 sigmoid NO-GO,only contraction-safe FMA rewrites are broadly safe
experiments/fused-training-megakernel/IMPROVEMENTS.md,1063,unknown,precision,Attention output fast-inv (__frcp_rn),all,NO-GO-CORRECTNESS,40-step loss 9.05->7.15 vs required 2.0 drop,systematic normalization error compounds across steps; need trajectory check
experiments/fused-training-megakernel/IMPROVEMENTS.md,1070,unknown,precision,Attention dS FMA rewrite,mixed,NO-GO,gated retest +2.05 overall; small retest fails order gate,shape-split wins on code shape alone are not gateable
experiments/fused-training-megakernel/IMPROVEMENTS.md,1076,unknown,precision,RMS dx FMA opcode,H256/S128,PROMOTED,-5.6/-6.0 as routed opcode only; broad flag mixed,routed opcode beats compile flag; isolation beats gating
experiments/fused-training-megakernel/IMPROVEMENTS.md,1084,unknown,executor,Occupancy via register cap (MK_OCC2),nano/small,NO-GO,P4b re-run +32%/+40%; REG:128 STACK:944,occupancy-via-spill decisively loses
experiments/fused-training-megakernel/IMPROVEMENTS.md,1093,unknown,tma-smem,Dynamic-smem default correction (100KB),nano/small,PROMOTED,nano -7/-5; small -5/-13,120KB carveout had leaked in as a global default
experiments/fused-training-megakernel/IMPROVEMENTS.md,1099,unknown,tma-smem,Global smem page tax,all,LAW,208KB controls +6.1 nano +42.2 small +94.9 S8192; 160KB fails launch,dynamic-smem request taxes every shape; share funded pages
experiments/fused-training-megakernel/IMPROVEMENTS.md,1107,Jul6,infra-process,Launcher smem-attribute caching fix + ws 256B offset,all,PROMOTED,would have bitten any D=128 landing,re-apply per-launch attributes that can grow; leave carveout headroom
experiments/fused-training-megakernel/IMPROVEMENTS.md,1117,unknown,executor,mk_tid()/group-derived barrier helper,all,PROMOTED,legacy revert loses: nano 1189/1262 small 4212/4508; df STACK 144->32,judge helpers by measurement not by motivating feature survival
experiments/fused-training-megakernel/IMPROVEMENTS.md,1125,unknown,architecture,Cooperative cluster launch MK_CLUSTER_X=2,all,NEUTRAL,launch-only A/B -2.7us,capability landing at neutral cost; the multicast win never came
experiments/fused-training-megakernel/IMPROVEMENTS.md,1133,unknown,executor,In-kernel valid-label reciprocal OP_INV_VALID,nano/small/S128,PROMOTED,-75.3; -93.0; -71.5us 160/160,host per-step computation belongs in wave 0 of the kernel
experiments/fused-training-megakernel/IMPROVEMENTS.md,1141,unknown,executor,Input binding (buftab patch -> launcher-side),S128/nano/small,FLIP-PROMOTED,python patch +15/+19/+8.8 NO-GO; C++ launcher -12.6/-11.7/-22.5 ~198/200,put fast-path plumbing below the Python boundary
experiments/fused-training-megakernel/IMPROVEMENTS.md,1148,Jul7,qwen,Qwen4b-L2 gate-extension lane (cluster + support + head-dX),qwen-l2,PROMOTED,16.21ms->~12.06ms (-26%); dq RS-feed decoupled to L1-only,exact-tuple gates orphan sibling shapes; peel-resweep after cluster promotion
experiments/fused-training-megakernel/IMPROVEMENTS.md,1166,Jul7,gemm-dx,S3072 head-dX TMA gate (promoted then reverted),s3072,SUPERSEDED,promote -7/-10 35-39/40; post-SKR TMA-off faster -16.3/-20.2 40/40,gate's target row re-routed by a later promotion; resweep gates too
experiments/fused-training-megakernel/IMPROVEMENTS.md,1175,Jul7,scheduling,Qwen4b-l2 cold-cap-0 (flipped on then killed by pdf),qwen-l2,NO-GO,pre-pdf -108.9/-49.7 11/16; post-pdf +17.1/+4.9,re-check landed structure between measuring and committing a knob flip
experiments/fused-training-megakernel/IMPROVEMENTS.md,1186,Jul7,executor,df2 region-gating at the qwen class,qwen-l2,NO-GO,df2 vs pdf +772/+1260 0/12; df2 vs df -381/-252 at l2 (mechanism confirmed),mechanism wins don't survive attachment to a superseded executor
experiments/fused-training-megakernel/IMPROVEMENTS.md,1202,Jul7,scheduling,Phase-adaptive cold-cap release MK_COLD_RELEASE_TAIL,qwen-l2,VALIDATED-PARKED,on-path wait 1046.5->542.7us but span +285us; K-sweep order-split,released bandwidth stretches remaining chain spans; default-off instrument
experiments/fused-training-megakernel/IMPROVEMENTS.md,1220,Jul7,precision,S3072 D64 dQ fp32-P pack boundary promotion,s3072,PROMOTED,-10.29 77/80 and -15.39 80/80; forced-old +12.46,reopen boundary shapes after downstream route composition changes
experiments/fused-training-megakernel/IMPROVEMENTS.md,1236,Jul7,executor,pdfg region-watermark gates on pdf executor,qwen-l2,NO-GO,-24.5 (8/16) / +105.4 (5/16) order-split wash; branch archived,WG2 producer feed already absorbs the queue-backlog window
experiments/fused-training-megakernel/IMPROVEMENTS.md,1250,Jul7,gemm-dw,lm dW sink exclusive anatomy,qwen,MEASUREMENT,exclusive 2631us vs nvjet 1015.1; 29.2us/tile vs ~13.5 floor,join-wait budget was in the sink body; open lane spec'd (m128-pair)
experiments/fused-training-megakernel/IMPROVEMENTS.md,1264,Jul7,gemm-dw,m-wider dW pair tiles (shared-B),qwen,REFUTED,m192-pair +8.1/+2.4%; m256 register wall +378%; bare control 2055us,~22% of gap is interpreter tax; rest is mainloop rate (producer-feed class)
experiments/fused-training-megakernel/IMPROVEMENTS.md,1286,P4a,architecture,setmaxnreg reallocation scheduler WG->consumers (ws),all,PROMOTED,mandatory in ws; without it REG:168 STACK:544 +14% both configs,H100 charges regs at 4-warp granularity; needs 90a gencode + entry maxnreg
experiments/fused-training-megakernel/IMPROVEMENTS.md,1300,P4a,architecture,Reallocation split sweep (224/56 vs 240/24 vs 192/64),all,MEASUREMENT,224/56 best; 240/24 NO-GO; 512-thr 192/64 NO-GO (entry cap STACK:848),size dec targets to the thin path's real register need
experiments/fused-training-megakernel/IMPROVEMENTS.md,1312,Jul6,architecture,Full MK-paper/nvjet producer topology for GEMM,probe,VALIDATED-PARKED,standalone s8192 dX-head 69.1us/497TF = 1.03x nvjet; uniform point REFUTED,one register point per image; harvest loader-decoupling where it fits
experiments/fused-training-megakernel/IMPROVEMENTS.md,1336,Jul6,executor,Producer-df executor (megakernel_pdf 384thr WG2 TMA producer),qwen/s3072/s8192,PROMOTED,qwen-l1 -1056/-1127 12/12; l2 -1511/-1370; s8192 -165 16/16; small +145 NO-GO,per-shape executor mode; producer decouples issue from mma cadence
experiments/fused-training-megakernel/IMPROVEMENTS.md,1356,2026-07-06,architecture,ptxas setmaxnreg REGION IDIOM (CUDA 13.1),all,LAW,inc-on-fallthrough silently compiled at entry cap; idiom form honored (R237),inc body must be branch-scoped ending in return; check max SASS reg index
experiments/fused-training-megakernel/IMPROVEMENTS.md,1375,Jul6,attention-dkv,dkv stage ablation ladder,S8192,MEASUREMENT,stage split: ALU 41%; drain 21%; score gemm 6-10%; syncs 28%,ablate before architecting; the obvious gemm target was smallest
experiments/fused-training-megakernel/IMPROVEMENTS.md,1383,Jul6,tma-smem,TMA feed for long-S D64 gemm rings,S3072-S8192,PROMOTED,-24; -30; -15 both orders 15-16/16,elected-thread bulk loads + count-1 expect_tx replace per-thread slices
experiments/fused-training-megakernel/IMPROVEMENTS.md,1393,Jul6,attention-dq,dq cross-stage ping-pong,S3072-S8192,NO-GO,+3/+13/+32 scales with S,dq accum drain already hidden; extra batches steal sibling tensor-pipe slots
experiments/fused-training-megakernel/IMPROVEMENTS.md,1404,Jul6,attention-dkv,dkv LSE/Drow stage prefetch,S8192,PROMOTED,-55..-64 3 clean pairs both orders; +1KB smem,scalar gmem loads were chain links on the per-stage ALU pass
experiments/fused-training-megakernel/IMPROVEMENTS.md,1412,Jul6,executor,Single-image 240/24 producer-df shell at short-S,nano/small,NO-GO,shell tax small +156.8/+137; nano +42.4/+45.8 0/40,residency of 4 extra warps taxes the latency-bound regime; per-shape routing law
experiments/fused-training-megakernel/IMPROVEMENTS.md,1433,Jul6,tma-smem,D64 TMA resweep at excluded shapes,S2048,PROMOTED,S2048 -24 gate widened; S1024/small/nano exclusions upheld,fence/expect_tx amortizes only at K=S>=2048; test the mechanism boundary
experiments/fused-training-megakernel/IMPROVEMENTS.md,1441,Jul6,attention-fwd,fwd stage ablation (6 variants SASS-verified),S8192,MEASUREMENT,ALU 42.6% (exp 72% of it); PV drain 28% exposed/12% real; syncs 17%,accumulator-dead wgmma gets narrowed by ptxas; verify with SASS
experiments/fused-training-megakernel/IMPROVEMENTS.md,1449,Jul6,fusion,Partials-fed RMSNORM_BWD_DX (bit16),small/S4096,NO-GO,+6/+8 and +1/+7 both orders; target bucket -29 but dX gemm +40,epilogue xn loads are cold and land on the on-chain gemm
experiments/fused-training-megakernel/IMPROVEMENTS.md,1459,Jul7,scheduling,Post-burst scheduler-knob resweep (20 arms),all,MEASUREMENT,zero flips; band optima sharp +-25% = +30..+490us,a clean pass closes the knob space until the next structural change
experiments/fused-training-megakernel/IMPROVEMENTS.md,1467,Jul7,scheduling,s3072 bwd-band T20 (resweep flip post-p-pack),s3072,FLIP-PROMOTED,-12.8/-5.4 both orders,band budgets couple to per-stage op cost
experiments/fused-training-megakernel/IMPROVEMENTS.md,1472,Jul7,scheduling,nano idle_ns 64->32 (post-tmared),nano,PROMOTED,~2-7us order-consistent 4/4 windows at 120 reps,sub-6us verdicts need 120+ reps and order consistency
experiments/fused-training-megakernel/IMPROVEMENTS.md,1477,Jul7,lm-head,small lm-head EVICT_FIRST tmastore gate widening,small,PROMOTED,-14.9/-22.3 38-39/40; forced-off +24.8/+22.2; s1024 wash,force-probe a peer mechanism's unmeasured shape cells
experiments/fused-training-megakernel/IMPROVEMENTS.md,1486,unknown,measurement,STACK-is-not-runtime,all,LAW,STACK/res-usage is a smell never certification,
experiments/fused-training-megakernel/IMPROVEMENTS.md,1487,unknown,measurement,Absorption ledger,all,LAW,8 strikes and counting,op-local savings off the critical path don't move the step
experiments/fused-training-megakernel/IMPROVEMENTS.md,1490,unknown,measurement,Innermost-frame attribution,all,LAW,ncu lineinfo must use innermost inline frame,outermost collapses everything onto the dispatch line
experiments/fused-training-megakernel/IMPROVEMENTS.md,1492,unknown,measurement,First-run-after-build artifact,all,LAW,nano +286 fluke on fresh extension variant,rerun before believing any single-process outlier
experiments/fused-training-megakernel/IMPROVEMENTS.md,1495,unknown,measurement,Cross-binary noise band,small,LAW,+-40-130us sensitivity to unrelated codegen shifts,same-binary env A/Bs or same-day controls only
experiments/fused-training-megakernel/IMPROVEMENTS.md,1498,unknown,measurement,Baseline honesty (the SDPA 3-D bug),all,WITHDRAWN,honest gaps restated nano 1.95x / small 2.52x,SDPA silently math-decomposed in every v3 measurement; profile the baseline too
experiments/fused-training-megakernel/IMPROVEMENTS.md,1508,unknown,measurement,Fresh process per config,all,LAW,in-process S=256 baseline 2121us vs honest 608,torch.compile dynamic-shape recompiles poison multi-config processes
experiments/fused-training-megakernel/IMPROVEMENTS.md,1514,unknown,measurement,Timing instrumentation footguns,all,LAW,clock64 per-SM only; fp32 globaltimer diffs read exactly 0,subtract globaltimer stamps in int64 before float conversion
experiments/fused-training-megakernel/IMPROVEMENTS.md,1520,P0,measurement,The gap model,nano,MEASUREMENT,243us on-path wait (13.6%) + 1542us on-path span; hops 2-7us,split every hop into wait vs span before choosing a lever
experiments/fused-training-megakernel/IMPROVEMENTS.md,1527,unknown,measurement,Latency-bound verdict (nsys gpu-metrics in window),all,MEASUREMENT,SM issue 19%; warps in flight 12%; DRAM <10%,killed the bandwidth-contention framing; interpreter latency-bound at 1/8 occupancy
experiments/fused-training-megakernel/IMPROVEMENTS.md,1534,unknown,measurement,Both-order + confirmation gate,all,LAW,CE exp2 reversed on promoted order; ceskip -2.6 became +19.4,a one-order win is noise until proven otherwise
experiments/fused-training-megakernel/IMPROVEMENTS.md,1542,unknown,infra-process,GPU hygiene (co-tenancy + private build dirs),all,LAW,sglang co-tenants poisoned medians twice; local GPU reads 1.6-1.8x high,a timing without environment guards is not a measurement
experiments/fused-training-megakernel/IMPROVEMENTS.md,1551,unknown,measurement,Resweep law,all,LAW,S8192 SwiGLU flip worth 11x the average recent promotion,structural changes invalidate old knob verdicts; re-run cheap env sweeps
experiments/fused-training-megakernel/IMPROVEMENTS.md,1560,unknown,measurement,Periodic full certification,all,LAW,uniform dispatch-spill tax +22..+624us invisible to paired A/Bs,paired A/Bs measure deltas not drift; bisect regressions by runtime
experiments/fused-training-megakernel/IMPROVEMENTS.md,1568,unknown,infra-process,Knob consolidation + route snapshots,all,PROMOTED,~12 scattered per-shape gates -> one table (56ab960),hash-verified route-preserving refactor across all 11 gauntlet shapes
experiments/fused-training-megakernel/IMPROVEMENTS.md,1576,Jul7,scheduling,s3072/s4096 post-SKR knob resweep (R4),s3072/s4096,MEASUREMENT,all defaults stand; chains ATTN_DQ-wait-bound 305/536us,knob nudges reshuffle slack not throughput; escalate marginals to 120 reps
experiments/fused-training-megakernel/IMPROVEMENTS.md,1588,Jul7,gemm-dx,OP_SKR_REDUCE fatter chunks (claim-tax hypothesis),s3072/s4096,NO-GO,chunk 8192/16384/32768 all +-3us 17-26/40,536us ATTN_DQ wait-slack absorbs on-path hop savings; check the wait column
experiments/fused-training-megakernel/IMPROVEMENTS.md,1599,Jul7,fusion,s2048 qkrope-n128 (post-pdf resweep flip),s2048,FLIP-PROMOTED,-13.7 119/120 / -11.1 114/120; forced-old +15.9/+16.3,pdf-d64 feed restructured the schedule; re-probe rejected route boundaries first
experiments/fused-training-megakernel/IMPROVEMENTS.md,1611,Jul7,gemm-dx,Head-dX n128 TMA reduce-add direct drain,head-dX,NO-GO,audit-blocked: non-F32 UBLKRED compiled in launchable images,cp.reduce.async.bulk source shape is part of the contract
experiments/fused-training-megakernel/IMPROVEMENTS.md,1620,Jul7,measurement,Meter honesty: per-op gap under-claim root-caused,all,PROMOTED,gemm_dw 0.6x win is really 0.6..5.2x,profile bucket is a bound not a value; quote dual-bound matrix at anchor/mode
experiments/fused-training-megakernel/IMPROVEMENTS.md,1633,Jul7,executor,CUDA-graphed cooperative step (make_graphed_step),all,PROMOTED,+8..17us/step recoverable at all 12 shapes both executors,mk arm paid Python step + pybind + coop launch per step; baselines replay graphs
experiments/fused-training-megakernel/IMPROVEMENTS.md,1643,Jul7,attention-dq,dQ bulk-red drain gate map completed,nano/s1024/s2048/s3072,PROMOTED,-2..-23us both orders; small order-mixed NO-GO; s8192 refuted +98/+100,removing off-path pressure amplifies on-path wait laws
experiments/fused-training-megakernel/IMPROVEMENTS.md,1653,Jul7,rowop,RMS dX H256 S-map completed,s2048/s3072,PROMOTED,s3072 -13us 40/40; map wins 128/512/1024/2048/3072/8192 losses 256/4096,exposure is not S-monotone; complete the S-map before generalizing
experiments/fused-training-megakernel/IMPROVEMENTS.md,1661,Jul7,gemm-dw,dW SK1 no-atomic mid/long-S,s2048-s8192,PROMOTED,-24..-39us each 40/40 or 31/32; s1024 wash,off-path sink removal frees issue slots the attention chain absorbs
experiments/fused-training-megakernel/IMPROVEMENTS.md,1669,Jul7,attention-dq,s2048 dQ float2-store,s2048,NO-GO,default-first -6..-7 102-104/120 but variant-first coin flips,order-asymmetric win is an allocator/layout artifact
experiments/fused-training-megakernel/IMPROVEMENTS.md,1676,Jul8,architecture,Native microbatches=,short-S,PROMOTED,s128 n=4 385.5 vs 492.9us; s256 n=3 1.890x family max; graphed merged 342.1us/seq,second DAG fills claim+idle troughs; grad adds must be inside the CUDA graph
experiments/fused-training-megakernel/IMPROVEMENTS.md,1689,Jul8,measurement,Post-burst certified scoreboard @ 05e9e97,all,MEASUREMENT,floor deep 1.267x; frontier s8192 1.942x; small 1.533x (-296us),batch-commit the promoted gate set then re-cert immediately
experiments/fused-training-megakernel/IMPROVEMENTS.md,1696,Jul8,itax-dag,Interpreter machinery floor measured in-model (itax),all,MEASUREMENT,nop-body floors s128 261.8..deep 717.3us = 8-36% of step; 74-79% claim+idle,floor = critical_path x ~3.4-4.0us/hop; short/deep are machinery-bound
experiments/fused-training-megakernel/IMPROVEMENTS.md,1709,Jul8,itax-dag,Release-atomic accounting publish MK_ACCT_RELEASE_ATOM,deep,NO-GO-CORRECTNESS,wlm accum grad rel 1041/5730 both orders,the accounting fence is load-bearing for data visibility not counts
experiments/fused-training-megakernel/IMPROVEMENTS.md,1720,Jul8,architecture,In-kernel AXPY grad-sum tail (microbatch interleave),deep/nano,PROMOTED,deep n=2 -82us; nano wash; deep n=3 +248 REFUTED,cold-sink capacity is a budget; re-measure tail insertions at every n
experiments/fused-training-megakernel/IMPROVEMENTS.md,1727,Jul8,scheduling,Cold-cap post-landing resweep family,small/s2048,FLIP-PROMOTED,small 48->0 -10..-15us; s2048 0->33 -5..-7; five shapes stand,resweep the cap where landings moved the contention/serialization boundary
experiments/fused-training-megakernel/IMPROVEMENTS.md,1738,Jul8,infra-process,_access_sets fused-CE lse-partials write fix,all,PROMOTED,route-identical; fixed deterministic -6.6e-3 mbi loss drift,every fused epilogue must register its buffer args in _access_sets
experiments/fused-training-megakernel/IMPROVEMENTS.md,1747,2026-07-08,executor,Default-pdf local-memory attribution + MK_PDF_SHELL_SMEM,s2048/qwen,VALIDATED-PARKED,4.83M local-LD -> 4.11M with fix; stall ceiling ~2.1%; default-off,shell claim-state rehydrates through local at the 240/24 point; broad noinline made it worse
experiments/fused-training-megakernel/IMPROVEMENTS.md,1764,Jul8,executor,pdf shell smem-state default at exact qwen4b-l1,qwen-l1,PROMOTED,-27.94/-32.29us 49/60+50/60 both orders; old loses +14.77/+23.79,ABI call boundary owns the local traffic; gate per shape (s8192 loses)
experiments/fused-training-megakernel/IMPROVEMENTS.md,1780,Jul8,fusion,S1024 fused-qkrope n128 force,s1024,NO-GO,+29.26us 0/40 and +7.52 6/40,S2048+ qkrope-n128 boundary is a regime boundary; keep closed below it
experiments/fused-training-megakernel/IMPROVEMENTS.md,1790,Jul8,fusion,S1024 SSQ-off current-stack stale check,s1024,NO-GO,default-first +6.94 10/80; variant-first -12.58 79/80,construction-order artifact; keep the default
experiments/fused-training-megakernel/IMPROVEMENTS.md,1800,Jul8,fusion,S1024 n128 residual+SSQ direct epilogue,s1024,NO-GO,default-first +3.34 25/80; variant-first -16.86 80/80,a direct epilogue winning one build order only is not a default
experiments/fused-training-megakernel/IMPROVEMENTS.md,1809,Jul8,attention-fwd,S1024 current-stack FWD w128 refresh,s1024,NO-GO,default-first +18.51 0/40; variant-first +1.22 16/40,two-ring body loses PV-overlap and pays the 120KB carveout
experiments/fused-training-megakernel/IMPROVEMENTS.md,1821,Jul8,executor,S1024 forced pdf/D64/feed composition,s1024,NO-GO,order-mixed +12.74 1/8 / -1.90 6/8; attn-pdf-feed import fails,no hidden current-stack win; extension-load contract broken
experiments/fused-training-megakernel/IMPROVEMENTS.md,1837,Jul8,attention-fwd,S1024 FWD GQA64 paired-row body,s1024,NO-GO,default-first +2.70 37/80; variant-first -14.14 80/80,SASS grew +3576 lines; construction-order sensitive
experiments/fused-training-megakernel/IMPROVEMENTS.md,1850,Jul8,attention-dkv,S1024 DKV P/dS-ring stage pipeline,s1024,NO-GO,+69.82 and +54.91us 0/2 smoke both orders,148KB carveout + fatter body erase overlap benefit; stack 96->368
experiments/fused-training-megakernel/IMPROVEMENTS.md,1864,Jul8,gemm-dx,S1024 MLP dX static-body current-stack refresh,s1024,NO-GO,default-first +5.18 6/40; variant-first -17.47 40/40,strong one-op win but step-level construction-order sensitive
experiments/fused-training-megakernel/IMPROVEMENTS.md,1877,Jul8,attention-dq,Qwen D128 rowsplit dQ descriptor precompute,qwen,NO-GO,HGMMA/ARRIVE/DEPBAR all 1080->1080 unchanged,descriptor materialization alone doesn't move ptxas' barrier cadence
experiments/fused-training-megakernel/IMPROVEMENTS.md,1888,Jul8,qwen,Qwen NT standalone frontier refresh,qwen,MEASUREMENT,probe n256 2447.7us vs integrated qwen4b-L2 NT bucket 1763.7us,target the production supertile context not the stale standalone probe
experiments/fused-training-megakernel/IMPROVEMENTS.md,1899,Jul8,qwen,Qwen NT supertile wait-distance,qwen,NO-GO,DEPBAR cadence unchanged 1080->1080; timing skipped,ptxas preserves WGMMA dependency-barrier cadence despite source-level delayed wait
experiments/fused-training-megakernel/IMPROVEMENTS.md,1915,Jul8,attention-dq,Qwen D128 rowsplit dQ C1 full-seed retry,qwen,NO-GO,x40 default-first +15.26 16/40; variant-first -0.19 22/40 flat,correct body and strong SASS but not promotion-grade timing
experiments/fused-training-megakernel/IMPROVEMENTS.md,1929,Jul8,qwen,Qwen NT supertile CE-store single-pass,qwen,NO-GO,SASS gate failed: +3184 lines +416 PRMT; no math reduction; timing skipped,ptxas grows permutation/control SASS instead of fusing duplicate conversion
experiments/fused-training-megakernel/IMPROVEMENTS.md,1946,Jul8,attention-dkv,S8192 DKV P/dS STSM staging,s8192,NO-GO,+10.21 4/16 and +14.18 0/16 despite STSM 0->40,DKV-only store issue is not a profitable path
experiments/fused-training-megakernel/IMPROVEMENTS.md,1956,Jul8,scheduling,S8192 DQ tail ready-order priority,s8192,NO-GO,DQ tail wait ~431->~3us but totals +67.52/+104.86,realized path moved to sibling ATTN_DKV waits
experiments/fused-training-megakernel/IMPROVEMENTS.md,1969,Jul8,scheduling,S8192 tail-pair ready-order priority,s8192,NO-GO,tail wait 3268->~30us but +135.6 dkv_first / +127.0 dq_first,path moved to larger DQ ntiles=240 sibling waits ~358-360us
experiments/fused-training-megakernel/IMPROVEMENTS.md,1983,Jul8,scheduling,S8192 DQ-family ready-order priority,s8192,NO-GO,DQ C3 wait 298.760->~2.8us but +105.9/+66.4; span +70.9/+129.2,single-family adjacency priority closed; need whole sibling-fanout contract
experiments/fused-training-megakernel/IMPROVEMENTS.md,1996,Jul8,scheduling,S8192 hot-ring fair-quantum executor policy,s8192,NO-GO,wait sums 4926->1032 / 2340->424 but +201.9; on-path span +1629,fair pass fragments long attention bodies onto long C3 DQ rows
experiments/fused-training-megakernel/IMPROVEMENTS.md,2011,Jul8,qwen,Qwen NT descriptor-fidelity singleton-drain probe,probe,ROUTE-AWAY,all .tnspB/K/MN descriptor variants stayed grouped {16:4},operand form alone insufficient to reproduce production singleton drain
experiments/fused-training-megakernel/IMPROVEMENTS.md,2023,Jul8,qwen,Qwen NT production-embedding reproducer preflight,probe,NOTE,production pair2k hist {1:24} vs standalone controls {16:4},singleton drain proven inside the real production supertile body
experiments/fused-training-megakernel/IMPROVEMENTS.md,2039,Jul8,qwen,Qwen NT body-embedding standalone SASS probe,probe,SASS-PROOF,all bodyembed variants {1:64}; descriptor control still {16:4},translation-unit code shape alone triggers singleton drain
experiments/fused-training-megakernel/IMPROVEMENTS.md,2053,Jul8,qwen,Qwen NT code-shape collapse ablation preflight,probe,NOTE,grouped descriptor {16:4} vs bodyembed direct {1:64},start ablation from the grouped source; one difference per variant
experiments/fused-training-megakernel/IMPROVEMENTS.md,2062,Jul8,qwen,Qwen NT manual code-shape ablation,probe,INVALID,manual copy singleton-drained in all baseline repair attempts,not source-identical enough for causal conclusions
experiments/fused-training-megakernel/IMPROVEMENTS.md,2072,Jul8,qwen,Qwen NT exact-source mutation probe,probe,ROUTE-AWAY,helper-removal and tid/store mutations all still grouped {16:4},the trigger is in larger bodyembed context; keep exact imported baseline
experiments/fused-training-megakernel/IMPROVEMENTS.md,2086,Jul8,qwen,Qwen NT exact-source body-context probe,probe,SASS-PROOF,call_inline_wrapper flips {16:4}->{1:64} gsb0=128; fresh-cache reproduced,selected forceinline wrapper call around pair2k issue is the collapse trigger
experiments/fused-training-megakernel/IMPROVEMENTS.md,2099,Jul8,qwen,Qwen NT direct in-body production issue,qwen,NO-GO,focused SASS byte-identical; hist {1:16} max=1 unchanged,ordinary production C++ spellings closed as a cadence fix
experiments/fused-training-megakernel/IMPROVEMENTS.md,2113,Jul8,attention,Small attention inline D64 WGMMA bodies,small,NO-GO,HGMMA=196 DEPBAR=196 {1:196} unchanged; stack 32->128; no timing,function-attribute inlining alone is not a cadence fix; frame cliff
experiments/fused-training-megakernel/IMPROVEMENTS.md,2128,Jul9,precision,s2048 precision sibling 2^3 lattice (rs/qp/kp),s2048,PROMOTED,triple -36.6/-23.5us 40/40 both orders; rs*kp -6.3 qp*kp -3.6 super-additive,screen compositions wherever a sibling set shares a data path
experiments/fused-training-megakernel/IMPROVEMENTS.md,2139,Jul9,precision,Partial-gate precision completion resweep,s1024/s3072/s4096,FLIP-PROMOTED,s3072 +rs+kp -36.0/-34.8; s4096 +qp+kp -56.3/-54.4 40/40; two verdict-rot flips; s1024 closed,resweep refuted knobs as compositions after structural landings
experiments/fused-training-megakernel/IMPROVEMENTS.md,2150,Jul9,precision,kp (DKV FP32-P) completion at rs+qp shapes,s8192/deep,PROMOTED,s8192 -103.3/-109.4; deep -19.7/-23.6 40/40 both; s128/s256 flat,kp value tracks total DKV wait mass; gate by the bucket not the shape family
experiments/fused-training-megakernel/IMPROVEMENTS.md,2162,Jul9,precision,Mid-S prebias completion + s8192 bulk-red recheck,s3072/s2048/s8192,PROMOTED,prebias s3072 -13.4 (40/40+39/40); bulk-red refutation reconfirmed +94/+86 0/40,composition recheck upgrades a mechanism NO-GO to conservation-grade
experiments/fused-training-megakernel/IMPROVEMENTS.md,2174,Jul9,precision,Composed precision-default validation (6c9ecab),s2048-s8192/deep,PROMOTED,forced-old loses everywhere (s8192 +98.6/+98.6); composed ~-219us vs -262 naive sum,never sum per-knob deltas into a promotion claim; one forced-old validation per shape
experiments/fused-training-megakernel/IMPROVEMENTS.md,2186,Jul9,precision,Second-ring completion: DQ float2 holes + prebias@small,deep/s1024/s2048/s4096/small,NO-GO,four float2 holes genuine no-go; prebias@small flip -11.6/-4.8 later reverted as null-band FP,composition-rot is data-path-local; resweep shared-path knobs first
experiments/fused-training-megakernel/IMPROVEMENTS.md,2196,Jul9,attention-fwd,Fwd-knob mid-S completion (expfold/mask_split/dediverge),s3072,PROMOTED,mask_split -16.6/-12.2 40/40 both; expfold FULL OVERLAP so land mask_split alone,the composed cell decides between overlapping siblings
experiments/fused-training-megakernel/IMPROVEMENTS.md,2206,Jul9,precision,Payload v2.1 final validation,s3072/small,PROMOTED,s3072 forced-old +46.0/+52.4 0/40 (total ~-49us); prebias@small reverted null,forced-old validation is the FP filter; weak-order bar = ~9us null band
experiments/fused-training-megakernel/IMPROVEMENTS.md,2219,Jul9,measurement,Post-payload residual re-profile (5 shapes),s2048-s8192/deep,MEASUREMENT,s4096 DKV wait 465->218 now balanced 330/326; s8192 DQ 1751->1629 remains #1; s2048 flat,re-profile before picking the next lane not after it fails
experiments/fused-training-megakernel/IMPROVEMENTS.md,2228,Jul9,attention-fwd,expfold@s4096 x80 escalation,s4096,NO-GO,x40 -7.8/-2.8 evaporated at x80: +3.4 (21/80) / -0.9 (39/80),escalate reps inside the noise band before promoting or deferring
experiments/fused-training-megakernel/NOTES.md,35,v0,measurement,full-model gradient parity + SGD sanity,nano+small,MEASUREMENT,loss <2e-3 rel; every grad within 2.2% max-rel; 40-step SGD 9.05->5.6,it learns
experiments/fused-training-megakernel/NOTES.md,45,v0,measurement,v0 scoreboard vs eager/compile/CUDAGraph,nano+small,MEASUREMENT,nano 2.53ms vs graph 0.83; small 12.0ms vs 2.99,median of 50
experiments/fused-training-megakernel/NOTES.md,50,v0,tma-smem,fp32 wmma smem strides must be multiples of 4,all,PROMOTED,silent corruption otherwise,correctness fix
experiments/fused-training-megakernel/NOTES.md,51,v0,gemm-fwd,vectorized coalesced tile loads for all four GEMM layouts,all,PROMOTED,+2x,
experiments/fused-training-megakernel/NOTES.md,52,v0,executor,instruction lookup scans offsets only,all,PROMOTED,104B struct copy per scan step dominated many-instruction waves,
experiments/fused-training-megakernel/NOTES.md,54,v0,rowop,warp-parallel qk-norm with smem-staged grad atomics,all,PROMOTED,global-atomic contention on tiny [D] grad buffers was 8% of step,
experiments/fused-training-megakernel/NOTES.md,56,v0,gemm-dw,split-K dW GEMMs,all,PROMOTED,16-tile matrices on 264 blocks were 6% occupancy,
experiments/fused-training-megakernel/NOTES.md,57,v0,gemm-fwd,register-prefetch pipelining in GEMM K-loop,all,PROMOTED,single-buffered loads latency-bound ~33us/wave,
experiments/fused-training-megakernel/NOTES.md,62,v1,executor,dataflow (df) executor replaces wave barriers,nano+small,PROMOTED,nano 2.53->1.93-1.99ms; small 12.0->9.8ms,naive ring scanning slower than waves; sticky-instr fast path + consumed head
experiments/fused-training-megakernel/NOTES.md,70,v1,attention-dkv,attention bwd split over GQA members + kv-chunks with fp32 atomic workspaces,nano+small,PROMOTED,dKV worst-instr 190us->47us,plus convert op
experiments/fused-training-megakernel/NOTES.md,71,v1,attention,warp-parallel softmax rows in attention fwd/bwd-recompute,all,PROMOTED,,
experiments/fused-training-megakernel/NOTES.md,72,v1,lm-head,split-K-to-fp32-scratch for K=8192 dlogits@Wlm gemm,small,PROMOTED,145us->~40us,
experiments/fused-training-megakernel/NOTES.md,74,v1,attention,per-layer fp32 attention workspaces,all,PROMOTED,shared workspace had chained layers through its zero-fill,
experiments/fused-training-megakernel/NOTES.md,74,v1,ce,single-pass online CE,all,PROMOTED,,
experiments/fused-training-megakernel/NOTES.md,74,v1,rowop,16K vectorized fill/convert chunks,all,PROMOTED,,
experiments/fused-training-megakernel/NOTES.md,75,v1,gemm-fwd,cp.async BK=64 gemm rewrite with col_major fragments,nano+small,NO-GO,in-model ~10% loss vs 1-deep register-prefetch BK=32,suspect LDSM on col_major ld=72; real answer is Hopper wgmma/TMA
experiments/fused-training-megakernel/NOTES.md,80,v1,measurement,v1 scoreboard,nano+small,MEASUREMENT,nano 1.93-1.99ms small 9.8ms vs graph 0.83/3.0,
experiments/fused-training-megakernel/NOTES.md,85,v1,measurement,launch-bound crossover sweep,S128+S256+deep,MEASUREMENT,S256 1.49 vs 0.72ms; S128 1.20 vs 0.62; deep-L12 4.07 vs 2.08,no crossover; chain floor ~13us/op at S128
experiments/fused-training-megakernel/NOTES.md,92,v2,gemm-fwd,from-scratch wgmma m64n128k16 probe,standalone,SCAFFOLD,~39ns per m64n128k16 = ~94% per-SM tensor peak,GmmaDescriptors over no-swizzle K-major INTER; sm_90a
experiments/fused-training-megakernel/NOTES.md,97,v2,gemm-fwd,data-dependent ScaleOut ternary serializes every wgmma,standalone,LAW,~2.5us each = 60x slow; branch-free ScaleOut::One over zeroed regs fixes,
experiments/fused-training-megakernel/NOTES.md,101,v2,gemm-fwd,NT gemms routed through 128x128 two-warpgroup wgmma tile,nano+small,PROMOTED,gains ~nil nano / ~4% small; kernel to 255 regs -> 1 block/SM,per-instr fixed costs ~20us vs ~140ns of mma
experiments/fused-training-megakernel/NOTES.md,107,v2,scheduling,direct successor handoff in scheduler,nano+small,NO-GO,+14% step time,mechanism unclear
experiments/fused-training-megakernel/NOTES.md,110,v2,measurement,v2 round-1 scoreboard,nano+small,MEASUREMENT,nano 2.00ms small 9.5ms vs graph 0.82/3.0,
experiments/fused-training-megakernel/NOTES.md,116,v2,architecture,CODA epilogue-fusion blueprint survey,none,NOTE,gemm_swiglu paired column halves; ColVecStore LSE/rstd; swiglu-bwd standalone even in CODA,CuTeDSL host dispatch ~50-100us caveat
experiments/fused-training-megakernel/NOTES.md,134,v2,architecture,hand-written SASS to unlock cuBLAS reuse,none,CLOSED-BY-ANALYSIS,disassembled kernels are frozen whole-kernel images,SASS remains a read/audit tool
experiments/fused-training-megakernel/NOTES.md,141,v2,gemm-fwd,m64n64 wgmma retile + smem-staged vectorized epilogue,nano+small,PROMOTED,nano 1.93->1.85ms; small ~9.3ms,32 accumulators; two warpgroups share B loads
experiments/fused-training-megakernel/NOTES.md,144,v2,executor,__launch_bounds__(256;2) occupancy trade,nano+small,NO-GO,nano +16% (spills 360B stack); small -7%,kept unbounded; real resolution is setmaxnreg warp spec
experiments/fused-training-megakernel/NOTES.md,148,v2,fusion,per-head qk-RMSNorm+RoPE fused into qkv gemm epilogue (bit8),nano+small,PROMOTED,kills 1 chain instr/layer,D=64 only; WG_BN==64==head_dim makes norm tile-local
experiments/fused-training-megakernel/NOTES.md,155,v2,measurement,v2 round-2 scoreboard,nano+small,MEASUREMENT,nano 1.85 vs 0.84 (2.2x); small 9.3 vs 3.0 (3.1x),
experiments/fused-training-megakernel/NOTES.md,162,v2,gemm-dx,MN-major wgmma descriptor validated (all four majors + split-K),standalone,SCAFFOLD,SBO=128B mn-group stride; LBO=k-group stride,parity-tested; first guess faulted out-of-range shared address
experiments/fused-training-megakernel/NOTES.md,170,v2,gemm-dx,route backward NN/TN gemms through wgmma,nano+small,NO-GO,nano 1.85->2.05ms; small 9.3->10.3ms,fixed costs dominate at these tile counts; reverted to NT-only; closes roadmap arithmetic
experiments/fused-training-megakernel/NOTES.md,181,v2,measurement,v2 round-3 scoreboard,nano+small,MEASUREMENT,nano 1.85 / small 9.28 vs 0.83/3.0,
experiments/fused-training-megakernel/NOTES.md,185,v2,attention-fwd,split-KV attention forward + flash-decoding combine (C=4),nano+small,VALIDATED-PARKED,nano neutral ~1.85ms; small +5%,combine chain hop + partial-tensor traffic outweigh latency saving; attn_C=1; ops retained
experiments/fused-training-megakernel/NOTES.md,208,P0,measurement,gap model correction: wait vs span decomposition,nano+small,LAW,nano 1.79ms = 243us wait (13.6%) + 1542us span (86.4%); small 16.1/83.9; hops 3.1-9us,gap is intrinsic op latency not per-instr cost x chain depth
experiments/fused-training-megakernel/NOTES.md,215,P0,attention,attention is the #1 lever at both configs,nano+small,MEASUREMENT,mk ~650us vs flash 169us nano; ~5.9ms vs ~935us small,
experiments/fused-training-megakernel/NOTES.md,217,P0,measurement,baseline per-kernel decomposition + advantage pool,nano+small,MEASUREMENT,nano 263 kernels 737/133us gap 15.3%; pool ~480-530us >= 291 stop-rule,win arithmetically OPEN
experiments/fused-training-megakernel/NOTES.md,220,P0,measurement,hardened baseline (foreach zeroing + max-autotune + manual capture),nano+small,PROMOTED,nano 828->711us; small 2987->2730us,warmup must run on side stream or AccumulateGrad breaks capture
experiments/fused-training-megakernel/NOTES.md,223,P0,rowop,5 on-path CVT hops found deletable,nano+small,NOTE,112us nano / 346us small,consumers can read fp32 workspaces (dy_f32)
experiments/fused-training-megakernel/NOTES.md,234,P1,rowop,CVT deletion (dy_f32 qknorm-bwd + head rmsnorm-bwd),nano+small,PROMOTED,1888->1833 nano; 9391->9275 small,
experiments/fused-training-megakernel/NOTES.md,235,P1,fusion,Drow fused into dOatt gemm epilogue (bit10),nano+small,PROMOTED,1841/9230,per-layer drow buffers
experiments/fused-training-megakernel/NOTES.md,236,P1,fusion,swiglu paired-column tiles (bit9),nano+small,NO-GO,+88/+297,halved gu tiles doubled per-tile serial span
experiments/fused-training-megakernel/NOTES.md,237,P1,fusion,CE/lse partials in lm_head epilogue (bit11),nano+small,PROMOTED,noise-level A/B; cheapens CE hop ~5x for free,kept on
experiments/fused-training-megakernel/NOTES.md,248,P1,fusion,rstd-producer fusion (bit12),none,CLOSED-BY-ANALYSIS,predicted negative by bit9+bit11 data points,not attempted
experiments/fused-training-megakernel/NOTES.md,252,P1,infra-process,check cuobjdump -res-usage on every device-code change,all,LAW,bit9 spilled 320B in wgmma hot path -> silent ~8% uniform slowdown,invisible in tests
experiments/fused-training-megakernel/NOTES.md,255,P1,measurement,discovery: interpreter REG:255 -> 1 block/SM (132 blocks) at committed tip,all,MEASUREMENT,claim_sz 264 heuristic stale; round-3/4 numbers were at 132 blocks,probably since round-3 four-major dispatch
experiments/fused-training-megakernel/NOTES.md,266,P2,executor,warp-spec producer/consumer prototype (ws_probe),standalone,PROMOTED,2.77-2.80us/hop NT vs flat 5.69 / WMMA 10.38; alternating-major 3.69,<=4us gate PASSED; P4 port GO (~215us over 76 hops)
experiments/fused-training-megakernel/NOTES.md,275,P2,executor,winning ws probe config (producer prefetch + producer-side completion + 2x24KB pages + no setmaxnreg),standalone,PROMOTED,producer-side completion worth 13%,plain __pipeline_wait_prior handoff
experiments/fused-training-megakernel/NOTES.md,282,P2,executor,setmaxnreg in ws probe,standalone,NO-GO,dec-to-40/56 spills producer (REG 168 / STACK 80-144),compile recipe: explicit gencode sm_90a + __maxnreg__
experiments/fused-training-megakernel/NOTES.md,292,P2,infra-process,globaltimer stamps: subtract in int64 before float conversion,all,LAW,fp32 granularity ~16ms at 1e14ns; diffs read exactly 0,
experiments/fused-training-megakernel/NOTES.md,303,P3,executor,region-watermark tile deps executor (df2),nano+small,PARKED,df2 = df +300-400us (nano 1853 vs 2158; small 9028 vs 9440),op spans intrinsic-latency-bound; no queueing component to eat; mode=df2 retained
experiments/fused-training-megakernel/NOTES.md,310,P3,executor,unbounded claims through a CAS loop,all,LAW,first cut 2.5x slower; fetch-add fast path recovered half,degrades quadratically with all blocks on one instr
experiments/fused-training-megakernel/NOTES.md,314,P3,executor,event-driven wakeup for parked gated instrs,all,SCAFFOLD,exhausted gated instrs killed out of ring (slot->-3) + re-pushed on watermark raise,Dekker re-check + __threadfence for lost-wakeup race
experiments/fused-training-megakernel/NOTES.md,319,P3,executor,volatile reads on region-counter prefix scan,all,LAW,stale L1 would strand the frontier,final unbounded publish removes deadlock risk
experiments/fused-training-megakernel/NOTES.md,333,P3,attention,qt-outer attention tile order,small,PROMOTED,small df 9268->9028 (-240us),short causal tiles first; kept unconditionally
experiments/fused-training-megakernel/NOTES.md,337,P3,scheduling,claim quantum 264 vs 132,nano+small,PROMOTED,264 beats 132 at small; nano mildly prefers 132,left at 264; per-config knob for P6
experiments/fused-training-megakernel/NOTES.md,339,P3,measurement,post-P3 scoreboard,nano+small,MEASUREMENT,nano 1853 / small 9028 (df) vs hardened 711/2730,
experiments/fused-training-megakernel/NOTES.md,344,P4a,executor,ws scheduler-offload executor (megakernel_ws),nano+small,VALIDATED-PARKED,nano 1938 / small 9198 vs df 1907/8994; register tax alone +97/+385; protocol wins -64/-190 at equal budget,gate not met; protocol right hardware charges; df default
experiments/fused-training-megakernel/NOTES.md,355,P4a,architecture,H100 allocates registers at 4-warp granularity (>256 threads charged 12 warps),all,LAW,288 threads same 168-reg ceiling as 384; first 288-thread build spilled STACK 544 -14%,warp-spec requires setmaxnreg 224/56 + explicit gencode
experiments/fused-training-megakernel/NOTES.md,364,P4a,executor,128B state padding (probe finding transfer test),nano+small,REFUTED,+10..30us in full executor,scans touch 32x more L2 lines
experiments/fused-training-megakernel/NOTES.md,375,P5,attention,FA-class wgmma attention ops (ATTN_FWD/DKV/DQ_WG),nano+small,PROMOTED,standalone fwd 3.34x/5.63x dkv 2.1x/3.3x dq 2.2x/4.9x; nano 1853->1775; small 9028->7118 df / 7024 ws,routed D==64 S%128==0; attention no longer #1 lever
experiments/fused-training-megakernel/NOTES.md,396,P5,tma-smem,single no-swizzle 64x64 smem layout readable under both wgmma majors,all,LAW,every bwd transpose = descriptor change; zero data movement,generic smem stores feeding wgmma need fence.proxy.async.shared::cta
experiments/fused-training-megakernel/NOTES.md,403,P5,executor,dispatch-switch spill tax from integrating new ops,nano+small,MEASUREMENT,df STACK 272->528; ~6% uniform tax on old path,P6 candidate; register diet on bwd ops recovered part
experiments/fused-training-megakernel/NOTES.md,414,P6,measurement,P6.0 re-profile overturns P5 lever list,nano+small,MEASUREMENT,RMSNORM_BWD 132/842us now #1; NN bwd-dX gemms #2 ~426/1515us at 10TF,
experiments/fused-training-megakernel/NOTES.md,420,P6,rowop,batched row ops (MK_ROW_R=8; warp-shuffle reductions; smem-staged dw),nano+small,PROMOTED,nano -117us; small -722us; RMSNORM_FWD 3.3x SWIGLU_BWD 2.1x RMSNORM_BWD 1.35x spans,biggest single round since P5; one atomic per element per 8 rows
experiments/fused-training-megakernel/NOTES.md,428,P6,scheduling,hot/cold criticality ready rings in df,nano+small,PROMOTED,EMBED_FWD wait 91->0; RMSNORM_BWD worst-hop wait 140->4.4us; step -7/-38us,waits became contended spans; flipped experiment 3
experiments/fused-training-megakernel/NOTES.md,434,P6,gemm-dx,split-K fp32 dX routing tile-gated (<32 MN tiles),nano+small,PROMOTED,under old single ring +127/+467; on hot/cold rings nano -27us small ~0,order-of-experiments mattered
experiments/fused-training-megakernel/NOTES.md,441,P6,scheduling,cold_cap (MK_COLD_CAP bound blocks on cold work),nano+small,NO-GO,+/-20us wash both configs,BW contention trades ~1:1 against tail serialization
experiments/fused-training-megakernel/NOTES.md,443,P6,gemm-dx,wgmma NN routing re-run (MK_WGMMA_NN=1),nano+small,NO-GO,+58/+69,round-3 verdict survives new fixed-cost regime
experiments/fused-training-megakernel/NOTES.md,445,P6,attention,DQ/DKV co-scheduling overhead diagnosis,small,CLOSED-BY-ANALYSIS,76 vs 31us standalone is benign; concurrent max ~= sequential sum,stop chasing it
experiments/fused-training-megakernel/NOTES.md,448,P6,executor,ws mode vs df after P6 wins,nano+small,MEASUREMENT,ws 1686/6616 vs df 1627/6356,P6 wins are df-only; hot/cold ws port deferred
experiments/fused-training-megakernel/NOTES.md,451,P6,measurement,P6 round-1 scoreboard,nano+small,MEASUREMENT,nano 1622 / small 6356 (df) vs hardened 712/2735,
experiments/fused-training-megakernel/NOTES.md,455,P6,executor,dispatch spill tax fix: stage claimed Instr into static smem,nano+small,PROMOTED,df STACK 624->336; nano -125us small -484us (~8% both),highest value-per-line change of phase; ws consumers must keep register copy (hangs otherwise)
experiments/fused-training-megakernel/NOTES.md,464,P6,scheduling,claim quantum default 264->132,nano+small,PROMOTED,-27/-237us,old optimum was artifact of expensive claims; MK_CLAIM knob
experiments/fused-training-megakernel/NOTES.md,467,P6,executor,ws lookahead=2 pre-claim race mitigation (default la=1),nano+small,PROMOTED,ws la=1 1633/6291 still behind df,race predates P6; rowop cadence widened window; root-cause deferred
experiments/fused-training-megakernel/NOTES.md,475,P6,measurement,flag-planting scoreboard + fresh-process-per-config rule,6 configs,MEASUREMENT,nano 1468/711 2.06x; small 5626/2730 2.06x; deep 3638/1985 1.83x; S128 2.28x S256 2.03x S1024 2.02x,in-process multi-S bench poisons torch.compile (S256 2121 vs honest 608)
experiments/fused-training-megakernel/NOTES.md,500,P6,rowop,RMSNorm bwd row-gradient reduction (private [row;H] smem partials),nano+small,PROMOTED,nano span ~199->159us; small ~674-682->224us,critical path moved to head/attention/GEMM
experiments/fused-training-megakernel/NOTES.md,516,P6,measurement,post-rmsrow headline benchmark,nano+small,MEASUREMENT,nano 1421/709 2.00x; small 5612/2740 2.05x,
experiments/fused-training-megakernel/NOTES.md,521,P6,attention,attention backward chunk retune (MK_ATTN_DKV_C/DQ_C),S512 family,PROMOTED,dKV Ckv=3 only for S=512; hurts S256/S1024,dQ keeps C=4 S512 / C=2 S1024; env overrides added
experiments/fused-training-megakernel/NOTES.md,527,P6,lm-head,head dX split-K target retune (MK_HEAD_DX_TARGET_TILES),small,SUPERSEDED,sweep 256..2048 no robust default; 384 slightly best one run,superseded by P4b current-base 256 retune
experiments/fused-training-megakernel/NOTES.md,542,P4b,gemm-fwd,deeper wgmma mainloops 3/4-stage + one-in-flight (pipe_probe),small NT,NO-GO,gu ~50us/64TF flat; lm_head ~225->223us; down slower/noise,gate >=1.5x not met; NN probe path had correctness bug (rel 0.095) so NT-only result
experiments/fused-training-megakernel/NOTES.md,555,P4b,gemm-dx,MK_WGMMA_NN=1 recheck,nano+small,NO-GO,nano lost slightly; small neutral,cost reappears as wait/other-op span
experiments/fused-training-megakernel/NOTES.md,563,P6,attention,attention chunk defaults retune after P4b miss,nano+deep+small,PROMOTED,DQ Cq=2 (-60-100us nano/deep); DKV Ckv=1 when nq*(S/128)>=64,bench nano 1406/708 1.99x small 5510/2731 2.02x; wait 618->425us small
experiments/fused-training-megakernel/NOTES.md,592,P4b,tma-smem,SW128/B128 swizzle for wgmma operand slabs,all,PROMOTED,old INTER cp.async stores were 8-way bank-conflicted; limiter was stage fill,attention keeps INTER (descriptor-swap needs no-swizzle symmetry); 1024B-aligned stage bases
experiments/fused-training-megakernel/NOTES.md,602,P4b,gemm-dx,gated NN wgmma routing (gemm_tiles >= MK_WGMMA_NN_MIN=64),nano+small,FLIP-PROMOTED,small GEMMNN 1024x512x3072 516->254us; 1024x1536x512 427->216us; head dX 190->146us; bench 1260/710 1.77x 4465/2731 1.64x,SW128 flips old NN verdict; nano 16-48 tile dX stays WMMA
experiments/fused-training-megakernel/NOTES.md,605,P4b,gemm-dw,TN/dW wgmma routing under SW128,nano+small,NO-GO,dW sinks faster locally but steal bandwidth from on-path chain,MK_WGMMA_TN=1 re-run knob only
experiments/fused-training-megakernel/NOTES.md,609,P4b,attention-dq,post-SW128 ATTN_DQ_WG default Cq=1,nano+small,PROMOTED,Cq=2 over-splits once NN dX no longer main small bottleneck,
experiments/fused-training-megakernel/NOTES.md,638,P4b,gemm-dx,widen dx_split_k to 64-tile dX GEMMs,nano+small,NO-GO,within noise small; forced 64 hurt nano,keep <32 split-K gate
experiments/fused-training-megakernel/NOTES.md,648,P4b,measurement,nsys gpu-metrics sampled inside megakernel window,small,LAW,SM issue 19%; warps in flight 12%; unallocated warp slots 87%; DRAM r+w <10%,latency-bound at 1/8 occupancy; bandwidth-contention framing dead
experiments/fused-training-megakernel/NOTES.md,656,P4b,fusion,Drow (bit10) on the wgmma epilogue,small,PROMOTED,-43us small,warp-per-row reduction; falls under NN >=64-tile gate
experiments/fused-training-megakernel/NOTES.md,659,P4b,rowop,rowop MLP split (2 rows/warp interleaved streams; swiglu __expf),nano+small,PROMOTED,nano -12 small -30; RMSNORM_BWD span 565->467 small; qknorm R16 rejected +142,dw partials fold both rows into one smem slot
experiments/fused-training-megakernel/NOTES.md,665,P4b,ce,op_ce_bwd uint4 IO,small,PROMOTED,CE_BWD 79->46us,V=16384 pass was 2-byte scalar; libm expf kept (peer measured __expf revert)
experiments/fused-training-megakernel/NOTES.md,668,P4b,scheduling,df completion-hint stickiness,nano+small,PROMOTED,~-20us both,chain's next hop starts on warm block; ported from ws hint path
experiments/fused-training-megakernel/NOTES.md,672,P4b,executor,ws hot/cold rings + consumer-owned Instr snapshot,nano,PROMOTED,ws STACK 544->304; nano ws 1633->1399,ws still trails df; non-default
experiments/fused-training-megakernel/NOTES.md,676,P4b,executor,MK_OCC2 (__launch_bounds__(256;2) -> 2 blocks/SM at 128 regs),nano+small,NO-GO,REG:128 STACK:944; nano +32% small +40%,occupancy-via-spill loses; more blocks not the path
experiments/fused-training-megakernel/NOTES.md,680,P4b,architecture,register-lifetime law: register reuse loses to re-reads in 8-warp regime,nano+small,LAW,rmsnorm_bwd single-pass +240us small; qknorm register-dw +58us; both reverted,prefer re-reads + more independent load streams
experiments/fused-training-megakernel/NOTES.md,686,P4b,rowop,rowop claim floor (MK_ROWOP_CLAIM 2/4),small,NO-GO,+275/+838,tail balance beats claim amortization (stream-K physics)
experiments/fused-training-megakernel/NOTES.md,688,P4b,attention,attention loader lane remap (conflict-free stores under INTER),nano+small,NEUTRAL,neutral; kept,strictly fewer smem port cycles; fills hide under mma+softmax
experiments/fused-training-megakernel/NOTES.md,691,P4b,gemm-dw,TN dW wgmma routing re-run under SW128,nano+small,NO-GO,+226/+570,dW gemms are sinks; 2x more BW-hungry sinks steal from chain
experiments/fused-training-megakernel/NOTES.md,693,P4b,attention,attention chunk re-sweeps in-model,nano+small,VALIDATED-PARKED,DKV C=1 / DQ C=2 confirmed optimal in-model; standalone prefers C=2/C=4,in-model optimum is a scheduling optimum not an op optimum
experiments/fused-training-megakernel/NOTES.md,697,P4b,attention,WG attention ops FA-class standalone verdict,small,MEASUREMENT,fwd 35us dKV 45 dQ 30 ~= baseline flash parity; +30-50% in-model tax is global latency environment,attention-internal work not the next lever
experiments/fused-training-megakernel/NOTES.md,702,P4b,infra-process,ws la=1 stall report,small,WITHDRAWN,GPU co-tenancy (sglang server) faked stall signature; clean ws small 4890,retracted with clean-GPU evidence
experiments/fused-training-megakernel/NOTES.md,705,P4b,executor,ws la=2 flip fast-path race fix (ds-acct<2 guard),small,PROMOTED,la=2 stress 200 steps clean (was hang ~1 in 40-120); la=2 still slower (5494 vs 4826),correctness fix; la=1 stays default
experiments/fused-training-megakernel/NOTES.md,715,P4b,infra-process,multi-agent operational lessons,all,LAW,per-session TORCH_EXTENSIONS_DIR; nvidia-smi util guards before/after every timed run; claim board + small commits,inference server invalidated 30 min of numbers
experiments/fused-training-megakernel/NOTES.md,723,P4b,measurement,round-2 scoreboard (hardened baseline),6 configs,MEASUREMENT,nano 1250/711 1.76x; small 4426/2732 1.62x; deep 1.58x; S128 1.72x S256 1.75x S1024 1.71x,
experiments/fused-training-megakernel/NOTES.md,736,P4b,measurement,baseline bug: 3-D SDPA silently math-decomposed at every S,all,PROMOTED,fixed 4-D + enable_gqa; baselines become nano 633 small 1905 S4096 1560 S8192 3120,every v3 hardened number was soft; bench.py fixed at source
experiments/fused-training-megakernel/NOTES.md,754,P4b,measurement,honest gauntlet vs fixed flash baseline,6 configs,MEASUREMENT,nano 1244/631 1.97x; small 4413/1750 2.52x; deep 2.01x; S128 1.86x S256 1.92x S1024 2.11x,win gates restated nano<=0.63ms small<=1.9ms
experiments/fused-training-megakernel/NOTES.md,767,P4b,measurement,long-S crossover claim,S3072-S8192,WITHDRAWN,artifact of quadratic math-attention baseline,vs real flash mk falls further behind as S grows
experiments/fused-training-megakernel/NOTES.md,781,P4b,measurement,crossover S-sweep vs soft baseline,S128-S8192,SUPERSEDED,S3072 1.02x S4096 1.19x S8192 1.68x faster vs soft baseline,retracted by baseline correction; parity verified at S4096/S8192
experiments/fused-training-megakernel/NOTES.md,801,P4b,ce,chunked-CE hardened baseline objection test,S4096+S8192,REFUTED,chunked-CE baseline 5238us S4096 / 17620 S8192 within noise of plain,CE was not the baseline's problem; objection refuted
experiments/fused-training-megakernel/NOTES.md,816,P4b,executor,ws consumer-owned smem Instr snapshot A/B (MK_WS_REGCOPY),small,PROMOTED,-717us vs old register copy; residual ws-vs-df gap = uniform 8-20% per-op 224-reg ceiling tax,P4a register-tax verdict re-confirmed per-op
experiments/fused-training-megakernel/NOTES.md,820,P4b,executor,MPK-topology probe (dedicated scheduler block + gmem mailboxes),standalone,NO-GO,5.09us/hop vs df ~3.0; scheduler-issued prefetch.L2 worse (9.86),two cross-SM signals lose to self-claiming; register-tax escape closed at chain-hop granularity
experiments/fused-training-megakernel/NOTES.md,828,P4b,infra-process,compute-sanitizer df racecheck + synccheck,all,MEASUREMENT,clean,ws reports are by-design lock-free acquire/release handoff
experiments/fused-training-megakernel/NOTES.md,831,P4b,scheduling,MK_CLAIM re-sweep post-SW128,nano+small,NEUTRAL,132 still optimal (66: +366 small; 264: +162),
experiments/fused-training-megakernel/NOTES.md,840,2026-07-04,lm-head,head dX split-K target 512->256,nano+small,PROMOTED,nano 1246.6->1225.3; small 4392.9->4362.5; held after cebwd + hint commits,env knob stays
experiments/fused-training-megakernel/NOTES.md,852,2026-07-04,lm-head,head dX target 256->192 post-DQ retune,small+S4096,PROMOTED,small 4315.7/4313.9 vs 4332.8/4333.2; S4096 4297.5 vs 4315.2; nano neutral,decisive local GPU repeat; env knob stays
experiments/fused-training-megakernel/NOTES.md,862,2026-07-04,attention,post-headtarget attention chunk recheck,nano+small,NEUTRAL,small best at Ckv=1/Cq=1 (4350 vs >=4378); nano Ckv=3 A/B unstable,no default change promoted
experiments/fused-training-megakernel/NOTES.md,873,2026-07-04,attention,long-S attention chunk recheck after flash-baseline fix,S4096+S8192,NEUTRAL,S4096 default won 3 repeats (4373/4325/4345 vs 4417+); S8192 keeps 1/1 (10408 vs 10509/10726),alternating A/B refuted sweep hint
experiments/fused-training-megakernel/NOTES.md,881,2026-07-04,attention-dq,DQ C=1 direct-store epilogue (drop atomicAdd),nano+small+S4096,PROMOTED,S4096 4325.7->4315.4 and 4318.1->4308.5; small 4351.5->4328.0,earlier outer A/B contaminated by sglang and ignored
experiments/fused-training-megakernel/NOTES.md,894,2026-07-04,attention-dq,DQ C=1 register-direct epilogue (skip smem stage/drain),small+S4096,PROMOTED,reverse S4096 4248.1 vs 4314.5; warm-alt 4251.9/4261.1 vs 4293.0/4292.6,real long-S win; smaller short-S gain
experiments/fused-training-megakernel/NOTES.md,909,2026-07-04,attention-dkv,DKV first-pair wgmma x2 batching (MK_ATTN_DKV_X2_SD),nano+small,NO-GO,nano 1145.0->1169.1; small 4325.4->4510.8; DKV span flat,another register-lifetime-law instance; do not merge
experiments/fused-training-megakernel/NOTES.md,918,2026-07-04,attention-dkv,DKV G2 GQA-pair fusion (MK_ATTN_DKV_G2_FUSE),small+S2048+S4096,NO-GO,+221us small +323 S2048 +455 S4096; control 80/80 wins,lost G-parallelism dominates removed K/V reloads and atomic drains
experiments/fused-training-megakernel/NOTES.md,929,2026-07-04,rowop,RMSNorm-bwd four-row fold (MK_RMS_BWD_R4),nano+small,NO-GO,span nano 146.3->126.3 small 466.3->443.9 but step 1244.2->1241.2 / 4344.0->4370.6,local span win did not promote; keep two-row
experiments/fused-training-megakernel/NOTES.md,938,2026-07-04,rowop,RMSNorm bwd dx/dw split ops (default-on),nano+small+S4096,PROMOTED,nano 1266.8->1260.7; small 4507.1->4498.3; S4096 4403.9->4403.1; confirmed variant-first,dw drain removed from critical dependency; adds one cold instr per norm
experiments/fused-training-megakernel/NOTES.md,951,2026-07-04,fusion,Drow-WGMMA route (fused dOatt+Drow through wgmma),small,NO-GO,target span cut to 213.8us but ATTN_DKV_WG grew; 80-step medians noise-level,do not merge without repeatable step-level win
experiments/fused-training-megakernel/NOTES.md,960,2026-07-04,fusion,Drow-WGMMA re-gate on fresh current base,nano+small+S4096,NO-GO,small 4328.3->4367.3; tiny S4096 win not worth short-S loss,leave route isolated
experiments/fused-training-megakernel/NOTES.md,968,2026-07-04,fusion,Drow-WGMMA long-only gate (S>=2048),S4096,PROMOTED,4428.1->4398.3 (19/20 wins); confirm 4443.7->4438.5 (18/20),off for nano/small; earlier small regression was real
experiments/fused-training-megakernel/NOTES.md,980,2026-07-04,rowop,SWIGLU_BWD two-row fold (MK_SWIGLU_BWD_R2),nano+small,NO-GO,span worsened 38.2->51.4 / 323.5->347.4; medians 1240.1->1250.0 / 4352.0->4391.4,keep one row/warp
experiments/fused-training-megakernel/NOTES.md,994,2026-07-04,executor,dual-stream 512-thread asymmetric-register executor,all,NO-GO,ptxas gives setmaxnreg regions no extra budget; whole kernel at 128-reg cap (REG:128 STACK:848),died at the compiler; OCC2 spill signature
experiments/fused-training-megakernel/NOTES.md,999,2026-07-04,executor,mk_tid() op-library indexing enabler,all,PROMOTED,df STACK 144->32,ops run unchanged in any multiple-of-256 block shape; kept
experiments/fused-training-megakernel/NOTES.md,1006,2026-07-04,architecture,register-file accounting: 256 threads x 255 regs = 64K exactly,all,LAW,every add-warps design (ws 224 / occ2 128 / dual 192-64) pays 5-40% spill tax > ~10-15% hideable,eight 255-reg warps is the architecture Pareto point
experiments/fused-training-megakernel/NOTES.md,1011,2026-07-04,gemm-fwd,m64n128 NT wgmma tiles (n128 + NN variant + bit16 residual),nano+small,PROMOTED,small 4252->4095 (NT -146 NN -28); lm_head span 280->194; gu 185->138; nano flat,generalized from peer lm-head-only route 8008126; NN gated >=32 n128 tiles
experiments/fused-training-megakernel/NOTES.md,1025,2026-07-04,scheduling,cold-cap shape gating post-n128,S4096+short,PROMOTED,S4096 cap16 4009.8 vs cap0 3917.8us,default cap16 for S<2048 / uncapped S>=2048; MK_CLAIM 132 + DKV C=1 reconfirmed
experiments/fused-training-megakernel/NOTES.md,1035,2026-07-04,measurement,round-3 scoreboard (fixed flash baseline),8 configs,MEASUREMENT,nano 1205/631 1.91x; small 4105/1766 2.32x; deep 1.74x; S1024 2.17x; S4096 4010/1568 2.56x; S8192 9503/3156 3.01x,day moved small ~14% nano ~3%
experiments/fused-training-megakernel/NOTES.md,1050,2026-07-04,measurement,residual decomposition at small,small,MEASUREMENT,uniform in-model tax 25-50% per op class; gemms ~140TF vs cuBLAS 200+; attention ~1.3x off FA3; waits ~445us,one-register-point-for-all-ops constraint is the remaining ~2x
experiments/fused-training-megakernel/NOTES.md,1063,2026-07-04,scheduling,cold_cap default 0->16 flip,nano+small,FLIP-PROMOTED,small ~4110->4042; nano ~1102->1092,pre-SW128 wash flipped positive once ops got faster
experiments/fused-training-megakernel/NOTES.md,1066,2026-07-04,attention-fwd,FA2-style software-pipelined attention fwd (MK_ATTN_PIPE),small,NO-GO,fwd span 245->297; step +245 small,strike three with pipe_probe + MPK prefetch: overlap/depth machinery costs more than it hides
experiments/fused-training-megakernel/NOTES.md,1073,2026-07-04,tma-smem,dynamic-smem default corrected to 100KB (120KB only under MK_ATTN_PIPE),nano+small+S4096,PROMOTED,nano 1192.7->1185.6; small 4084.6->4079.7; reverse confirms short shapes,
experiments/fused-training-megakernel/NOTES.md,1081,2026-07-04,scheduling,mid-S cold_cap retune (1024<=S<2048 -> cap33),small+S1024,PROMOTED,small -9.3us (15/20); S1024 -2.0us (16/24),caps 16/33/33/0 nano/small/S1024/S4096
experiments/fused-training-megakernel/NOTES.md,1092,2026-07-04,gemm-fwd,n128 short-row auto-gate (all-eligible only when M>=1024),short shapes,PROMOTED,S128 -49.8us (23/24); S256 -19.1 (22/24); nano -9.1; deep -38.1 (19/20),off for M<256; lm-head-only for 256<=M<1024
experiments/fused-training-megakernel/NOTES.md,1103,2026-07-04,lm-head,S2048 head-dX target 96 gate,S2048,PROMOTED,env 96 vs 192 -39.0/-14.4us; patched auto -35.8/-10.4,emits 64 tiles sk=1; small stays 192
experiments/fused-training-megakernel/NOTES.md,1115,2026-07-04,gemm-dw,cold dW split-K target retune (192 for K<2048 / 128 for K>=2048),multi,PROMOTED,nano -57.3/-62.1; small -232.2/-230.4; S2048 -109.6; S4096 -170.6,old implicit 512 over-parallelized off-path TN sinks
experiments/fused-training-megakernel/NOTES.md,1126,2026-07-04,attention,S2048 attention-bwd C=2 gate (H256/S2048 DKV+DQ both),S2048,PROMOTED,-42.4/-30.8us old-vs-new; 135-140/140 wins,individual C=2 and S4096 C=2 regressed; gate S2048/H256 only
experiments/fused-training-megakernel/NOTES.md,1136,2026-07-05,gemm-dw,long-S TN WGMMA dW gate (implicit K>=3072),S3072-S8192,FLIP-PROMOTED,S3072 -54.2; S4096 -106.8; S8192 -332.8; S2048 loses +22,old global no-go stale after dW split-target retune
experiments/fused-training-megakernel/NOTES.md,1148,2026-07-05,fusion,Drow WGMMA default broadening (wherever wgmma_ok accepts),small,PROMOTED,small -24.8/-21.4us (113-134/120-150 wins),old S>=2048 gate stale after n128/dW/TN retunes
experiments/fused-training-megakernel/NOTES.md,1158,2026-07-05,rowop,QKNORM_ROPE_BWD D=64 cache fast path,multi,PROMOTED,nano -6.7us (175/240); small -26.6 (175/180); S2048 -17.7; S4096 -30.5 (126/128),res-usage unchanged; MK_QKBWD_D64_CACHE knob
experiments/fused-training-megakernel/NOTES.md,1171,2026-07-05,lm-head,S3072 head-dX target 96,S3072,PROMOTED,-19.8/-15.5us (112/120; 106/120),96/128 both emit split-K=1
experiments/fused-training-megakernel/NOTES.md,1179,2026-07-05,lm-head,small head-dX target 96,small,PROMOTED,-15.7/-11.8us (98/100; 92/100),target 96 emits sk=1 64 tiles; 128/256 regressed
experiments/fused-training-megakernel/NOTES.md,1186,2026-07-05,rowop,small RMS dx R4 gate flip,small,FLIP-PROMOTED,-9.23us (326/440); default-vs-old -5.23 (310/440),flipped only after qknorm cache + head-dX retunes moved the path
experiments/fused-training-megakernel/NOTES.md,1200,2026-07-05,gemm-dx,nano NN WGMMA threshold 16 (M=512 shapes),nano,PROMOTED,-18.59us (435/480); default-vs-old -19.76 (479/480),64 elsewhere; small/long neutral
experiments/fused-training-megakernel/NOTES.md,1215,2026-07-05,lm-head,nano head-dX target 96 (n128 era),nano,PROMOTED,-14.64us (492/520); default-vs-old -17.06 (445/480),192 over-parallelized 512x256x8192 (sk=12)
experiments/fused-training-megakernel/NOTES.md,1230,2026-07-05,attention-dkv,ATTN_DKV_WG direct-atomic epilogue (skip smem stage+drain),multi,PROMOTED,nano -19.26; small -47.94; S2048 -41.76; S3072 -8.83; S4096 -20.90,res-usage unchanged; MK_ATTN_DKV_DIRECT_ATOMIC knob
experiments/fused-training-megakernel/NOTES.md,1249,2026-07-05,attention,side-path rechecks (MK_ATTN_PIPE; direct fwd WG stores),multi,NO-GO,attn pipe remained strongly negative; fwd direct stores rejected after long-S regressions,
experiments/fused-training-megakernel/NOTES.md,1255,2026-07-05,precision,ATTN_FWD_WG LSE fast-log (__logf),multi,PROMOTED,small -13.92us (219/240); S2048 -12.21; S4096 -11.28; nano neutral; default-vs-old nano -5.84 small -7.58,blast radius WGMMA fwd LSE sites only
experiments/fused-training-megakernel/NOTES.md,1271,2026-07-05,precision,CE_FWD LSE fast-log (MK_CE_FAST_LOG),multi,NO-GO,nano +1.55; small +1.26; S4096 -8.37,CE op lacks shape info to gate nano from S4096 safely
experiments/fused-training-megakernel/NOTES.md,1281,2026-07-05,precision,SWIGLU sigmoid reciprocal (__frcp_rn),multi,NO-GO,small -16.22 but nano +6.74 S4096 +20.16; shape-gated version regressed fallbacks,keep division form
experiments/fused-training-megakernel/NOTES.md,1299,2026-07-05,precision,ATTN_FWD_WG output reciprocal (MK_ATTN_FAST_INV),all,NO-GO-CORRECTNESS,failed 40-step learning sanity (9.0496->7.1534; needs 2.0 drop),per-step parity was in tolerance; keep division
experiments/fused-training-megakernel/NOTES.md,1308,2026-07-05,scheduling,MK_CLAIM sweep post-fast-log,multi,NEUTRAL,132 only safe; small 264 +37.28; S2048 264 +25.01; S4096 264 +115.86,
experiments/fused-training-megakernel/NOTES.md,1315,2026-07-05,scheduling,MK_COLD_CAP retune (1024<=S<2048 cap33->cap48),small+S1024,PROMOTED,small -2.7us (60/100); S1024 -1.9 (67/120),long-S stays uncapped; narrow defensible part
experiments/fused-training-megakernel/NOTES.md,1333,2026-07-05,attention,post-cap48 attention chunk retune (H256/S512 -> DKV3/DQ2),nano+deep,PROMOTED,nano -4.8us (128/180); deep -6.3 (84/120),small changes rejected hard (+66.6/+27.1)
experiments/fused-training-megakernel/NOTES.md,1351,2026-07-05,gemm-dw,cold dW split target retune (96 for K==1024 / 64 otherwise),multi,PROMOTED,target64 nano -27.4 S1024 -14.0 S2048 -15.3 S4096 -75.2 S128 -15.6 S256 -27.5; small 96 -16.5,explicit head-dX targets unchanged
experiments/fused-training-megakernel/NOTES.md,1377,2026-07-05,rowop,rejected rechecks (nano RMS_DX_R4; deep head-dX target48),nano+deep,NO-GO,R4 nano +9.2 deep +9.1; deep target48 +13.2 on confirmation,keep R2 + target96
experiments/fused-training-megakernel/NOTES.md,1385,2026-07-05,scheduling,H256/S1024 cold-cap 48->64,S1024,PROMOTED,-5.4us (93/140),small stays cap48; long-S uncapped
experiments/fused-training-megakernel/NOTES.md,1400,2026-07-05,gemm-dx,S1024 WGMMA NN threshold 32 (M=1024 N=256),S1024,PROMOTED,sweep -102.3us; confirm -108.1 (180/180),score S1024 1338.0 vs graph+ 774.8
experiments/fused-training-megakernel/NOTES.md,1416,2026-07-05,gemm-dx,short-row WGMMA NN threshold 8 (M in {128;256} N=256),S128+S256,PROMOTED,S128 -6.4us (113/180); S256 -7.3 (145/180),M512 stays 16; M1024/N256 stays 32; generic 64
experiments/fused-training-megakernel/NOTES.md,1431,2026-07-05,scheduling,MK_CLAIM resweep post-routes,multi,NEUTRAL,132 kept; S256 claim192 only -2.9 isolated,
experiments/fused-training-megakernel/NOTES.md,1437,2026-07-05,executor,current-head executor-mode rechecks (ws/df2),nano+small,NEUTRAL,ws +78.4/+227.4 (0 paired wins); df2 +229.5/+458.0 (0 wins),df remains default
experiments/fused-training-megakernel/NOTES.md,1446,2026-07-05,rowop,small RMS dx back to R2,small,FLIP-PROMOTED,R2-R4 -9.6us (142/180); nano R4 +13.2; H256/S1024 R4 +15.1,dW/WGMMA route changes moved small path back; H256/S2048 keeps R4
experiments/fused-training-megakernel/NOTES.md,1459,2026-07-05,measurement,post-RMS-retune small no-go recheck batch,small,NO-GO,n128 off +27.4; lm-only +40.0; NN thresholds regress; head-dX 128/192/256 regress; attn chunks +35-96; Drow WMMA +31.4,no second safe default change
experiments/fused-training-megakernel/NOTES.md,1479,2026-07-05,lm-head,S256 head-dX target 64,S256,PROMOTED,-16.5us (167/180); S128 target64 too weak (-4.6),all-in-one gauntlet reproduced Torch recompile-limit pitfall; use fresh-process rows
experiments/fused-training-megakernel/NOTES.md,1501,2026-07-05,gemm-dx,S128 WGMMA NN threshold 4,S128,PROMOTED,-12.4us (100/160),GEMMNN 128x256x256 Drow hops move to WGMMA; S256/nano unchanged
experiments/fused-training-megakernel/NOTES.md,1515,2026-07-05,lm-head,S128 head-dX target 32 (sk=8),S128,PROMOTED,sweep -29.8us; isolated -20.0 (157/180); default-vs-old -14.2 (137/180),
experiments/fused-training-megakernel/NOTES.md,1531,2026-07-05,gemm-dx,rejected S128 dX split side probes (WGMMA split-K in gemm_dx; WMMA target64),S128+S256+nano,NO-GO,dxwg splitk S128 +80.1 S256 +119.4 nano +122.1 (0 wins); target64 -2.4 order-biased,keep gemm_dx split target128
experiments/fused-training-megakernel/NOTES.md,1545,2026-07-05,lm-head,S1024 head-dX target 64 (sk=2),S1024,PROMOTED,-20.2us (96/100); confirm -11.7 (164/180); default-vs-old -12.3 (168/180),score 1283.3 vs 776.7
experiments/fused-training-megakernel/NOTES.md,1563,2026-07-05,attention-dq,S1024 attention DQ chunk 1->2 (DKV2/DQ2),S1024,PROMOTED,-8.1us (92/100); confirm -13.0 (139/180); ordercheck -13.3/-14.1 (158-159/160),fresh score rows noisier than paired delta
experiments/fused-training-megakernel/NOTES.md,1583,2026-07-05,measurement,post-S1024-retune guard checks (DKV direct-atomic; fast-log; qk cache),S1024,MEASUREMENT,old staged-smem +50.5us (200/200 default wins); fast-log -0.2 wash; qkbc +4.7 (134/200),no source route change
experiments/fused-training-megakernel/NOTES.md,1600,2026-07-05,gemm-dw,dW split-target resweep after S1024/S128 retunes,nano+small+S1024,NEUTRAL,nano 48 only -5.7 weak; small 64 +3.6; S1024 64 +3.8,keep K==1024->96 else 64
experiments/fused-training-megakernel/NOTES.md,1609,2026-07-05,scheduling,early dXN_f32 zero-fill in wave 0,nano+S1024+small,NO-GO,nano +3.1us (32/80); S1024 +2.8 (29/80); small -2.2 too weak,keep late zero + wave boundary
experiments/fused-training-megakernel/NOTES.md,1618,2026-07-05,scheduling,nano cold-cap cap16->cap0,nano,PROMOTED,-7.1us (53/70); confirm -6.6 (129/180); default-vs-old -7.2 (146/200),broad S512 rule rejected (deep +10.5)
experiments/fused-training-megakernel/NOTES.md,1633,2026-07-05,attention,S512 attention chunk resweep post-cap0,nano,NEUTRAL,nearby variants -1.0 to +0.4 noise; DKV1/DQ2 +32.3 (2/80),keep DKV3/DQ2
experiments/fused-training-megakernel/NOTES.md,1643,2026-07-05,rowop,post-nano-cap RMS dx R4 recheck,nano+deep+S1024,NO-GO,nano +9.9 (1/120); deep +33.4 (2/100); S1024 +8.9 (12/100),only H256/S2048 R4 gate remains
experiments/fused-training-megakernel/NOTES.md,1650,2026-07-05,scheduling,MK_ALLHOT single-ring policy recheck,nano+small+S1024,NO-GO,nano +34.5 (1/100); small +64.7 (1/80); S1024 +28.9 (0/100),hot/cold split load-bearing; uncapped cold != single ring
experiments/fused-training-megakernel/NOTES.md,1657,2026-07-05,scheduling,MK_CLAIM resweep after nano cap0,nano+small+S1024,NEUTRAL,claim160 -2.4 isolated; small claim160 +189.2 (0/60),keep 132
experiments/fused-training-megakernel/NOTES.md,1664,2026-07-05,lm-head,nano/deep head-dX target resweep after cap0,nano+deep,NEUTRAL,target48/64 medians contaminated (p25/p75 -55/+40); 32/128/192 regressed,keep target96
experiments/fused-training-megakernel/NOTES.md,1671,2026-07-05,scheduling,S128 cold-cap cap0,S128,PROMOTED,-6.2us (165/240); default-vs-old -8.2 (189/220),S256 too weak (-2.4) stays cap16
experiments/fused-training-megakernel/NOTES.md,1684,2026-07-05,attention,S128 attention chunk sweep post-cap,S128+S256,NEUTRAL,4/1 weakened to -4.2 on confirm (134/220); 2/2 +7.0 (66/220),keep DKV2/DQ1
experiments/fused-training-megakernel/NOTES.md,1698,2026-07-05,gemm-fwd,short n128 route recheck,S128+S256,NO-GO,S128 forced n128 +19.3us (1/80); S256 mode1 +21.9 (12/60),keep short-row n128 disabled except lm-head gate
experiments/fused-training-megakernel/NOTES.md,1707,2026-07-05,ce,in-kernel valid-label reciprocal (OP_INV_VALID root instr),multi,PROMOTED,nano -75.3us; small -93.0; S128 -71.5; S256 -69.8; S1024 -79.8 (160/160 each),removes host-side labels>=0 sum from timed step(); prog.run() unchanged
experiments/fused-training-megakernel/NOTES.md,1719,2026-07-05,measurement,post-input-bind focused scoreboard,6 configs,MEASUREMENT,nano 945/635 1.49x; small 3649/1895 1.93x; deep 1.38x; S128 1.53x S256 1.52x S1024 1.60x,morning honest reset was 1.97x/2.52x
experiments/fused-training-megakernel/NOTES.md,1732,2026-07-05,executor,device-side buftab input-binding probe,S128+nano+small,NO-GO,S128 +15.0us; nano +19.1; small +8.8,slower than device copies; needs C++ launcher-side override
experiments/fused-training-megakernel/NOTES.md,1741,2026-07-05,executor,launcher-side input binding (MK_BIND_INPUTS),multi,PROMOTED,S128 -12.6us (199/200); nano -11.7 (197/200); S1024 -12.3; small -22.5 (198/200),step()-only win; falls back for non-canonical inputs
experiments/fused-training-megakernel/NOTES.md,1753,2026-07-05,ce,CE ignore-row skip,nano+small+S1024,NO-GO,branch version small -31.9 but separate-opcode route erased it (-1.8) and S1024 +9.5 (22/200),keep current CE opcodes
experiments/fused-training-megakernel/NOTES.md,1764,2026-07-05,measurement,post-step-path profile refresh,multi,MEASUREMENT,small led by ATTN_DKV 394us GEMMNN 331 SWIGLU 279 ATTN_FWD 262; S1024 by DKV 146 FWD 130,route knobs exhausted; op quality or new scheduler next
experiments/fused-training-megakernel/NOTES.md,1776,2026-07-05,precision,SWIGLU_BWD FMA derivative (fmaf(-sg;sig;sig+sg)),nano+small+S1024,PROMOTED,nano -8.19us (189/200); small -16.80 (194/200); S1024 -10.67 (184/200),narrow op-quality win
experiments/fused-training-megakernel/NOTES.md,1787,2026-07-05,precision,attention masked-exp skip probe (MK_ATTN_MASKED_EXP_SKIP),multi,NO-GO,small +223.23us; nano +31.30; S1024 +65.73; S256 +32.02,branch/predicate cost overwhelms saved SFU work
experiments/fused-training-megakernel/NOTES.md,1803,2026-07-05,precision,attention dS FMA rewrite (MK_ATTN_DS_FMA),multi,NO-GO,S128 -14.24 small -12.24 but S256 +4.62 nano +2.11; gated version regressed protected shapes,keep (dP-Drow)*scale form
experiments/fused-training-megakernel/NOTES.md,1817,2026-07-05,precision,RMSNorm split-dx FMA route (OP_RMSNORM_BWD_DX_FMA; H256/S128 only),S128,PROMOTED,-5.60us (167/200); default-vs-old -5.98 (161/200),broad all-shape rewrite rejected (S256 +5.49 S2048 +9.73)
experiments/fused-training-megakernel/NOTES.md,1834,2026-07-05,precision,ATTN_FWD_WG fast-log restoration,multi,PROMOTED,S128 -9.66 (153/160); nano -9.41 (193/200); small -20.08 (160/160); S2048 -15.15 (120/120),MK_ATTN_FAST_LOG flag had rotted out of attention.cuh
experiments/fused-training-megakernel/NOTES.md,1848,2026-07-05,fusion,Drow n128 WGMMA epilogue (MK_DROW_WG_N128),multi,NO-GO,S128 +57.79; S256 +62.86; nano +62.78; small +54.42; S1024 +64.37; S2048 +34.30,tile halving didn't pay; route removed
experiments/fused-training-megakernel/NOTES.md,1862,2026-07-05,attention,nano attention chunk DKV3/DQ2 -> DKV2/DQ2,nano,PROMOTED,-4.72us (193/240); default-vs-old -4.99 (195/240),small and long-S retained
experiments/fused-training-megakernel/NOTES.md,1874,2026-07-05,measurement,scoreboard post fast-log/RMS/nano-attention,nano+small,MEASUREMENT,nano 948.6/634.6 1.49x; small 3638.2/1895.1 1.92x,remaining small gap dominated by op quality
experiments/fused-training-megakernel/NOTES.md,1882,2026-07-05,precision,SWIGLU exp2 sigmoid (ex2.approx),multi,NO-GO,S128 -16.08 but small +5.62 S1024 +9.42; gated/templated variants neutral in fresh-process,keep __expf + promoted FMA derivative
experiments/fused-training-megakernel/NOTES.md,1904,2026-07-05,attention-dkv,ATTN_DKV old smem-drain epilogue recheck,multi,NO-GO,default direct-atomic better: S256 -21.52 nano -29.34 small -49.23 S1024 -47.76 S2048 -49.46,keep MK_ATTN_DKV_DIRECT_ATOMIC=1
experiments/fused-training-megakernel/NOTES.md,1913,2026-07-05,rowop,small SwiGLU-BWD two-warps-per-row (OP_SWIGLU_BWD_2W),small,PROMOTED,default-vs-old -12.22us (193/240); fresh-process -5.76 (6/6),six serial I=1536 chunks -> three; other shapes regress/neutral
experiments/fused-training-megakernel/NOTES.md,1938,2026-07-05,precision,post-SwiGLU-2W small RMS dx FMA recheck,small,NO-GO,+2.40us (94/240),FMA route stays H256/S128 only
experiments/fused-training-megakernel/NOTES.md,1947,2026-07-05,rowop,small SwiGLU-BWD four-warp split,small,NO-GO,+10.46us (36/240),reverted; keep 2W
experiments/fused-training-megakernel/NOTES.md,1960,2026-07-05,fusion,WGMMA Drow direct-store (single-writer D=64),multi,PROMOTED,S256 -14.62; nano -12.18; small -31.62; S1024 -4.51; S2048 regressed so kept atomic,gate at extension selection D=64 and S<2048
experiments/fused-training-megakernel/NOTES.md,1979,2026-07-05,measurement,post-Drow-direct-store scoreboard,nano+small,MEASUREMENT,nano 932.3/632.1 1.47x; small 3607.3/1904.6 1.89x,-16us nano -31us small vs cfc2fb3
experiments/fused-training-megakernel/NOTES.md,1986,2026-07-05,precision,WGMMA attention exp2.approx (_aex2),multi,PROMOTED,nano -4.93us; small -37.70; S1024 -16.83; S2048 -20.10,gate D=64 S>=512 S%128==0; S128 regressed so excluded
experiments/fused-training-megakernel/NOTES.md,2003,2026-07-05,measurement,post-attention-exp2 scoreboard,nano+small,MEASUREMENT,nano 926.3/635.2 1.46x; small rerun 3586.4/1901.5 1.89x,contaminated small row rerun separately
experiments/fused-training-megakernel/NOTES.md,2013,2026-07-05,precision,lm-head CE partial exp2.approx (_lex2),multi,PROMOTED,S256 -8.32us; nano -19.58; small -56.99; S1024 -36.00; S2048 -65.95,gate V>=8192 V%64==0 S>=256
experiments/fused-training-megakernel/NOTES.md,2033,2026-07-05,measurement,post-lm-head-exp2 scoreboard,nano+small,MEASUREMENT,nano 905.2/632.2 1.43x; small 3542.8/1912.9 1.85x,_lex2 trims ~21us nano ~44us small
experiments/fused-training-megakernel/NOTES.md,2049,2026-07-05,precision,CE forward exp2.approx (_cex2),multi,NO-GO,reversed-order promoted-default check refuted: S128 +18.19 S256 +8.58 nano +7.26 small +7.73,first positive A/B was construction-order artifact; reverted
experiments/fused-training-megakernel/NOTES.md,2068,2026-07-05,measurement,overnight certified scoreboard (both sessions),8 configs,MEASUREMENT,nano 917/634 1.45x; small 3570/1904 1.88x; deep 1.36x; S128 1.55x S256 1.47x S1024 1.55x; S4096 2.13x S8192 2.69x,true 24h movement 1.97->1.45 and 2.52->1.88
experiments/fused-training-megakernel/NOTES.md,2089,2026-07-05,rowop,QKNORM/ROPE-bwd V split row op (MK_QKBWD_SPLIT_V),nano+small,NO-GO,QKNORM span drops (163.0->157.5) but on-path wait rises (20.6->32.3); totals flat/regress,dependency cost of extra row op eats V-copy saving; unmerged
experiments/fused-training-megakernel/NOTES.md,2109,2026-07-05,scheduling,small cold-cap cap16 recheck,small,NEUTRAL,-7.47 then +4.19 order noise,keep cap48
experiments/fused-training-megakernel/NOTES.md,2117,2026-07-05,precision,CE backward ex2.approx (_ceb2),multi,PROMOTED,S1024 -6.27/-5.58us; small -35.65/-34.35; S2048 -16.53/-21.95,gate S>=1024 V>=8192 V%8==0; grad diff worst 0.0096
experiments/fused-training-megakernel/NOTES.md,2138,2026-07-05,measurement,post-CE-backward-exp2 scoreboard,nano+small,MEASUREMENT,nano 917.6/631.2 1.45x; small 3511.9/1906.1 1.84x,~30-35us small attributed to _ceb2
experiments/fused-training-megakernel/NOTES.md,2146,2026-07-05,gemm-dw,TN-WGMMA dW gate broadening (K>=2048 + K=1024 with min(M;N)>=512),small+S2048,PROMOTED,small -77.4/-87.4us; S2048 -28.6/-63.7; short shapes regress +34-44,forced TN routed 33 small dW instrs
experiments/fused-training-megakernel/NOTES.md,2165,2026-07-05,measurement,post-TN-WGMMA-dW scoreboard,nano+small,MEASUREMENT,nano 916.8/628.4 1.46x; small 3428.4/1890.8 1.81x,-83.5us small vs post-CE-BWD row
experiments/fused-training-megakernel/NOTES.md,2172,2026-07-05,precision,SWIGLU_BWD_2W reciprocal recheck,small,NO-GO,+14.6us overall (1/24 wins),keep exact division in 2W body
experiments/fused-training-megakernel/NOTES.md,2183,2026-07-05,precision,small-only attention dS-FMA retest,small,NO-GO,+2.05us median (10/24),do not revive on current head
experiments/fused-training-megakernel/NOTES.md,2195,2026-07-05,lm-head,H256/S2048 head-dX sk=1 no-atomic route,S2048+small,PROMOTED,S2048 -7.70us (19/20); default-vs-old -8.06; small neutral (-0.64),removes zero-fill + atomics when sk_head==1; one fewer instr
experiments/fused-training-megakernel/NOTES.md,2215,2026-07-05,precision,QKNORM/ROPE-bwd D=64 FMA dx,nano+small,NO-GO,nano -0.99 noise; small +2.78 (6/24),keep multiply/subtract expression
experiments/fused-training-megakernel/NOTES.md,2224,2026-07-05,lm-head,small head-dX n128/fp32 no-atomic (flags=4232),small,PROMOTED,-17.57us (20/24); default-vs-old -10.61 (24/32); S2048 +7.17 rejected,wgmma_n128_ok still excludes generic fp32/split-K routes
experiments/fused-training-megakernel/NOTES.md,2244,2026-07-05,measurement,post-head-dX-n128 scoreboard/profile,nano+small,MEASUREMENT,profile 890.6/3439.1us; bench nano 917.8/628.3 1.46x small 3435.0/1914.1 1.79x,no further route knob implied
experiments/fused-training-megakernel/NOTES.md,2254,2026-07-05,fusion,fused Drow/dOatt n128 route (MK_DROW_N128),nano+small,NO-GO,nano +44.51us (0/24); small +61.31 (0/24),tile halving decisively negative
experiments/fused-training-megakernel/NOTES.md,2266,2026-07-05,fusion,fused qkv qk-norm/RoPE n128 route (MK_QKROPE_N128),nano+small,NO-GO,nano +34.34us (0/24); small +25.01 (1/24),
experiments/fused-training-megakernel/NOTES.md,2278,2026-07-05,lm-head,nano head-dX n128 split-K target 48,nano,PROMOTED,-4.04us (14/16); repeat -4.19 (30/32); default-vs-old -4.87 (27/32),targets 64 neutral / 96 regressed
experiments/fused-training-megakernel/NOTES.md,2303,2026-07-05,measurement,post-head-dX-n128-split scoreboard/profile,nano+small,MEASUREMENT,profile 894.0/3473.2us; bench nano 921.0/637.1 1.45x small 3454.7/1915.5 1.80x,paired A/B is route-attribution authority
experiments/fused-training-megakernel/NOTES.md,2314,2026-07-05,gemm-dx,nano MLP/qkv dX n128 split-K (MK_DX_N128_SPLIT),nano,NO-GO,target48 +110.69us (0/16); 64 +160.30; 96 +187.81; 128 +183.49,co-tenant found on local GPU; treat as no-promote evidence
experiments/fused-training-megakernel/NOTES.md,2332,2026-07-05,attention,attention chunk resweep post-n128-split,nano+small,NEUTRAL,nano 1/1 +29.32; small 2/1 +63.72 1/2 +20.32 2/2 +63.90,keep current gates
experiments/fused-training-megakernel/NOTES.md,2344,2026-07-05,scheduling,cold-cap resweep post-head-dX-n128,nano+small,NEUTRAL,all order-biased; small cap16 -6.70 refuted by reverse +8.02,keep nano cap0 small cap48 S1024 cap64 long uncapped
experiments/fused-training-megakernel/NOTES.md,2354,2026-07-05,gemm-dw,dW split-target resweep,nano+small,NEUTRAL,small 64/80 order-only; 128 +60.94 160 +62.88; nano 96 +24.26,keep K==1024->96 else 64
experiments/fused-training-megakernel/NOTES.md,2364,2026-07-05,scheduling,claim-quantum resweep,nano+small,NEUTRAL,small claim96 +267.50 claim160 +131.69 claim192 +102.34,keep 132
experiments/fused-training-megakernel/NOTES.md,2372,2026-07-05,ce,CE ignore-row skip recheck (MK_CE_IGNORE_SKIP),small,NO-GO,first default-vs-old -2.56 (141/240); order repeat +19.39 (34/320),temporary promotion reverted; keep CE opcodes
experiments/fused-training-megakernel/NOTES.md,2388,2026-07-05,fusion,SSQ epilogue recheck (MK_SSQ_FUSE=0),nano+small+S1024,NEUTRAL,S1024 -4.96 refuted by confirmation (+1.97; 191/400),keep SSQ fuse default-on
experiments/fused-training-megakernel/NOTES.md,2399,2026-07-05,rowop,small SwiGLU sigmoid-cache (bf16 cache from fwd feeds 2W bwd),small,PROMOTED,-13.44us (264/320); default-vs-old -8.37 (279/400),removes backward __expf recompute; post score 3509.7/1897.8
experiments/fused-training-megakernel/NOTES.md,2423,2026-07-05,rowop,SwiGLU DSSG doubled cache (silu + dsilu),small,NO-GO,+53.15us combined (3/400),keep smaller sigmoid-only cache
experiments/fused-training-megakernel/NOTES.md,2436,2026-07-05,tma-smem,n128 direct bf16-store (bypass smem accumulator drain),small,NO-GO,+16.77us combined (103/400),keep coalesced smem epilogue
experiments/fused-training-megakernel/NOTES.md,2448,2026-07-05,tma-smem,n128 three-stage cp.async feed (MK_N128_STAGE3),small,NO-GO,+66.62us combined (0/400),first schedule was stage-reuse bug caught by parity; fixed version still loses
experiments/fused-training-megakernel/NOTES.md,2461,2026-07-05,executor,executor-mode recheck post-cache/n128,small,NEUTRAL,df2-df +482.78us (0/320); ws-df +314.10 (0/320),keep mode=df
experiments/fused-training-megakernel/NOTES.md,2469,2026-07-05,executor,df2 hot/cold ready-ring port,small,NO-GO-CORRECTNESS,w2.5 grad drift 0.0825-0.1121 rel vs df across variants,scheduler-race no-go; df2 stays parked
experiments/fused-training-megakernel/NOTES.md,2483,2026-07-05,rowop,H256/S1024 1W SwiGLU sigmoid-cache,S1024,PROMOTED,-20.24us (319/320); promoted default -12.32 (286/320),nano no-change; H256/S2048 rejected (+16.56)
experiments/fused-training-megakernel/NOTES.md,2504,2026-07-05,measurement,post-1W-cache S1024 profile/score,S1024,MEASUREMENT,profile 1218.9us (193.3 wait / 1025.6 span); bench 1237.7/778.0 1.59x,op-quality bound; attention/GEMM/RMS next
experiments/fused-training-megakernel/NOTES.md,2516,2026-07-05,rowop,H256/S1024 cached SwiGLU-BWD 2W,S1024,PROMOTED,-7.92us (278/320); default-vs-old -8.46 (262/320),post profile 1208.2us; score 1228.4/778.0 1.58x
experiments/fused-training-megakernel/NOTES.md,2537,2026-07-05,gemm-dx,S1024 n128 NN recheck (MK_WGMMA_N128_NN_MIN=16),S1024,NO-GO,+24.37us combined (2/320),keep m64n64 NN threshold for H256/S1024
experiments/fused-training-megakernel/NOTES.md,2547,2026-07-05,attention,S1024 attention chunk recheck,S1024,NEUTRAL,1/2 +62.19 (0/240); 2/1 +14.67; 1/1 +61.12; 3/2 +49.47,keep DKV2/DQ2
experiments/fused-training-megakernel/NOTES.md,2556,2026-07-05,rowop,H256/S2048 combined cached SwiGLU-BWD 2W,S2048,PROMOTED,-10.11us (165/192); default-vs-old -5.62 (145/192),cache-only and 2W-only were separate no-gos; combination wins
experiments/fused-training-megakernel/NOTES.md,2578,2026-07-05,rowop,H256/S3072 combined cached SwiGLU-BWD 2W,S3072,PROMOTED,-10.99us (113/128); default-vs-old -15.38 (124/128),
experiments/fused-training-megakernel/NOTES.md,2592,2026-07-05,rowop,H256/S4096 combined cached SwiGLU-BWD 2W,S4096,PROMOTED,-4.21us (59/80); default-vs-old -5.23 (52/80),weaker long-S win; post profile attention-dQ led (922.8us)
experiments/fused-training-megakernel/NOTES.md,2614,2026-07-05,rowop,H256/S8192 cached SwiGLU-BWD 2W boundary,S8192,NO-GO,+47.47us (10/40),cap default at S4096; later FLIPPED post-band (line 3279)
experiments/fused-training-megakernel/NOTES.md,2622,2026-07-05,attention-dq,S2048 attention DQ over-split retest,S2048,NEUTRAL,2/3 +67.41 (0/160); 2/4 +62.40; 1/3 +46.82,keep DKV2/DQ2
experiments/fused-training-megakernel/NOTES.md,2630,2026-07-05,attention,S4096 attention chunk retest,S4096,NEUTRAL,1/2 +77.57 (0/80); 1/3 +125.12; 2/2 +100.21; 2/1 +21.63,keep DKV1/DQ1
experiments/fused-training-megakernel/NOTES.md,2639,2026-07-05,attention-dq,OP_ATTN_DQ_WG S/dP WGMMA x2 batching,S2048+S4096,NO-GO,S2048 +3.87us (28/80); S4096 +14.11 (4/64),dirty sibling kept as no-go evidence only
experiments/fused-training-megakernel/NOTES.md,2651,2026-07-05,rowop,long-shape RMS dx R4 recheck,S2048-S4096,NEUTRAL,S2048 keeps R4 (forced R2 +6.51); S3072 R4 +3.74; S4096 R4 +4.37,gates unchanged
experiments/fused-training-megakernel/NOTES.md,2660,2026-07-05,measurement,S3072 profile/score refresh,S3072,MEASUREMENT,profile 2640.6us; bench 2651.2/1327.3 2.00x,attention-dQ led (569.3us)
experiments/fused-training-megakernel/NOTES.md,2672,2026-07-05,lm-head,H256/S>=3072 head-dX sk=1 no-atomic widening,S3072-S8192,PROMOTED,S3072 -6.48us (66/96); S4096 -10.38 (74/80); S8192 -16.22 (33/40),gate widened to H256/S>=2048 tied to sk_head==1
experiments/fused-training-megakernel/NOTES.md,2686,2026-07-05,measurement,post-head-dX-sk1 long profile/score,S3072+S4096,MEASUREMENT,S3072 2627.4/1329.4 1.98x; S4096 3341.7/1569.5 2.13x,attention-dQ dominates (906.9us S4096)
experiments/fused-training-megakernel/NOTES.md,2700,2026-07-05,scheduling,scheduler idle-poll 32ns for S3072/S4096 (MK_IDLE_NS),S3072+S4096,PROMOTED,S3072 -6.93us (33/40); S4096 -5.89 (28/36); S8192 boundary rejected (+13.22),S8192/S2048 later flipped in post-band
experiments/fused-training-megakernel/NOTES.md,2716,2026-07-05,measurement,post-idle32 long profile/score,S3072+S4096,MEASUREMENT,S3072 2647.5/1341.6 1.97x; S4096 3331.1/1581.2 2.11x,poll cadence exhausted for tested shapes
experiments/fused-training-megakernel/NOTES.md,2731,2026-07-05,attention-dq,attention-dQ C=1 float2 direct-store (_adqf2),S3072+S4096,PROMOTED,probe S3072 -9.68 S4096 -15.95; promoted S3072 -11.46 (36/40) S4096 -7.17 (30/36),grad rel <=1.2e-6; S2048 stays out (noise post-T12)
experiments/fused-training-megakernel/NOTES.md,2748,2026-07-05,attention-dq,S8192 dQ float2 promotion; no broad Cq=1 widening,S8192,PROMOTED,S8192 -29.92us (10/12); S256 +3.90 rejected; S128 refuted on clean repeat (+1.18),_adqf2 gate = S3072/S4096/S8192 only
experiments/fused-training-megakernel/NOTES.md,2759,2026-07-05,measurement,post-attention-dQ-float2 profile/score,S3072+S4096,MEASUREMENT,S4096 3300.2/1586.8 2.08x; S3072 rerun 2610.5/1324.5 1.97x,S3072 3007.4 outlier discarded
experiments/fused-training-megakernel/NOTES.md,2775,2026-07-05,attention-dq,attention-dQ split-mask loop (MK_ATTN_DQ_SPLIT_MASK),S3072+S4096,NO-GO,S3072 +41.98us (0/40); S4096 +45.98 (0/36),keep compact single-loop predicate form; probe reverted
experiments/fused-training-megakernel/NOTES.md,2785,2026-07-05,attention-dkv,attention-dKV direct-atomic float2 (_adkvf2; broad D=64 gate),multi,PROMOTED,nano -5.70; small -39.86 (32/32); S2048 -10.26; S3072 -7.20; S4096 -23.44; S8192 -47.39,grad worst rel 0.0061; full test_model green
experiments/fused-training-megakernel/NOTES.md,2811,2026-07-05,attention-dkv,S128/S256 boundary check for broad dKV float2 gate,S128+S256,MEASUREMENT,S128 -0.85us (94/160); S256 -15.15 (119/120),keep broad D=64/S%128 default
experiments/fused-training-megakernel/NOTES.md,2818,2026-07-05,measurement,post-dkvf2 profiles (short + long),multi,MEASUREMENT,nano 887.9us; small 3448.2; S3072 2578.5 S4096 3325.0 S8192 8415.5,S8192 dQ 3345.9 + fwd 1520.4 on path; dKV off-path
experiments/fused-training-megakernel/NOTES.md,2834,2026-07-05,measurement,fresh-process score refresh post-dkvf2,9 configs,MEASUREMENT,nano 1.45x small 1.82x deep 1.33x S128 1.72x S256 1.49x S1024 1.56x S3072 1.93x S4096 2.12x S8192 2.63x,same-process bench hit TorchDynamo recompile limit; use fresh-process
experiments/fused-training-megakernel/NOTES.md,2845,2026-07-05,attention-dkv,small DKV chunk retune post-float2,small,NEUTRAL,DKV_C=2 +59.58us (0/80); C=3 +55.68 (0/80),keep 1/1
experiments/fused-training-megakernel/NOTES.md,2852,2026-07-05,attention,long-S C=1 straggler diagnosis (standalone scaling probe),S1024-S8192,LAW,bwd ratio vs graph-flash 1.14x S1024 -> 1.63x S3072 -> 2.21x S8192; dkv 2.7us/64-row stage dq 1.9us,makespan = longest causal tile chain; predicts banded chunking; S2048->S3072 jump is Ckv=2->1 flip
experiments/fused-training-megakernel/NOTES.md,2859,2026-07-05,measurement,v1 eager-autograd flash probe numbers,long-S,WITHDRAWN,CPU autograd overhead polluted them,only graph-captured flash numbers valid
experiments/fused-training-megakernel/NOTES.md,2893,2026-07-05,attention,banded attention-bwd chunking (C proportional to band stage count),S2048-S8192,PROMOTED,S2048 -20.6/-16.0us; S3072 -37.0/-42.4; S4096 -80.7/-78.7; S8192 -531.7/-524.6 (all 40/40 or 16/16),largest single long-S win of P4b; gate {2048:16;3072:16;4096:32;8192:32}; commits 06ab5b6+8508a7d
experiments/fused-training-megakernel/NOTES.md,2935,2026-07-05,attention,banding rejected variants,S2048+S8192,NO-GO,S2048 T=32 degenerates to uniform C=1 (+41/+48; 0/40); S8192 T=16 over-splits (-321/-332 worse than T=32),standalone agrees (S8192 dkv 675->420 dq 485->327 at T=32)
experiments/fused-training-megakernel/NOTES.md,2946,2026-07-05,measurement,post-merge long-S scoreboard at 1b4e194,S2048-S8192,MEASUREMENT,S2048 1843.9/1043.3 1.77x; S3072 1.89x; S4096 1.02x->2.02x; S8192 7782.2/3044.8 2.56x,pre-band gaps 1.83/1.97/2.08-2.13/2.63-2.69
experiments/fused-training-megakernel/NOTES.md,2956,2026-07-05,attention,short-S banding,S512+S1024,NO-GO,S1024 T8 neutral (-0.2 then +4.5); S512 T4 +15.2 (2/40); degenerate points +22 to +70,pays only when straggler chain >=32 stages i.e. S>=2048
experiments/fused-training-megakernel/NOTES.md,2968,2026-07-05,attention,band emission order dq_first for S8192 (MK_ATTN_BAND_ORDER),S8192,PROMOTED,-88.4/-105.0us (16/16 both); promoted-vs-lpt -103.2 (16/16) / -74.2 (15/16),do NOT broaden: S2048 +8.9 S3072 +52.7 S4096 +47.3
experiments/fused-training-megakernel/NOTES.md,2984,2026-07-05,attention-fwd,ATTN_FWD_WG banding (flash-decoding q bands + range-limited OP_ATTN_COMBINE),S2048-S8192,PROMOTED,S2048/T16 -19.7; S3072/T32 -45.7; S4096/T32 -4.4/-11.1; S8192/T64 -452.2/-481.5,gate {2048:16;3072:32;4096:32;8192:64}; post S8192 7327.2/3137.1 2.34x; fwd no longer lead span
experiments/fused-training-megakernel/NOTES.md,3011,2026-07-05,attention-fwd,S4096 fwd-band retune T32->T22,S4096,PROMOTED,-23.26/-22.64us (40/40 both); promoted-default beats old by +20.77/+21.71,T24 weaker; S2048 T16 S3072 T32 S8192 T64 unchanged
experiments/fused-training-megakernel/NOTES.md,3029,2026-07-05,attention-onepass,fused one-pass attention bwd (dQ fused into OP_ATTN_DKV_WG),S4096,NO-GO,+118.98us (0/40); ~135MB/layer dQ fp32 atomics at S4096,two-pass K/V re-reads are L2-resident (~4MB << 50MB); store-amplification serializes; scales worse with S; default-off branch kept
experiments/fused-training-megakernel/NOTES.md,3049,2026-07-05,measurement,day-close composed long-S scoreboard at d86b5ce,S2048-S8192,MEASUREMENT,S2048 1.78x; S3072 1.89x; S4096 2.06x; S8192 7327.2/3137.1 2.34x (day start 2.69x),S8192 megakernel -12.7% today; short rows read ~20-40us above paired instrument
experiments/fused-training-megakernel/NOTES.md,3082,2026-07-05,attention,S4096 attention-bwd band budget T32->T29,S4096,PROMOTED,T29 -62.9/-60.4us (40/40 both); T28 -52.1/-53.4,three-band split beats two-band near boundary
experiments/fused-training-megakernel/NOTES.md,3099,2026-07-05,attention,S2048 attention-bwd band budget T16->T12,S2048,PROMOTED,-29.94/-36.69us (40/40 both); promoted-default +34.85/+32.27 old-minus-new,dq_first under T12 still loses (+18.50/+21.31)
experiments/fused-training-megakernel/NOTES.md,3114,2026-07-05,attention,S8192 attention-bwd band budget T32->T40,S8192,PROMOTED,-88.48/-109.62us (12/12 both); promoted-default +75.81/+80.37,band defaults now {2048:12;3072:16;4096:29;8192:40}
experiments/fused-training-megakernel/NOTES.md,3127,2026-07-05,rowop,S8192 QKNORM/ROPE-bwd split-V (post-T40),S8192,PROMOTED,-34.59/-63.47us (15/16; 16/16); promoted-default +42.88/+31.78,correctness hazard fixed: V pass-through must read unslotted dQKV_f32 root (stale kv slot broke w1.3 ~1.03 rel)
experiments/fused-training-megakernel/NOTES.md,3143,2026-07-05,rowop,S4096 QKBWD split-V boundary,S4096,PROMOTED,-16.59/-3.52 then confirm -9.60/-12.38us; promoted-default +28.61/+17.62,
experiments/fused-training-megakernel/NOTES.md,3160,2026-07-05,rowop,S3072 QKBWD split-V boundary,S3072,PROMOTED,-14.67/-8.99 then confirm -11.28/-12.85us; promoted-default +9.17/+15.81,post score S3072 2485.3/1273.2 1.95x
experiments/fused-training-megakernel/NOTES.md,3170,2026-07-05,rowop,S2048 QKBWD split-V boundary,S2048,NEUTRAL,default-first wash (+0.22; 20/40) despite split-first -12.85 (38/40),keep default gate at S3072+
experiments/fused-training-megakernel/NOTES.md,3183,2026-07-05,fusion,SSQ-fuse off default for S3072,S3072,PROMOTED,-5.39/-2.06 then confirm -4.85/-3.38us; promoted-default +3.38/+7.73 old-minus-new,S4096 rejected as order-mixed
experiments/fused-training-megakernel/NOTES.md,3201,2026-07-05,fusion,SSQ S8192 endpoint check,S8192,NEUTRAL,-2.27 then +2.34 order-mixed wash,keep SSQ fused at S8192
experiments/fused-training-megakernel/NOTES.md,3203,2026-07-05,fusion,SSQ-fuse off default for S2048,S2048,PROMOTED,-3.02/-7.63 confirm -10.66/-3.66us; promoted-default +8.37/+3.02,SSQ-off default = exact H256/D64 S2048+S3072 only; post score 1780.9/1044.8 1.70x
experiments/fused-training-megakernel/NOTES.md,3217,2026-07-05,rowop,post-SSQ S2048 split-V recheck,S2048,NEUTRAL,default-first -0.70 wash (19/40),keep split-V at S3072+
experiments/fused-training-megakernel/NOTES.md,3221,2026-07-05,fusion,S2048 Drow direct-store recheck,S2048,NO-GO,forced on +13.58/+3.22us,keep S2048 on atomic Drow epilogue
experiments/fused-training-megakernel/NOTES.md,3226,2026-07-05,attention,post-T29 order no-gos (dq_first; lpt_dq_tie; RMS R4),S4096,NO-GO,dq_first +51.7/+48.1 (0/40); lpt_dq_tie +11.9/+10.3 (2-6/40); RMS R4 +5.4/+5.2,keep S4096 T29 on lpt and RMS dx R2
experiments/fused-training-megakernel/NOTES.md,3240,2026-07-05,attention,S3072 post-composition band retunes,S3072,NEUTRAL,bwd T10-T28 lose/mixed/noise; fwd T20-T48 lose,keep bwd T16 fwd T32
experiments/fused-training-megakernel/NOTES.md,3254,2026-07-05,attention-fwd,attention-combine row batching (R=8 rows/tile; work unit = row x head),S3072-S8192,PROMOTED,S3072 -33.1/-27.9us (0/40 old); S4096 -28.5/-23.6; S8192 -69.5/-46.2,combine was one-row tiles = 2-4k claim-ring transactions; merged fe39656
experiments/fused-training-megakernel/NOTES.md,3266,2026-07-05,precision,fwd-band tiny-T bf16 partial precision note,nano,NOTE,forced T=4 at S512 overshoots grad bar (kn.3 0.0365 vs 0.03),pre-existing; default gates (S>=2048) avoid; store partials fp32 if ever gated short
experiments/fused-training-megakernel/NOTES.md,3279,2026-07-05,rowop,SwiGLU cached 2W at H256/S8192 post-band recheck,S8192,FLIP-PROMOTED,-111.9/-128.3us (16/16 both); promoted-default +128.8/+116.0 (0/16 old),pre-band rejected +47.5; banding rebalanced SM occupancy; S8192 ~7246us
experiments/fused-training-megakernel/NOTES.md,3289,2026-07-05,rowop,RMS dx R4 at H256/S4096 post-band recheck,S4096,NO-GO,+5.6/+8.1us (11/40 each),1.94-wave R2 quantization hypothesis did not pay
experiments/fused-training-megakernel/NOTES.md,3294,2026-07-05,infra-process,re-run cheap env knob sweeps after every structural scheduling change,all,LAW,S8192 flip worth 11x average recent promotion for two A/B runs,
experiments/fused-training-megakernel/NOTES.md,3300,2026-07-05,scheduling,idle32 at S8192 post-band recheck,S8192,FLIP-PROMOTED,8/8 paired runs negative; pooled -11.2us (100/128),pre-band rejected +13.2; idle_ns map {3072;4096;8192}->32
experiments/fused-training-megakernel/NOTES.md,3305,2026-07-05,scheduling,cold_cap 16/33 at S8192,S8192,NEUTRAL,order-mixed wash (+7.4/-4.0; +8.9/-4.0),keep uncapped
experiments/fused-training-megakernel/NOTES.md,3308,2026-07-05,lm-head,head-dx target 96/384 at S8192,S8192,NEUTRAL,neutral-to-mixed (+0.3/-2.0; +4.0/-11.9),keep 192
experiments/fused-training-megakernel/NOTES.md,3313,2026-07-05,scheduling,post-band resweep batch 2 (cold_cap; TN gate; dW target),S2048-S4096,NEUTRAL,cold_cap washes |d|<=3.4us; MK_WGMMA_TN=0 +161.5-173.9 (0/40); DW target192 +166.9-172.0 (0/40),no flips; TN gate + dW 128 target confirmed load-bearing post-band
experiments/fused-training-megakernel/NOTES.md,3322,2026-07-05,scheduling,S2048 idle-poll 32ns,S2048,PROMOTED,-12.13/-14.74us (40/40; 38/40); promoted-default +15.04/+11.34 old-minus-new,idle64 also won less; 128 weaker
experiments/fused-training-megakernel/NOTES.md,3334,2026-07-05,attention-fwd,S8192 fwd-band retune on T40-bwd base,S8192,NEUTRAL,T48 +105.3/+90.2 (0/16); T56 +40.9/+27.7; T72 +398.8 T80 +510.3 (unsplit-straggler cliff),fwd T=64 confirmed sharp optimum; idle16/64 washes
experiments/fused-training-megakernel/NOTES.md,3344,2026-07-05,gemm-fwd,post-band n128 routing recheck,S4096+S8192,NEUTRAL,S4096 N128=0 +132.4/+123.7 (0/40); lm-only +65.7/+54.4; S8192 =0 +423.0/+400.0 (0/16); _NN=0 +33-96,all n128 defaults load-bearing; GPU-2 reads 1.6-1.8x high under clean guards — do not time there
experiments/fused-training-megakernel/NOTES.md,3354,2026-07-05,attention-fwd,combine-R neighbor sweep,S4096+S8192,NEUTRAL,R4 loses (+5.4/+8.0; +15.7/+0.6); R16 order-mixed under promotion bar,keep MK_ATTN_COMBINE_R=8
experiments/fused-training-megakernel/NOTES.md,3360,2026-07-05,attention-dkv,S8192 DKV row-scalar broadcast (MK_ATTN_DKV_ROW_BCAST),S8192,PROMOTED,-10.90/-9.02; confirm -16.85/-13.97us; promoted-default +10.61/+7.60 old-minus-new,exact H256/D64/S8192 gate; later de-promoted (line 3375)
experiments/fused-training-megakernel/NOTES.md,3375,2026-07-06,attention-dkv,row-broadcast recheck after MK_GEMM_MBAR_RING default (31dad00),S8192,SUPERSEDED,forced old beat promoted default -32.43/-30.77us (16/16 both),no longer composes; default gate emptied; env kept for A/B
experiments/fused-training-megakernel/NOTES.md,3384,2026-07-05,measurement,post-row-broadcast S8192 profile/score,S8192,MEASUREMENT,mk 7016.6us vs graph+ 3123.3 (2.25x); DKV 2584.4 (2073.0 wait); FWD 1092.6,row-broadcast real but small; attack DKV wait/dependency structure next
experiments/fused-training-megakernel/NOTES.md,3397,2026-07-05,rowop,S8192 RMSNorm bwd-dx H256 fixed-width op (OP_RMSNORM_BWD_DX_H256),S8192,PROMOTED,-25.10/-43.33us (16/16 both); forced-old +23.33/+26.99,S4096 order-mixed rejected; no runtime H loop/divide
experiments/fused-training-megakernel/NOTES.md,3414,2026-07-05,rowop,H256 S512+S1024 RMS dx H256 route widening,nano+S1024,PROMOTED,nano old-minus-new +2.42/+6.40us (196-260/300); S1024 +15.28/+5.89 (236/240; 197/240),S256 not promoted; gate = H256 S512/S1024/S8192; S128 stays FMA route
experiments/fused-training-megakernel/NOTES.md,3434,2026-07-05,measurement,post-RMS S8192 profile/score,S8192,MEASUREMENT,7156.9 vs 3119.0 (2.29x); DKV 2649.7 (2112.1 wait) FWD 1132.5 lm-head 440.0,DKV wait/dependency structure still bigger target than rowop cleanup
experiments/fused-training-megakernel/NOTES.md,3445,2026-07-05,rowop,S4096 H256/I768 SwiGLU-BWD 3W route,S4096,NO-GO,initial ~-50us both orders but promoted-default confirmation invalidated (old -6.42 faster / +0.38 neutral),source probe reverted; S8192 also neutral-worse
experiments/fused-training-megakernel/NOTES.md,3461,2026-07-05,fusion,H256 S256+S512 Drow zero-fill skip on direct-store route,S256+nano,PROMOTED,S256 +7.89/+1.82us zero-minus-skip; nano +0.93/+2.16,small prefers old fill (+13.74); S1024/S128 order-mixed; atomic shapes keep fill
experiments/fused-training-megakernel/NOTES.md,3486,2026-07-05,infra-process,knob consolidation into one measured per-shape tuning table (56ab960),all,SCAFFOLD,route snapshot hashes IDENTICAL on all 11 gauntlet shapes,pure relocation; keys keep measured gate dimensionality; stale extension-lock gotcha noted
experiments/fused-training-megakernel/NOTES.md,3509,2026-07-05,attention,S8192 post-specialization resweep (bands + idle),S8192,NEUTRAL,bwd T36 +102.0/+104.1 (0/16) T44 +10.7/+22.6; fwd T56 +26.1 T72 +413.3/+417.7; idle64 +1.6/+5.8,all S8192 defaults hold; resweep law satisfied with no changes
experiments/fused-training-megakernel/NOTES.md,3522,2026-07-05,gemm-dx,deep SW128 stages S6/S8/S9 long-K (operator-gap GEMM lane),standalone+multi,NO-GO,S8 standalone 8192x256x8192 187.4->175.8us but 208KB smem tax: nano +6.1 small +42.2 S4096 +67.2 S8192 +94.9,global-page tax dominates per-GEMM win; revisit only with per-op big-smem page or warp-spec producer
experiments/fused-training-megakernel/NOTES.md,3554,2026-07-05,qwen,qwen4b-l1 cold-cap uncap (L==1 H>=1024 V>=32768 -> cap0),qwen4b-l1,PROMOTED,cap48 29432.9us -> cap0 22094.0; cap64 23021.5; confirm both orders,L=1 has no later hot work to overlap giant dW sinks; small caps starve sinks (cap4 215.8ms)
experiments/fused-training-megakernel/NOTES.md,3569,2026-07-05,measurement,post-cap qwen4b-l1 profile,qwen4b-l1,MEASUREMENT,22118.5us; 26 hops; 6883.5 wait; lm-head fwd/dX 4440.0/3553.3; ATTN_FWD 1813.3 ATTN_DQ 1503.3,D=128 WGMMA/FA4-C route is the real attention fix
experiments/fused-training-megakernel/NOTES.md,3578,2026-07-05,attention-dq,generic D=128 attention dQ Cq retune 4->1 (exact qwen shape gate),qwen4b-l1,PROMOTED,Cq1 21948.0 vs Cq4 22089.3us; promoted paired wins 85.1/94.8us old-minus-new,OP_ATTN_DQ 1024 tiles vs 4096; identical loss
experiments/fused-training-megakernel/NOTES.md,3594,2026-07-05,lm-head,lm-head fat-tile staged 128x256 standalone probe,small+S8192+qwen4b-l1,VALIDATED-PARKED,standalone small lm_head 73.9->60.7us S8192 182.8->154.6 qwen 2791.5->2459.0; 160KB page fails cudaErrorCooperativeLaunchTooLarge,do not integrate staged route into single cooperative kernel
experiments/fused-training-megakernel/NOTES.md,3610,2026-07-05,lm-head,100KB direct-store 128x256 variant,small+S8192+qwen4b-l1,MEASUREMENT,small 73.1 vs 72.2 noise; S8192 182.8->193.2 regression; qwen 2784.7->2490.9 win,qwen-specific direct-store candidate only; needs CE/lse partials + 128-col tail before promotion
experiments/fused-training-megakernel/NOTES.md,3623,2026-07-05,lm-head,qwen lm-head direct n256 route (bit14 m64n256 NT + register CE/LSE partials + tail guard),qwen4b-l1,PROMOTED,step 22051.4->21142.3us (+909.1 old-minus-new); span 3528.9->2675.1; tiles 9496->4752,exact (1024;151936;2560) gate; staged n256 stays blocked; broad direct n256 stays rejected
experiments/fused-training-megakernel/NOTES.md,3648,2026-07-05,lm-head,qwen lm-head dX n128 no-atomic route (MK_HEAD_DX_N128_F32),qwen4b-l1,PROMOTED,21204.1->19576.0us (+1628.1); split-atomic variant +1560.9 weaker,sk=1 was paying zero-fill/atomics; env-only check then exact-shape promotion; does not broaden nano/small verdicts
experiments/fused-training-megakernel/NOTES.md,3672,2026-07-05,lm-head,qwen head-dX n256 no-atomic route (MK_HEAD_DX_N256_F32; bit14 NN fp32),qwen4b-l1,PROMOTED,probe n128 2740.9us (290.6TF) -> n256 2126.1 (374.7TF); step 19587.0->18990.3 (+596.7),fat_gemm_nn_probe standalone guardrail; exact (1024;2560;151936) gate
experiments/fused-training-megakernel/NOTES.md,3702,2026-07-05,gemm-dw,qwen dW sk1 no-atomic route (MK_DW_NO_ATOMIC_SK1),qwen4b-l1,PROMOTED,paired medians 19017.4us->15897.3us (+3120.0us old-minus-new),five dW rows flags 169->137; no split-K/atomics; tests green
experiments/fused-training-megakernel/NOTES.md,3728,2026-07-05,scheduling,post-dW-noatomic cold-cap resweep,qwen4b-l1,NO-GO,cap64 -2661.7us; cap96 -1082.2us; cap128 -50.2us 1/12,keep default_cold_cap=0; EMBED_BWD wait not a cap target
experiments/fused-training-megakernel/NOTES.md,3734,2026-07-05,gemm-dw,qwen dW m64n256 fp32 TN route (MK_DW_N256_TN_F32),qwen4b-l1,PROMOTED,16151.7us->12973.8us (+3178.0us); vocab dW tile 3480.7->2112.3us n256,exact-gated 5 qwen dW shapes; tile counts quartered
experiments/fused-training-megakernel/NOTES.md,3754,2026-07-06,qwen,post-dWTN route interaction resweep (head-dX n256 + lm-head n256),qwen4b-l1,NO-GO,head-dX n256 kept +504.5us 16/16; lm-head n256 kept +862.0us 16/16,forced-old routes rejected; keep n256 defaults
experiments/fused-training-megakernel/NOTES.md,3762,2026-07-06,attention,D=128 WGMMA attention trio OP_ATTN_FWD/DKV/DQ_WG128 default-on,qwen4b-l1,PROMOTED,env A/B -1586.5/-1846.4us 12/12 both orders; old wins 0/12; ~9% of qwen step,split-D + P-parking + redundant-S; commits 1566e51..dac7321; worst grad rel 0.008648
experiments/fused-training-megakernel/NOTES.md,3785,2026-07-06,infra-process,executor smem-attribute caching + ws 256B carveout overrun fixes,all,PROMOTED,stale MaxDynamicSharedMemorySize caused illegal smem; ws overran 112KB by 256B,c590974 + f33f604; would bite any D=128 landing
experiments/fused-training-megakernel/NOTES.md,3806,2026-07-06,measurement,current-head D128 route default-vs-forced-old A/B,qwen4b-l1,MEASUREMENT,default 11043.2 vs old 13124.7us; old-minus-default +2081.5/+1874.8us 12/12 both orders,worst grad rel 0.008648 emb
experiments/fused-training-megakernel/NOTES.md,3817,2026-07-06,infra-process,profiler smem fallback footgun fix (profile_df/profile_waves),qwen4b-l1,PROMOTED,invalid shared write at wgmma_attention.cuh:1411 above 100KB,profilers now pass _smem_bytes to Program.run
experiments/fused-training-megakernel/NOTES.md,3826,2026-07-06,measurement,post-fix qwen4b-l1 profile,qwen4b-l1,MEASUREMENT,total 11070.1us; head-dX 2912.8us; lm-head fwd 2698.5us; on-path wait 360.7us,next lane = giant vocab/head GEMMs not D=128 attention
experiments/fused-training-megakernel/NOTES.md,3835,2026-07-06,gemm-fwd,qwen no-residual NT bf16 n256 direct route (MK_WGMMA_N256_NT_BF16),qwen4b-l1,PROMOTED,+228.9us/+174.5us old-minus-new 16/16 both orders,wgu/wqkv tiles halved; old dispatch bug caught by standalone probe
experiments/fused-training-megakernel/NOTES.md,3870,2026-07-06,gemm-fwd,qwen residual NT bf16 n256 direct route (wo/wd + SSQ epilogue),qwen4b-l1,PROMOTED,+276.1/+248.5us 16/16 both orders; profile total 10850.8us,residual add + SSQ partials preserved in n256 epilogue
experiments/fused-training-megakernel/NOTES.md,3906,2026-07-06,tma-smem,mbarrier feed-ring in-model GEMM port (generic m64n64 + n128),nano/small,NO-GO,nano -15.2us 0/20; small n128 -51.0us 1/24,standalone ring win does not transfer onto current op bodies; keep as rewrite spec
experiments/fused-training-megakernel/NOTES.md,3939,2026-07-06,attention-dq,D=128 dQ row-split route (MK_ATTN_D128_DQ_RS),qwen4b-l1,PROMOTED,+32.54/+35.79us medians 50/64 both orders; dQ span 317.6->186.0us,148KB carveout; direct-store when C==1
experiments/fused-training-megakernel/NOTES.md,3979,2026-07-06,attention-fwd,D=128 fwd mbarrier ring (MK_ATTN_D128_FWD_MB),qwen4b-l1,PROMOTED,+38.13/+31.73us 58/64+52/64; fwd span 225.4->131.5us,two-stage K/V mbarrier ring; composes with dQ row-split
experiments/fused-training-megakernel/NOTES.md,4017,2026-07-06,attention-dq,D=128 dQ mbarrier/split-wait (MK_ATTN_D128_DQ_MB),qwen4b-l1,NO-GO,-0.82/-11.39us 31/64+22/64; dQ span 201.9->198.6us,reverted; overlap too small after row-split/direct-store
experiments/fused-training-megakernel/NOTES.md,4042,2026-07-06,gemm-dw,qwen direct-store dW fill elision (MK_DW_DIRECT_SKIP_FILL),qwen4b-l1,PROMOTED,+523.90/+514.19us 48/48 both orders; n_instr 51->46; best total 10270.6us,skips five dW fills; grad:emb fill still required
experiments/fused-training-megakernel/NOTES.md,4079,2026-07-06,tma-smem,qwen n256 3-stage operand ring (bit25 MK_WGMMA_N256_STAGE3),qwen4b-l1,PROMOTED,+424.24/+387.22us 32/32 each; profile 10815.7->10434.9us,3x(16KB A + 32KB B) stages fit 148KB page; all 11 n256 rows
experiments/fused-training-megakernel/NOTES.md,4128,2026-07-06,scheduling,post-stage3 MK_COLD_CAP resweep,qwen4b-l1,NO-GO,cap96 +7.26us then -9.07us order-mixed; -3.14 overall 47/96,keep default_cold_cap=0
experiments/fused-training-megakernel/NOTES.md,4135,2026-07-06,executor,cooperative cluster launch enablement (MK_CLUSTER_X=2 cudaLaunchKernelEx),all,SCAFFOLD,launch-only A/B neutral -2.69us overall 31/64,no tax; prep for adjacent-M B-multicast; default stays cluster1
experiments/fused-training-megakernel/NOTES.md,4172,2026-07-06,scheduling,qwen n256 N-major tile order (bit26 MK_WGMMA_N256_NMAJOR),qwen4b-l1,PROMOTED,+39.87/+29.97us medians; overall +35.36us 64/96,precondition for cluster-2 B-multicast; df2 treats bit26 non-row-linear
experiments/fused-training-megakernel/NOTES.md,4207,2026-07-06,tma-smem,cluster DSMEM-fed GMMA probe,standalone,NO-GO,rank1 remote-B max err 3.25e+01; descriptor start collapses to 0x240,14-bit GMMA shared descriptor cannot carry cluster rank; use TMA multicast
experiments/fused-training-megakernel/NOTES.md,4236,2026-07-06,tma-smem,cluster TMA multicast + local GMMA probe,standalone,VALIDATED-PARKED,both ranks max err 3.8e-06; 6.37us two-CTA harness,viable paired-M primitive; elected CTA issues multicast B load
experiments/fused-training-megakernel/NOTES.md,4263,2026-07-06,tma-smem,production-shaped n256 pair TMA probe,qwen-shaped,NO-GO,cpasync 44.070us (502.5 TF) vs tma-nosync 46.722us; tma-sync 80.608us,needs decoupled producer warp or different ring; pivot away from n256 B-multicast
experiments/fused-training-megakernel/NOTES.md,4293,2026-07-06,scheduling,qwen n256 scheduler follow-ups (head-dX M-major mask; MK_CLAIM retune),qwen4b-l1,NO-GO,claim64 +3359us claim32 +9012us claim16 +17797us all 0 wins; M-major mask order-mixed,keep N-major policy + default MK_CLAIM
experiments/fused-training-megakernel/NOTES.md,4316,2026-07-06,rowop,qwen sparse embedding-gradient clear (OP_EMBED_ZERO_ROWS + OP_COPY_I32),qwen4b-l1,PROMOTED,+234.46/+254.32us 32/32; default-vs-old +259.01/+234.91us 32/32; profile 10159.6us,gate L==1 && H>=1024 && V>=32768
experiments/fused-training-megakernel/NOTES.md,4365,2026-07-06,rowop,qwen H2560 RMS dX R4 recheck (MK_RMS_DX_R4),qwen4b-l1,NO-GO,-22.70/-25.10us; 5/32 R4 wins each order,keep two-row RMS dX body
experiments/fused-training-megakernel/NOTES.md,4379,2026-07-06,rowop,qwen combined RMS backward recheck (MK_RMS_BWD_SPLIT_DW=0),qwen4b-l1,NO-GO,+11.04us then -50.11us order-biased,keep split RMS backward; cold dW stays off dX path
experiments/fused-training-megakernel/NOTES.md,4391,2026-07-06,ce,qwen CE fwd/bwd fusion probe (OP_CE_FWD_BWD),qwen4b-l1,NO-GO,-109.87us then +29.12us order-mixed; fused span 327.1 vs 34.7+296.4us,source reverted; fusion must also change downstream head/dW dataflow
experiments/fused-training-megakernel/NOTES.md,4409,2026-07-06,scheduling,qwen D=128 attention claim1 (MK_ATTN_D128_CLAIM1),qwen4b-l1,PROMOTED,+37.30/+35.07us 31/32+30/32; default-vs-old +36.46/+33.90us 26/32,overturned earlier order-mixed wash after sparse-embed defaults
experiments/fused-training-megakernel/NOTES.md,4433,2026-07-06,scheduling,qwen D=128 DQ-before-DKV emission order,qwen4b-l1,NO-GO,-0.86us then +9.55us weak 17/32+20/32,source reverted; dQ wait balanced against dKV completion requirement
experiments/fused-training-megakernel/NOTES.md,4448,2026-07-06,scheduling,qwen post-claim1 all-hot recheck (MK_ALLHOT=1),qwen4b-l1,NO-GO,-18.05/-16.10us; 9/32+8/32 all-hot wins,keep hot/cold criticality; gap is structural n256/rowop work
experiments/fused-training-megakernel/NOTES.md,4461,2026-07-06,rowop,qwen SwiGLU two-warp backward (MK_SWIGLU_BWD_2W); sigmoid cache rejected,qwen4b-l1,PROMOTED,default beat old 399.79/386.42us 0/32 old wins; 2W-only over cache+2W +95.54/+94.21us; cache-only lost 251/281us 0/32,gate exact qwen4b-l1; MK_SWIGLU_CACHE_SIG stays 0
experiments/fused-training-megakernel/NOTES.md,4500,2026-07-06,measurement,fresh qwen profile after 2W-only gate,qwen4b-l1,MEASUREMENT,total 9735.6us; SWIGLU_BWD_2W 5.2us wait + 120.1us span,leaders: n256 head rows; MLP; D128 dQ wait; qknorm/CE
experiments/fused-training-megakernel/NOTES.md,4505,2026-07-06,gemm-dx,qwen head-dX n256 split-K probe (MK_HEAD_DX_N256_SPLIT),qwen4b-l1,NO-GO,sk2 -34.90/-16.67; sk3 -60.80/-31.66; sk4 -78.19/-29.44us,extra fill/wave/fp32 atomics eat shorter-K benefit; reverted
experiments/fused-training-megakernel/NOTES.md,4525,2026-07-06,attention-dq,D=128 dQ register-A feed narrow port (MK_ATTN_D128_DQ_RF),qwen4b-l1,NO-GO,-6.40/-14.08us medians 30/64+23/64,reverted; revisit only within S^T/full-TMA bwd rewrite
experiments/fused-training-megakernel/NOTES.md,4549,2026-07-06,attention-fwd,fwd KV-widening w128 in-model (OP_ATTN_FWD_WGW128),s512/s1024/s4096,NO-GO,S4096 +18.7/+17.4us 2/40; S512 -6.5/-1.9 order-decaying; S1024 +3.3/+7.7,+11-19% standalone win absorbed (5th ledger strike); grad rel ~0.021 numerics caveat; stays default-off building block
experiments/fused-training-megakernel/NOTES.md,4575,2026-07-06,rowop,long-S rowop gap decomposition,s2048/s4096/s8192,CLOSED-BY-ANALYSIS,op bodies at baseline parity (~260 vs 254us at S4096); deficit is critical-path span stretch,no rowop op-quality lane; only epilogue-fusion structural lever; qknorm S8192 bandwidth-bound 91us/instr
experiments/fused-training-megakernel/NOTES.md,4608,2026-07-06,measurement,dispatch-spill regression caught by full certification,all,MEASUREMENT,scoreboard uniformly high; S8192 +624us (+8.8%); small +200us,per-lane paired A/Bs cannot see uniform tax; STACK 32->208 at 544640f flagged
experiments/fused-training-megakernel/NOTES.md,4635,2026-07-06,infra-process,CORRECTION: STACK is not the spill mechanism,small,REFUTED,regression cumulative across ungated n256 commits; n256 compiled out is WORSE (3735.6us STACK 80),STACK/res-usage cannot certify a fix; hot gemm dispatch caller codegen is the surviving mechanism
experiments/fused-training-megakernel/NOTES.md,4667,2026-07-06,infra-process,RESOLUTION: five D=128 attention ops __noinline__ before dispatch switch,small/qwen4b-l1,PROMOTED,small 3660.4->3557.7us (STACK 176->128); qwen neutral; ~15M of 16M local sectors at megakernel.cu:351-424,LAW: fat op bodies must be __noinline__; certify via executed local-LD sectors + runtime
experiments/fused-training-megakernel/NOTES.md,4687,2026-07-06,infra-process,D=64 wg attention trio __noinline__ spill zeroed,all,PROMOTED,local-LD 4.09M->0 sectors; small 3557.7->3511.1us; scoreboard nano -11.5 small -150 deep -25 S2048 -69 S3072 -112 S4096 -166 S8192 -502us,exonerated sparse embed-clear / cluster launch / n256 trampoline; keep LD==0 gate at small
experiments/fused-training-megakernel/NOTES.md,4708,2026-07-06,fusion,epilogue-fusion phase 1 MLP rmsnorm dissolution (MK_EPIFUSE_MLP),small/s4096/s8192,NO-GO,small wash; S4096 +10-19us worse; S8192 +17-19us worse; critical_path 144->144,hop REPLACEMENT is not hop DELETION (7th absorption strike); kept in wt-epifuse
experiments/fused-training-megakernel/NOTES.md,4728,2026-07-06,lm-head,long-S head block routed through n256 direct,s3072/s4096/s8192,PROMOTED,S8192 -245us; S3072 ~-50us; S4096 ~-45us; lm -165 dx -82 at S8192,gate excludes small/S2048 (+99/+66 triage regressions); nano/deep neutral verified
experiments/fused-training-megakernel/NOTES.md,4746,2026-07-06,attention,bwd-attention S/dP one-batch + fused ALU pass (wga_mma64_x2),all,PROMOTED,nano -5.6 small -9.9 S2048 -2.9 S3072 -13.2 S4096 -20.0 S8192 -113.1/-93.8us,deletes one full drain + one smem round-trip per 64-row stage; REG:255 LD 0; dkv-only was -40/-49
experiments/fused-training-megakernel/NOTES.md,4770,2026-07-06,attention-dq,D=128 dQ rowsplit register-A dS feed (FA4 RS-feed port),qwen4b-l1,PROMOTED,op harness 103.65->99.62us; smem 144->128KB; STACK unchanged,deletes dS smem tile / proxy fence / WG sync; avoids dispatch tax that killed dKV S^T port
experiments/fused-training-megakernel/NOTES.md,4787,2026-07-06,rowop,qwen D=128 QKNORM_ROPE_BWD cached-pair path (MK_QKBWD_D128_CACHE),qwen4b-l1,PROMOTED,+25.5/+26.8us medians; QKNORM 304.5->281.2us; main A/B +28.7us 20/24,runtime-scoped to measured qwen attention shape
experiments/fused-training-megakernel/NOTES.md,4812,2026-07-06,gemm-dx,qwen MLP dX m64n256 BF16 NN route (MK_WGMMA_N256_NN_BF16),qwen4b-l1,PROMOTED,+120.5/+102.8us 24/24 both orders; profile 9314.2->9220.1us,wd/wgu dX tiles halved; small-shape n256 BF16 probe stays rejected
experiments/fused-training-megakernel/NOTES.md,4843,2026-07-06,gemm-dx,qwen qkv dX m64n256 BF16 NN route (MK_WGMMA_N256_QKVDX_BF16),qwen4b-l1,PROMOTED,+21.7/+27.1us 15/16+14/16; row span 288.6->264.2us; main +25.6/+31.5us,best profile 9368.5->9148.0us
experiments/fused-training-megakernel/NOTES.md,4869,2026-07-06,gemm-dx,qwen fused dOatt/Drow m64n256 route (MK_WGMMA_N256_DROW_BF16),qwen4b-l1,PROMOTED,+152.8/+127.5us 16/16 both orders; Drow span 350.7->244.7us,best traced step 9287.3->9022.7us; main A/B +120.2/+140.3us
experiments/fused-training-megakernel/NOTES.md,4897,2026-07-06,attention-fwd,ATTN_FWD_WG cross-stage PV pipeline (triple-buffered K/V),all,PROMOTED,S8192 -53.6/-41.0us; small -18.3/-15.7; S4096/nano noise,O/LSE bitwise identical; far below -270 hope (8th absorption entry); S8192 786432 local-LD pre-existing flagged
experiments/fused-training-megakernel/NOTES.md,4915,2026-07-06,lm-head,S256 lm-head n128 default retune (wgmma_n128_ok M gates),s256,PROMOTED,+6.56/+5.90us 145/160+139/160,gate M<512 off; 512<=M<1024 lm_head-only; nano boundary no-change
experiments/fused-training-megakernel/NOTES.md,4932,2026-07-06,measurement,long-S local-LD trace,s8192,LAW,786432 LD sectors = op_attn_combine float w[8] dynamic index; stall cost ~1-2us,LAW amendments: LD==0 gate shape-scoped; attribute via innermost inline frame
experiments/fused-training-megakernel/NOTES.md,4949,2026-07-06,rowop,qwen SwiGLU backward 4W route (MK_SWIGLU_BWD_4W),qwen4b-l1,PROMOTED,+355.71/+329.78us 47/48+48/48; main +355.97/+342.80us 48/48,four warps per I=9728 row; separate from earlier small H512 4W no-go
experiments/fused-training-megakernel/NOTES.md,4977,2026-07-06,measurement,qwen4b-L1 profile anchor at 607ed60,qwen4b-l1,MEASUREMENT,total 9221.8us; head-dX 2886.0us; lm-head fwd 2463.6us; on-path wait 306.8us,off-path vocab dW 5112.1us overlapped
experiments/fused-training-megakernel/NOTES.md,4989,2026-07-06,scheduling,qwen n256 N-major route confirmation (MK_WGMMA_N256_NMAJOR=0),qwen4b-l1,NO-GO,forced M-major lost +87.02us (2/16) and +37.73us (4/16),keep N-major default-on
experiments/fused-training-megakernel/NOTES.md,5001,2026-07-06,tma-smem,qwen n256 stage3 route confirmation (MK_WGMMA_N256_STAGE3=0),qwen4b-l1,NO-GO,forced stage2 lost +293.62/+251.34us 0/16 both orders,keep stage3 default-on
experiments/fused-training-megakernel/NOTES.md,5012,2026-07-06,rowop,small SwiGLU backward 4W route,small,FLIP-PROMOTED,+132.27/+121.23us 80/80 both; promoted +126.06/+133.02us 80/80; profile 3458.7us gap 1.82x,overturned earlier small 4W no-go after scheduler/impl changes
experiments/fused-training-megakernel/NOTES.md,5046,2026-07-06,rowop,small SwiGLU cache-off with 4W (final default),small,PROMOTED,cache-off +25.68/+22.70us 78/80; vs full old default +156.70/+148.88us 80/80; score 3425.9 vs 1916.7us (1.79x),removes small from _SWIGLU_CACHED_2W
experiments/fused-training-megakernel/NOTES.md,5074,2026-07-06,measurement,ab4ffde local-load certification,small,MEASUREMENT,local_op_ld.sum = 0; local_op_st 8437760,earlier 2906 LD sectors belonged to intermediate cached 4W arm; LD law stays small==0
experiments/fused-training-megakernel/NOTES.md,5090,2026-07-06,rowop,nano MK_SWIGLU_BWD_4W recheck,nano,NO-GO,+10.51us 72/80 then -5.34us 18/80 order flip,keep generic SwiGLU backward for nano
experiments/fused-training-megakernel/NOTES.md,5099,2026-07-06,scheduling,small MK_COLD_CAP cap64 recheck,small,NO-GO,+15.09us 68/80 then -1.02us 38/80 order flip,keep cap48
experiments/fused-training-megakernel/NOTES.md,5107,2026-07-06,tma-smem,small MK_GEMM_MBAR_RING=0 recheck,small,NO-GO,forced-old lost +38.03/+44.38us; default wins 62/80+79/80,keep D64 mbar-ring default gate
experiments/fused-training-megakernel/NOTES.md,5116,2026-07-06,gemm-dx,small NN n128 route retune (narrow disable in wgmma_n128_ok),small,PROMOTED,+28.67/+28.40us 78/80+77/80; broad ext +11.76/+7.01us; final +39.22/+33.17us 80/80; profile 3374.9us,NN rows (1024;512;3072)/(1024;512;1024)/(1024;1536;512) back to m64n64; one contaminated log discarded
experiments/fused-training-megakernel/NOTES.md,5175,2026-07-06,gemm-fwd,small NT n128 route retune (exact NT shapes off n128),small,PROMOTED,+56.46/+55.62us 80/80 both; promoted +53.36/+44.85us; profile 3354.8us gap 1.78x,24 NT rows back to m64n64
experiments/fused-training-megakernel/NOTES.md,5204,2026-07-06,scheduling,post-n128 small cold-cap resweep,small,NO-GO,cap48-vs-cap64 -0.13/+1.36us flat; cap0 worse 3322us,keep cap48
experiments/fused-training-megakernel/NOTES.md,5219,2026-07-06,tma-smem,post-n128 small GEMM mbar-ring recheck,small,NO-GO,forced-old lost +154.51/+150.94us 80/80 both,keep D64 mbar-ring
experiments/fused-training-megakernel/NOTES.md,5230,2026-07-06,lm-head,post-NT small lm-head n128 check (MK_WGMMA_N128=0),small,NO-GO,n128off lost -48.88/-48.67us with 1/80+0/80 wins,keep lm-head n128 route
experiments/fused-training-megakernel/NOTES.md,5244,2026-07-06,attention,post-n128 small attention chunk recheck (DKV_C/DQ_C variants),small,NO-GO,all four variants lost -77.71..-32.99us with zero wins,keep DKV_C=1/DQ_C=1
experiments/fused-training-megakernel/NOTES.md,5259,2026-07-06,gemm-fwd,small direct-BF16 GEMM epilogue post-n128 promotion,small,FLIP-PROMOTED,+27.82/+27.01us 80/80 both; promoted-vs-old 28.82/23.71us; profile 3320.1us gap 1.74x,earlier S128-only gate widened to exact small; 32 rows / 5632 tiles
experiments/fused-training-megakernel/NOTES.md,5284,2026-07-06,attention-dq,post-direct DQ_C=2 recheck,small,NO-GO,-29.44/-28.46us; 2/80+1/80,keep DQ_C=1
experiments/fused-training-megakernel/NOTES.md,5294,2026-07-06,scheduling,post-direct cold-cap64 recheck,small,NO-GO,-3.04/-0.85us; cap64 wins 65/160+75/160,keep cap48
experiments/fused-training-megakernel/NOTES.md,5303,2026-07-06,rowop,post-direct small RMS dX R4 recheck,small,NO-GO,-34.08/-35.23us; R4 wins 0/160+1/160,keep normal two-row RMS dX route
experiments/fused-training-megakernel/NOTES.md,5315,2026-07-06,attention-dkv,post-direct small dKV float2 recheck (forced scalar),small,NO-GO,scalar lost -30.77/-28.56us 1/80+0/80,keep dKV float2 direct-atomic
experiments/fused-training-megakernel/NOTES.md,5326,2026-07-06,precision,small attention precise-log promotion (MK_ATTN_FAST_LOG off),small,PROMOTED,precise beat fast +1.34..+2.35us across 80/240/480 reps; promoted -1.04/-1.65us,tiny but repeatable; profile 3331.4us; score 3312.6 vs 1898.0us
experiments/fused-training-megakernel/NOTES.md,5347,2026-07-06,attention-dq,small dQ float2-store recheck (MK_ATTN_DQ_FLOAT2_STORE=1),small,NO-GO,-3.18/-5.76us; 33/80+27/80,keep _adqf2 limited to H256 long-shape gates
experiments/fused-training-megakernel/NOTES.md,5358,2026-07-06,precision,small attention exp2 recheck (MK_ATTN_EXP2_APPROX=0),small,NO-GO,precise lost -28.80/-25.66us 3/80 both,keep _aex2 enabled
experiments/fused-training-megakernel/NOTES.md,5368,2026-07-06,rowop,small qknorm D64 cache recheck (MK_QKBWD_D64_CACHE=0),small,NO-GO,old loop lost -29.25/-26.21us 2/80+1/80,keep _qkbc
experiments/fused-training-megakernel/NOTES.md,5378,2026-07-06,precision,small SwiGLU FMA derivative recheck (MK_SWIGLU_FMA_DERIV=0),small,NO-GO,old +0.30/+2.24us weak; 240-rep split +1.28/-1.30us,keep _swfma; challenger failed both-order repeat gate
experiments/fused-training-megakernel/NOTES.md,5393,2026-07-06,precision,small lm-head exp2 recheck (MK_LMHEAD_EXP2_APPROX=0),small,NO-GO,precise lost -68.45/-67.42us 0/80 both,keep _lex2
experiments/fused-training-megakernel/NOTES.md,5404,2026-07-06,gemm-dx,small Drow direct-store recheck (MK_DROW_DIRECT_STORE=0),small,NO-GO,old atomic path lost -46.56/-49.86us 0/80 both,keep _drowst
experiments/fused-training-megakernel/NOTES.md,5415,2026-07-06,attention-dkv,small dKV direct-atomic recheck (MK_ATTN_DKV_DIRECT_ATOMIC=0),small,NO-GO,old smem-drain lost -91.33/-94.29us 0/80 both,keep _adkva/_adkvf2
experiments/fused-training-megakernel/NOTES.md,5426,2026-07-06,ce,small CE backward exp2 recheck (MK_CE_BWD_EXP2_APPROX=0),small,NO-GO,precise lost -13.98/-12.46us 11/80+8/80,keep _ceb2; margin smaller than original but order-stable
experiments/fused-training-megakernel/NOTES.md,5437,2026-07-06,rowop,small SwiGLU cache recheck (MK_SWIGLU_CACHE_SIG=1),small,NO-GO,cache-on lost -17.70/-18.00us 5/80+4/80,keep sigmoid cache off
experiments/fused-training-megakernel/NOTES.md,5448,2026-07-06,measurement,small profile/score refresh at 581278a,small,MEASUREMENT,profile 3300.9us; score 3289.4 vs graph+ 1894.0us (1.74x),top: ATTN_DQ_WG 294.7; SWIGLU_BWD_4W 281.2; ATTN_FWD_WG 255.3us
experiments/fused-training-megakernel/NOTES.md,5460,2026-07-06,attention-dq,small dQ row-broadcast source probe (MK_ATTN_DQ_ROW_BCAST),small,NO-GO,-14.00/-13.47us; rowbcast wins 8/80+14/80,temporary probe removed; no knob/default added
experiments/fused-training-megakernel/NOTES.md,5474,2026-07-06,rowop,small RMS backward split recheck (MK_RMS_BWD_SPLIT_DW=0),small,NO-GO,combined lost -5.39/-12.02us 26/80+15/80,keep split; fewer instrs do not offset dW drain on dX chain
experiments/fused-training-megakernel/NOTES.md,5488,2026-07-06,gemm-dx,small lm-head dX route recheck (old split-atomic; m64 no-atomic),small,NO-GO,oldsplit -5.14/-3.87us; m64 variant sub-us reverse-order effect at 480 reps,keep current n128 fp32/no-atomic default
experiments/fused-training-megakernel/NOTES.md,5509,2026-07-06,rowop,small Drow zero-fill skip recheck (MK_DROW_ZERO_FILL=0),small,NO-GO,+0.88us 41/80 then -7.23us 20/80 order-mixed,keep Drow zero-fill enabled
experiments/fused-training-megakernel/NOTES.md,5521,2026-07-06,rowop,small SWIGLU_BWD_4W 4-wide body probe (MK_SWIGLU_BWD_4W_V4),small,NO-GO,-5.97/-8.54us; v4 wins 22/80+18/80,temporary source probe reverted
experiments/fused-training-megakernel/NOTES.md,5535,2026-07-06,attention,S8192 attention-combine unroll promotion (MK_ATTN_COMBINE_UNROLL),s8192,PROMOTED,+41.09/+25.41us 16/16; repeats +37.94/+23.39us; promoted-vs-old -29.30/-44.29us old 2/48+1/48,exact S8192 gate; S4096 too weak initially; S3072 regressed
experiments/fused-training-megakernel/NOTES.md,5560,2026-07-06,attention,S4096 attention-combine unroll boundary promotion (clean 005ad84 rerun),s4096,PROMOTED,+18.35us 160/160 and +7.25us 137/160; promoted-vs-old -13.38/-23.76us old 4/160+1/160,contaminated post-qkrope run discarded (~5.7ms medians); S3072 stays excluded
experiments/fused-training-megakernel/NOTES.md,5584,2026-07-06,attention-fwd,post-combine S8192 fwd-band retune,s8192,NO-GO,T48 +58.48/+78.26; T56 +7.63/+15.65; T60 +74.90; T63 +119.74; T66 +8.56/+11.50; T72 +399.79/+436.29us,keep _ATTN_FWD_BAND_T[8192]=64
experiments/fused-training-megakernel/NOTES.md,5608,2026-07-06,scheduling,post-combine S8192 bwd band-order lpt recheck,s8192,NO-GO,-2.96us 10/16 then +5.79us 6/16 order-mixed,keep dq_first
experiments/fused-training-megakernel/NOTES.md,5619,2026-07-06,tma-smem,qwen n256 GEMM mbarrier-ring promotion (_gmbar),qwen4b-l1,PROMOTED,-168.98/-190.53us 16/16 both; old lost +200.67/+170.30us 0/16; total 9221.8->8910.2us; head-dX 2886->2571us,full/empty mbarrier protocol ported into both n256 direct bodies; spill-safe
experiments/fused-training-megakernel/NOTES.md,5648,2026-07-06,lm-head,qwen n256 NT mbar split (_gmbar_n256ntold MK_GEMM_N256_NT_MBAR=0),qwen4b-l1,PROMOTED,NT-old beat full mbar -112.35/-140.50us; forced full +145.18/+123.68us 0/16; total 8904.8us; NT row 2567.8->2476.3us,NT lm-head back to refill loop; NN/TN stay on ring
experiments/fused-training-megakernel/NOTES.md,5676,2026-07-06,scheduling,post-ntmbar qwen n256 nmajor+stage3 confirmation,qwen4b-l1,NO-GO,M-major lost +69.58/+55.02us 1/16; stage2 lost +2569.49/+2571.98us 0/16,keep N-major and stage3 under _gmbar_n256ntold
experiments/fused-training-megakernel/NOTES.md,5693,2026-07-06,attention,S8192 bwd band-size recheck (T36/T44/T48),s8192,NO-GO,T36 +81.82us 1/16; T48 +59.65us 2/16; T44 -2.24 then +11.34us order-mixed,keep T40; DKV wait not fixed by small band retune
experiments/fused-training-megakernel/NOTES.md,5708,2026-07-06,tma-smem,post-ntmbar qwen mbar coverage recheck (MK_GEMM_MBAR_RING=0),qwen4b-l1,NO-GO,no-mbar lost +363.39/+331.84us 0/16 both,keep remaining NN/TN mbar coverage; do not split further
experiments/fused-training-megakernel/NOTES.md,5720,2026-07-06,attention-dkv,post-combine S8192 dKV row-broadcast recheck,s8192,NO-GO,-12.18us 16/16 then repeat flip +5.57us 8/16,keep row-broadcast default gate empty
experiments/fused-training-megakernel/NOTES.md,5736,2026-07-06,ce,qwen CE_BWD label-fixup promotion (MK_CE_BWD_LABEL_FIXUP),qwen4b-l1,PROMOTED,-26.14/-25.28us; confirm -13.01/-30.48us; old lost +33.18/+24.37us; profile 8858.0us; CE_BWD 294.2->256.0us,writes scale*softmax whole row then fixes label element after block sync
experiments/fused-training-megakernel/NOTES.md,5766,2026-07-06,ce,S8192 CE_BWD label-fixup broadening,s8192,PROMOTED,-44.78/-31.82us 16/16 both; old lost +22.29/+31.65us 2/16+1/16,CE_BWD 162.4->144.2us
experiments/fused-training-megakernel/NOTES.md,5786,2026-07-06,ce,small CE_BWD label-fixup broadening,small,PROMOTED,-2.67/-3.30us; confirm -1.28/-3.87us; old lost +3.84/+2.70us,intentionally recorded as tiny paired median win
experiments/fused-training-megakernel/NOTES.md,5807,2026-07-06,ce,H256 CE_BWD label-fixup sweep S1024-S4096,s1024/s2048/s3072/s4096,NO-GO,S1024 -6.54/+2.08; S2048 -7.18/+9.01; S3072 ~0; S4096 -9.34/+1.07us,no shape met two-order gate; keep H256 gate exact-S8192 only
experiments/fused-training-megakernel/NOTES.md,5824,2026-07-06,measurement,small profile/score refresh post-cefix (88dfafb),small,MEASUREMENT,3333.5us profile; 3327.6 vs 1901.2us (1.75x); CE_BWD 28.4us on-path,top: ATTN_DKV_WG 310.3; SWIGLU_BWD_4W 284.9; ATTN_FWD_WG 273.0us
experiments/fused-training-megakernel/NOTES.md,5833,2026-07-06,attention-dkv,small dKV row-broadcast recheck,small,NO-GO,+1.55/+5.84us weak; 160-rep confirm -0.06/+3.94us collapsed,keep dKV row-broadcast off for exact small
experiments/fused-training-megakernel/NOTES.md,5846,2026-07-06,gemm-fwd,S8192 broad n256 NT BF16 force,s8192,NO-GO,+150.26/+162.40us 0/16 both orders,twelve extra NT rows regress; keep n256 limited to head gates
experiments/fused-training-megakernel/NOTES.md,5861,2026-07-06,gemm-dx,S8192 exact n256 NN BF16 promotion,s8192,PROMOTED,-29.14/-18.00us 15/16 both; old lost +16.30/+22.19us,three exact NN shapes promoted; fresh profile 6984.3us still DKV-wait dominated
experiments/fused-training-megakernel/NOTES.md,5886,2026-07-06,attention,post-n256NN S8192 bwd T44 recheck,s8192,NO-GO,+7.98/+10.50us; candidate wins 7/16+4/16,keep _ATTN_BWD_BAND_T[8192]=40
experiments/fused-training-megakernel/NOTES.md,5897,2026-07-06,scheduling,post-n256NN S8192 band-order lpt recheck,s8192,NO-GO,+2.82us then -1.22us 8/16,keep dq_first
experiments/fused-training-megakernel/NOTES.md,5907,2026-07-06,attention-dq,post-n256NN S8192 dQ float2-store recheck (forced scalar),s8192,NO-GO,-1.42us 9/16 then +2.74us 5/16 order-mixed,keep S8192 in _H256_DQ_FLOAT2_S
experiments/fused-training-megakernel/NOTES.md,5919,2026-07-06,fusion,S8192 fused-qkrope n128 promotion (MK_WGMMA_N128_QKROPE),s8192,PROMOTED,old lost +56.37/+52.26us 0/16+1/16; bucket 211.4->173.1us; tiles 512->256 per row,n128 epilogue handles q/k rstd + RoPE + v-head passthrough in 128-col tile
experiments/fused-training-megakernel/NOTES.md,5943,2026-07-06,fusion,S3072/S4096 fused-qkrope n128 boundary promotion,s3072/s4096,PROMOTED,S4096 -41.71/-31.50us 40/40; S3072 -43.01/-39.44us 40/40; promoted-vs-old +39.49/+31.12 and +32.03/+39.02us,S2048 lower boundary stays wg64 (+4.34us reverse 13/40)
experiments/fused-training-megakernel/NOTES.md,5968,2026-07-06,gemm-dx,small head-dX SKR promotion (bit15 splitK + OP_SKR_REDUCE),small,PROMOTED,skr=2 -115.1/-107.7us 40/40 BOTH orders; skr=3 -97.6; skr=4 -76.7/-58.8us,s2048 NO-GO +18.1/+18.3 (matches nvjet split gate); wave quantization law; res-usage bit-identical
experiments/fused-training-megakernel/NOTES.md,6005,2026-07-06,lm-head,small lm_head fwd n256 promotion (post-SKR resweep flip),small,FLIP-PROMOTED,-33.5/-22.8us 40/40 both; old loses +11.1/+33.8us 9/40+2/40,0928Z gauntlet rejection stale; routing-only; small arm ~3258-3273us
experiments/fused-training-megakernel/NOTES.md,6019,2026-07-06,lm-head,s1024/s2048 lm_head n256 promotion (resweep round 2),s1024/s2048,FLIP-PROMOTED,s2048 -25.0/-20.9us 40/40 (old +20.7 0/40); s1024 -10.9/-11.9us probe but recheck-dispersed -4.5..+8.4,MK_CLAIM=132 reconfirmed (64 +468us; 264 +131us 0/40); cold_cap=8 left weak candidate
experiments/fused-training-megakernel/NOTES.md,6032,2026-07-06,rowop,QKNORM_ROPE_BWD per-warp dw partials,small/s4096/s8192,PROMOTED,small -21.1; S4096 -16.5; S8192 -42.6/-65.7us both orders; nano neutral (first +286 was build artifact),replaces block-wide smem atomicAdd on 64 addresses; +4-8KB smem; covers D64/D128/generic
experiments/fused-training-megakernel/NOTES.md,6047,2026-07-06,scheduling,post-SKR small cold-cap8 recheck,small,NO-GO,-0.27 then +8.70us at 120 reps; confirm -2.51 then +7.71us at 160 reps,keep cap48; weak resweep signal did not survive order reversal
experiments/fused-training-megakernel/NOTES.md,6060,2026-07-06,tma-smem,qwen n256 NN TMA-feed promotion (MK_GEMM_N256_TMA),qwen4b-l1,PROMOTED,-340.40/-335.25us 16/16 both orders (9148.27->8807.87us); standalone head-dX -8.8%/-7.2% (394->427-432 TF),elected-thread cp.async.bulk.tensor.2d + expect_tx; global tensormap table; NN-only default; NOT the cluster-multicast no-go
experiments/fused-training-megakernel/NOTES.md,6092,2026-07-06,tma-smem,post-TMA R4 resweep: TN dW TMA flip,qwen4b-l1,FLIP-PROMOTED,forced TN -294.6/-333.8us 16/16 both; qwen 9148-9182 -> 8534-8586us,order-mixed standalone but decisive in-model (absorption R1-exception); stage3/nmajor/NT-split reconfirmed
experiments/fused-training-megakernel/NOTES.md,6111,2026-07-06,gemm-dx,nano/deep head-dX SKR promotion (round 3),nano/deep,PROMOTED,nano skr4 -10.5/-14.3us 37/40+40/40; deep skr4 -32.9/-31.1us; old +18.9/+34.9us,NO-GOs with mechanism: s128 +36.1; s256 +11.9 (M<=256 tile collapse); s1024 noise; gate_up dX +83.1/+65.4 (8 reduce hops)
experiments/fused-training-megakernel/NOTES.md,6127,2026-07-06,scheduling,small idle_ns=64 promotion (resweep round 4),small,PROMOTED,64: -37.3us 40/40 / -6.4us 34/40; 32/128 also beat 256; forced-256 loses +2.9/+30.4us,no-gos: nano/deep lm_head n256 noise; small DKV_C=2 +71.8; DQ_C=2 +32.8us; small ~3220-3235 (~1.71x)
experiments/fused-training-megakernel/NOTES.md,6139,2026-07-06,tma-smem,S3072 n256 TMA boundary promotion + S4096/S8192 no-go,s3072/s4096/s8192,PROMOTED,S3072 -7.12/-10.16us 35/40+39/40 (long-K head-dX 128 iters); S8192 +27.28/+33.58 NO-GO; S4096 +6.13/+11.94 NO-GO,win class = long-K/giant-hop; short-K rows cannot amortize elected-thread fence+expect_tx
experiments/fused-training-megakernel/NOTES.md,6163,2026-07-07,qwen,qwen4b-L2 GEMM-cluster promotion (stage3+nmajor+dq-RS+ring+TMA),qwen4b-l2,PROMOTED,-1530.45/-1509.79us 12/12 both (16205.52->14675.07us); old lost +1543.92 (1/12) and +1592.21us (0/12),all 26 n256 rows stage3+nmajor; 17 tmap rows; first variant-first window discarded contaminated
experiments/fused-training-megakernel/NOTES.md,6184,2026-07-07,scheduling,nano/deep idle_ns 256->64 promotion (resweep round 5),nano/deep,PROMOTED,nano -5.7us 33/40 / -5.6us 107/120; deep -28.0us 40/40 / -31.4us 38/40,idle32 equivalent; 64 kept as plateau; producer-df phase 1: 240-ceiling tax only +11.0/+8.2us so phase-2 GO
experiments/fused-training-megakernel/NOTES.md,6196,2026-07-07,gemm-dx,s3072/s4096 head-dX SKR promotion (round 4),s3072/s4096,PROMOTED,s3072 skr2 -118.6/-120.6us 40/40; s4096 -90.0/-75.6us 40/40+39/40; old +95.2/+89.4 and +77.4/+80.9us 0/40,SUPERSEDES s3072 n256-TMA default; K/CTAs vs nvjet ~90 gate reproduced; s1024 order-flip no-go recorded
experiments/fused-training-megakernel/NOTES.md,6224,2026-07-06,attention-dkv,dkv stage-anatomy ablation @ S8192,s8192,MEASUREMENT,ALU pass 40.8%; accum-gemm drain 21.0%; score-gemm 10.2%; syncs/loop 28.1% of 470.9us span,next lever = ping-pong/warp-spec; span cuts COMPOUND (no-alu -192us span -> -485us step); local GPU ghost ~61GB context caveat
experiments/fused-training-megakernel/NOTES.md,6242,2026-07-07,qwen,qwen4b-L2 peel-resweep (per-component env-off),qwen4b-l2,MEASUREMENT,stage2 +3303.9/+3368.8us 0/12; TMA +710.8/+728.5; TN-TMA +1583.3/+1645.8; nmajor +135.3/+20.3; NT-old +152.1/+222.8us,NN-only TMA INVERTS ~1.5ms worse at L2 (dW TN sink vs elected-thread issue contention); promoted l2 default ~14.25ms
experiments/fused-training-megakernel/NOTES.md,6252,2026-07-07,rowop,sparse-embed zero extended to L=2,qwen4b-l2,PROMOTED,battery -219.4/-218.4us 11/12; forced-off +135.1/+260.1us 0/12,gate becomes c.L in (1;2)
experiments/fused-training-megakernel/NOTES.md,6254,2026-07-07,ce,CE_BWD label fixup extended to exact_qwen4b_l2,qwen4b-l2,PROMOTED,four negative windows -52.6/-12.9/-13.6/-73.1us,batch-2 old +34.0/-0.5 (five of six windows favor cefix; one dead-even noted)
experiments/fused-training-megakernel/NOTES.md,6256,2026-07-07,rowop,SwiGLU BWD 4W extended to L2 tuple,qwen4b-l2,PROMOTED,-74.9/-75.1us (16-17/24 repeats); old +20.3/+83.0us 10-11/24,
experiments/fused-training-megakernel/NOTES.md,6257,2026-07-07,attention-dq,dq RS-feed decoupled to L1-only,qwen4b-l2,PROMOTED,RS-off faster four consecutive windows -165.9/-63.9/-85.1/-52.8us; old +52.0/+93.6us 5-7/24,2-layer dq structure does not profit from row-split; stage3/nmajor/smem keep full tuple set
experiments/fused-training-megakernel/NOTES.md,6261,2026-07-07,tma-smem,S3072 head-dX TMA gate reverted (resweep law),s3072,SUPERSEDED,TMA-off faster -16.3/-20.2us 40/40 both; revert confirm forced TMA +16.2/+19.0us 1-2/40,fe15e24 peer SKR promotion restructured the target row; TMA gate stays for MK_HEAD_DX_SKR=0
experiments/fused-training-megakernel/NOTES.md,6264,2026-07-07,scheduling,cold-cap0 at qwen4b-L2,qwen4b-l2,NO-GO,order-mixed -2.5/-81.0us,keep existing cap
experiments/fused-training-megakernel/NOTES.md,6271,2026-07-07,gemm-dx,qwen4b-L2 head-dX n256 promotion (L2 tuple in head-dX gate),qwen4b-l2,PROMOTED,-2152.24/-2149.63us 12/12 both (14167.34->12015.10us); old +2080.48/+2151.73us 0/12; loss diff 0.0,routes no-split -> n256+stage3+nmajor+ring+TMA; cumulative L2 lane 16.21->12.06ms (-26%)
experiments/fused-training-megakernel/NOTES.md,6283,2026-07-07,tma-smem,D64 ring TMA feed (MK_GEMM_D64_TMA into n64/n128 ring bodies),s3072/s4096/s8192,PROMOTED,S3072 -23.9/-24.1; S4096 -31.9/-29.8; S8192 -18.6/-11.8us; standalone TN long-K dW -16.5..-19.6%,LESSONS: TMA path must be fully separate loop (merged branch codegen-reflow taxed ~30us); last fat frame made __noinline__; df loss not bit-stable within one arm
experiments/fused-training-megakernel/NOTES.md,6328,2026-07-07,attention-dq,dq cross-stage ping-pong (MK_ATTN_DQ_PIPE),s3072/s4096/s8192,NO-GO,+3/+13/+30-35us; 4/4 windows at S8192; ~3% slower with DKV wait knock-on,per-stage path is score->ALU (drain already hidden); sibling-WG tensor-pipe contention; in-place ping-pong dead for dq and dkv
experiments/fused-training-megakernel/NOTES.md,6347,2026-07-07,attention-dkv,dkv LSE/Drow stage prefetch (cp.async into smem banks),s8192,PROMOTED,S8192 6747/6750/6748 vs 6812/6803/6805us (-55..-64us) three clean pairs both orders; S4096/small neutral,also deletes ROW_BCAST ifdef fork; +1KB smem; losses bit-identical
experiments/fused-training-megakernel/NOTES.md,6360,2026-07-07,executor,producer-df (240/24) shell tax decomposition,nano/small,NO-GO,named-barrier 0; 240-ceiling +11/+8us; parked-WG2 residency ~+34us nano (~5%),CLOSED; even nanosleep-parked warpgroup dilutes issue; knob stack kept inert as attribution tools
experiments/fused-training-megakernel/NOTES.md,6367,2026-07-07,tma-smem,S2048 D64 ring TMA widening (codex continuation),s2048,PROMOTED,-16.34us 80/80 and -8.40us 74/80 at 9550a7b; resweep S1024 +26.40/+13.78 and small +92.67/+76.54us NO-GO,default widened to exact S2048 only; loss unchanged 9.06381
experiments/fused-training-megakernel/NOTES.md,6389,2026-07-07,tma-smem,D64 TMA resweep at excluded shapes,s2048/s1024/small/nano,FLIP-PROMOTED,S2048 flips to WIN -23.6us 3/3 pairs both orders; S1024 +15 small +64 nano inert upheld,mechanism: TMA feed pays when K=S>=2048 amortizes fence/expect_tx; NT/NN long-K dX rows carry the win
experiments/fused-training-megakernel/NOTES.md,6400,2026-07-07,attention-fwd,fwd stage-anatomy ablation @ S8192,s8192,MEASUREMENT,softmax ALU 42.6% (exp chain 30.7%); PV drain 27.8% exposed (12% real); score gemm 12.7%; syncs 16.9% of 1053.6us,DCE LAW CORRECTION: ptxas narrows accumulator-dead wgmma despite asm volatile; verdict = producer/consumer warp-spec as a pdf phase; ceiling ~220-320us/step
experiments/fused-training-megakernel/NOTES.md,6419,2026-07-07,fusion,partials-fed RMSNORM_BWD_DX (gemm bit16 dy-dot-xn partials),small/s4096,NO-GO,small +6.1/+7.6us; S4096 +7.3/+1.2us; rowop bucket 153.3->124.4 but dX gemm spans +40us,LAWS: weight fusion traffic by cache state and whose chain it lands on; flag-gated accumulator in hot epilogue spills at REG:255 even OFF; kept in wt-rmspart
experiments/fused-training-megakernel/NOTES.md,6438,2026-07-07,scheduling,post-burst knob resweep (idle_ns/attn bands/fwd-band/cold-cap),small/s2048/s4096/s8192,NO-GO,zero flips; band tables sharp optima (+-25% costs +30..+490us); s2048 idle64 -10.5 triage refuted,first burst invalidating nothing; scheduler-knob space closed until next structural change
experiments/fused-training-megakernel/NOTES.md,6451,2026-07-07,fusion,s2048 fused-qkrope n128 promotion (post-wave resweep flip),s2048,FLIP-PROMOTED,-13.7us 119/120 default-first / -11.1us 114/120 variant-first,flip caused by s2048 pdf-d64 feed (d4758a3); two sibling candidates died at 120 reps per noise rule; routing-only
experiments/fused-training-megakernel/NOTES.md,6467,2026-07-07,attention,s3072 bwd-band T16->20 (post-p-pack resweep flip),s3072,FLIP-PROMOTED,-12.8/-5.4us 38/40+32/40 both orders; forced-T16 after +0.9/+14.1us 11/40+1/40,dq fp32 p-pack gate (2a41f6a) changed stage cost; certified s3072 2337.5/1343.3 = 1.740x
experiments/fused-training-megakernel/NOTES.md,6473,2026-07-07,scheduling,nano idle_ns 64->32 (post-tmared; marginal),nano,PROMOTED,-7.0/-2.4us 102/120+77/120 both orders; promote-check wash/-2.1us favoring 32,deep stays 64 (32/128 wash); default arms nano ~883-890 deep ~2301-2310us
experiments/fused-training-megakernel/NOTES.md,6482,2026-07-07,gemm-dx,head-dX n128 TMA reduce-add direct drain (MK_HEAD_DX_TMA_RED),multi,NO-GO,failed built-in UBLKRED SASS audit across salts 1-3 and typed 2D row-view patch; stopped before correctness/timing,closes direct n128 drain source topology only; not every head-dX TMA reduce-add design
experiments/fused-training-megakernel/NOTES.md,6495,2026-07-07,measurement,current-head anchor refresh (94cb1ef clean scores),all,MEASUREMENT,vs graph+: s128 1.459x; s256 1.415x; nano 1.390x; deep 1.313x; small 1.695x; s4096 1.873x; s8192 1.984x; qwen4b-l1 1.120x; qwen4b-l2 1.239x,recompile_limit hit in same-process loop; repaired one shape per process
experiments/fused-training-megakernel/NOTES.md,6506,2026-07-07,measurement,qwen L1/L2 source-free profile at 94cb1ef,qwen4b-l1/l2,MEASUREMENT,L1 lm-head NT 2444.7us + head-dX NN 1648.9us; L2 2468.1/1663.8us; both default_mode=pdf,next qwen claim = body-quality port; do not spend a lane on CE/LSE epilogue-only variants
experiments/fused-training-megakernel/NOTES.md,6515,2026-07-07,lm-head,small lm-head tmastore extension (EVICT_FIRST TMA C-store gate widening),small,PROMOTED,-14.9/-22.3us 38/40+39/40 both orders; forced-off after +24.8/+22.2us 2/80,s1024 wash (+1.2 19/40) stays off; small ~3178us (~1.68x); day ledger 3400->3178
experiments/fused-training-megakernel/NOTES.md,6523,v2-era,architecture,honest assessment + v2 roadmap,all,NOTE,compile+CUDAGraph ~2.0x faster on flag-planting configs,gap order: per-op kernel quality (WMMA 40-100 TF vs 200+); critical-path ~89 hops; tile-level deps
experiments/fused-training-megakernel/NOTES.md,6538,2026-07-07,executor,producer-df executor mode=pdf (round-5 topology in-model),qwen4b-l1/l2/s3072/s8192,PROMOTED,qwen-l1 -1056/-1127us 12/12 (lm-head dX 2453->1680us; ~1.11x); l2 -1511/-1370 (~1.53x); s3072 -20.7/-21.7; s8192 -171/-162us; small +142/+147 stays df,setmaxnreg region idiom; WG2 parked TMA issuer + MkPdfFeed mailbox; flat MK_DF_MAXNREG=240 control +30/+44us worse
experiments/fused-training-megakernel/NOTES.md,6573,v0-era,architecture,superseded v0 assessment,nano,SUPERSEDED,megakernel 4.1x vs eager; matches torch.compile; compile+CUDAGraph ~3x faster,84 grid.syncs; per-tile dependency counters named THE v1 item
experiments/fused-training-megakernel/NOTES.md,6594,2026-07-08,fusion,S1024 fused-qkrope n128 stale check,s1024,NO-GO,+29.26us 0/40 default-first / +7.52us 6/40 variant-first,_H256_D64_QKROPE_N128_S lower bound (2048) stands; needs different body or overlap mechanism
experiments/fused-training-megakernel/NOTES.md,6609,2026-07-08,fusion,S1024 SSQ-off stale check (MK_SSQ_FUSE=0),s1024,NO-GO,+6.94us 10/80 then -12.58us 79/80 construction-order split,keep fused SSQ default-on for exact S1024
experiments/fused-training-megakernel/NOTES.md,6621,2026-07-08,fusion,S1024 N128 residual+SSQ direct epilogue (MK_GEMM_N128_RSSQ_DIRECT_EPILOGUE),s1024,NO-GO,+3.34us 25/80 then -16.86us 80/80 order split,eight flags-12434 rows targeted; static/route/SASS/parity gates passed; do not reopen as written
experiments/fused-training-megakernel/NOTES.md,6634,2026-07-08,attention-fwd,S1024 FWD w128 refresh (MK_ATTN_FWD_W128 / _afw128),s1024,NO-GO,+18.51us 0/40 / +1.22us 16/40,forced stacks grew to 224/160/144/224; future attempt needs PV-overlap-preserving smem/register contract
experiments/fused-training-megakernel/NOTES.md,6656,2026-07-08,executor,S1024 forced pdf/D64/feed composition (MK_MODE=pdf + MK_GEMM_D64_TMA + MK_PDF_D64_FEED),s1024,NO-GO,+12.74us 1/8 then -1.90us 6/8,MK_ATTN_PDF_FEED=1 reproducible extension import failure (_apdff PyInit mismatch); needs larger producer/drain or one-pass topology
experiments/fused-training-megakernel/NOTES.md,6677,2026-07-08,attention-fwd,S1024 FWD GQA64 paired-row body (MK_ATTN_FWD_GQA64),s1024,NO-GO,+2.70us 37/80 then -14.14us 80/80 order split,SASS grew (+3576 lines; HGMMA +32); consumer-WG remap alone insufficient
experiments/fused-training-megakernel/NOTES.md,6699,2026-07-08,attention-dkv,S1024 DKV P/dS-ring stage pipeline (MK_ATTN_DKV_PDS_RING),s1024,NO-GO,+69.82us 0/2 and +54.91us 0/2 at x2 smoke,stack 96/64/48/64 -> 368/224/208/448; LDL +739 STL +342; needs producer/drain or topology change
experiments/fused-training-megakernel/NOTES.md,6722,2026-07-08,gemm-dx,S1024 MLP dX static-body refresh (MK_GEMM_MLPDX_STATIC),s1024,NO-GO,+5.18us 6/40 then -17.47us 40/40 order split,smoke positive but x40 rejected; needs different scheduling/fusion mechanism not another refresh
experiments/fused-training-megakernel/NOTES.md,6747,2026-07-08,attention-dq,qwen D128 rowsplit dQ descriptor-precompute (MK_ATTN_D128_DQ_DESC_PRE),qwen4b-l1/l2,NO-GO,SASS gate failed: HGMMA/ARRIVE/DEPBAR all 1080->1080; rejected before timing,named descriptor temporaries do not reduce per-HGMMA DEPBAR serialization
experiments/fused-training-megakernel/NOTES.md,6775,2026-07-08,lm-head,qwen NT standalone frontier refresh (fat_gemm_probe),qwen4b-l2,ROUTE-AWAY,standalone n256 med 2447.7us 325.2TF vs integrated production 1763.7us,standalone probe no longer valid baseline; start from production supertile PDF/producer context with route/SASS gates
experiments/fused-training-megakernel/NOTES.md,6813,2026-07-08,lm-head,qwen NT supertile wait-distance variant (_ntwd),qwen4b-l2,NO-GO,SASS unchanged: HGMMA/ARRIVE/DEPBAR 1080->1080; DEPBAR.LE 0x1 stayed 0; no timing run,ptxas preserved WGMMA dependency-barrier cadence; needs assembly-level or body-topology mechanism
experiments/fused-training-megakernel/NOTES.md,6857,2026-07-08,attention-dq,qwen D128 dQ C1 full-seed retry (_ad128dqc1),qwen4b-l2,NO-GO,+15.26us 16/40 then -0.19us 22/40; no x80 run,corrected seed fixed prior hang (missing pdf kind==6 producer branch); SASS ATOM 5321->4361 insufficient; keep full-stack seed discipline
experiments/fused-training-megakernel/NOTES.md,6920,2026-07-08,lm-head,qwen NT supertile CE-store single-pass (_ntce1p),qwen4b-l2,NO-GO,SASS objective failed: EX2/F2FP/F2F/FADD/FMUL/FFMA/SHFL all unchanged; PRMT +416 BRA +24; rejected before timing,intended duplicate-conversion reduction did not materialize; forced image strictly larger
experiments/fused-training-megakernel/NOTES.md,6979,2026-07-08,attention-dkv,S8192 DKV P/dS STSM replacement (MK_ATTN_DKV_STSM_PDS),s8192,NO-GO,x16 windows +10.21us 4/16 and +14.18us 0/16; x2 smoke order-mixed,STSM mapping mechanically valid (STSM=40 LOCAL=0) but DKV-only replacement does not shrink step; couple to topology change
experiments/fused-training-megakernel/NOTES.md,7019,2026-07-08,scheduling,S8192 DQ tail ready-order (MK_ATTN_DQ_TAIL_READY_FIRST),s8192,NO-GO,profile forced-minus-default +67.520/+104.864us; DQ tail wait ~431->~3us but delay moved to DKV siblings ~410-418us,adjacency priority only chooses which sibling sees producer fanout wait
experiments/fused-training-megakernel/NOTES.md,7057,2026-07-08,scheduling,S8192 tail-pair ready-order (MK_ATTN_TAIL_PAIR_READY_FIRST),s8192,NO-GO,dkv_first +135.616us; dq_first +126.976us; local tail wait 3268.096->~30us; on-path span +412..414us,fanout delay moves into larger ATTN_DQ_WG ntiles=240 bands; require selected profile improvement before timing
experiments/fused-training-megakernel/NOTES.md,7095,2026-07-08,scheduling,S8192 DQ-family ready-order (MK_ATTN_DQ_FAMILY_READY_FIRST),s8192,NO-GO,stage_first +105.856us; dq_family_first +66.400us; DQ wait 4919.616->1052.064 but DKV wait 2334.912->4624.736us; span +129.184us,path moves to DKV C4 tails; needs multi-sibling fanout/executor contract or topology change
experiments/fused-training-megakernel/NOTES.md,7133,2026-07-08,scheduling,S8192 hot-ring fair-quantum (MK_S8192_ATTN_HOT_FAIR Q=16),s8192,NO-GO,selected 6278.720->6480.640us (+201.920); on-path wait -1427.200 but span +1629.120us,first-quantum fairness fragments long attention rows onto large C3 DQ spans
experiments/fused-training-megakernel/NOTES.md,7171,2026-07-08,lm-head,qwen NT descriptor-fidelity SASS probe,standalone,ROUTE-AWAY,all pair2k operand forms grouped hist {16:4} DEPBAR=4; stagepair {8:8}; immediate {4:16},.tnspB/descriptor-layout branch closed as non-causal for production singleton drain; extract more real body embedding first
experiments/fused-training-megakernel/NOTES.md,7209,2026-07-08,lm-head,qwen NT production-embedding reproducer preflight,qwen4b-l2,SASS-PROOF,noinline supertile symbol: pair2k HGMMA=DEPBAR=24 hist {1:24}; rawprod {1:8}; controls stay grouped {16:4},corrects earlier attribution scope; .tnspB/pressure/384-thread/smem insufficient; next = standalone body-embedding probe
experiments/fused-training-megakernel/NOTES.md,7247,2026-07-08,lm-head,qwen NT body-embedding standalone SASS probe,standalone,SASS-PROOF,all bodyembed variants singleton-drained {1:64} LOCAL:0; descriptor-fidelity control still grouped {16:4},standalone reproducer positive; trigger is broader code-shape/TU context not noinline/mbarrier/epilogue/CE alone
experiments/fused-training-megakernel/NOTES.md,7291,2026-07-08,lm-head,qwen NT code-shape collapse ablation preflight,standalone,NOTE,ablation order defined from grouped descriptor source one mutation per variant,stop at first {16:4}->{1:64} flip; no production patch before trigger known
experiments/fused-training-megakernel/NOTES.md,7310,2026-07-08,lm-head,qwen NT code-shape manual ablation,standalone,INVALID,manually reconstructed baseline singleton-drained {1:64}; original control still groups {16:4},closed invalid-baseline; next ablation must import CUDA_SRC byte-for-byte
experiments/fused-training-megakernel/NOTES.md,7330,2026-07-08,lm-head,qwen NT exact-source mutation probe,standalone,SASS-PROOF,baseline import + 4 narrow mutations all grouped {16:4} LOCAL:0,trigger is NOT unused stage helper definitions or bodyembed tid/store-guard shape
experiments/fused-training-megakernel/NOTES.md,7353,2026-07-08,lm-head,qwen NT exact-source body-context probe: collapse trigger isolated,standalone,SASS-PROOF,call_inline_wrapper flips {16:4}->{1:64}; ARRIVE 4->64; gsb0 8->128; fresh-cache confirmed LOCAL:0,active forceinline pair2k wrapper call sufficient for per-HGMMA drain; flatten selected WGMMA helper-call boundaries; gate on real megakernel_pdf SASS
experiments/fused-training-megakernel/NOTES.md,7379,2026-07-08,lm-head,qwen NT direct in-body production issue (_ntdi),qwen4b-l2,NO-GO,focused megakernel_pdf SASS identical both arms: HGMMA.64x128=16 hist {1:16} ARRIVE/DEPBAR 216,helper-call/raw-helper/direct in-body all fail production SASS gate; needs smaller lowering reproducer or new executor/body strategy
experiments/fused-training-megakernel/NOTES.md,7410,2026-07-08,attention,small attention inline D64 WGMMA bodies (_sattninl),small,NO-GO,HGMMA=196 DEPBAR=196 hist {1:196} unchanged; stacks grew df 32->128 megakernel 64->224; no timing run,inlining attribute visible (local symbols gone) but cadence unmoved; next attempt must change async-group/wait contract
results/AGENT-COORDINATION-ARCHIVE-20260707.md,54,2026-07-06,attention-fwd,combine-unroll post-qkrope boundary recheck,s4096+s3072,PARKED,2105Z log contaminated (absolutes ~5.7ms; means contradicted medians),parked with no source change; reclaim needs clean local GPU repeat
results/AGENT-COORDINATION-ARCHIVE-20260707.md,68,2026-07-06,gemm-fwd,qkrope n128 boundary widening,s3072+s4096,PROMOTED,S4096 -41.71/-31.50us; S3072 -43.01/-39.44us 40/40 both orders; S2048 mixed -8.82/+4.34 not gated,gate now exact (3072;4096;8192); forced-old loses +31..+39us
results/AGENT-COORDINATION-ARCHIVE-20260707.md,95,2026-07-06,gemm-fwd,s8192 fused-qkrope n128 epilogue,s8192,PROMOTED,old loses +56.37/+52.26us (0-1/16); qkrope bucket 211.4->173.1us; profile 6883.2us,D64 n128 epilogue for flags&256 qkv fwd rows
results/AGENT-COORDINATION-ARCHIVE-20260707.md,122,2026-07-06,attention-dq,scalar dQ store recheck post-89d0297,s8192,NO-GO,-1.42us (9/16) then +2.74us (5/16) order-mixed,keep _adqf2 float2 store
results/AGENT-COORDINATION-ARCHIVE-20260707.md,140,2026-07-06,attention,band-order lpt recheck post-89d0297,s8192,NO-GO,+2.82/-1.22us order-mixed,keep dq_first
results/AGENT-COORDINATION-ARCHIVE-20260707.md,159,2026-07-06,attention,bwd band T44 recheck post-89d0297,s8192,NO-GO,+7.98/+10.50us (7/16; 4/16),keep T40
results/AGENT-COORDINATION-ARCHIVE-20260707.md,176,2026-07-06,gemm-dx,s8192 exact n256 NN BF16 route,s8192,PROMOTED,-29.14/-18.00us 15/16 both orders; forced-old +16.30/+22.19; profile 6984.3us,moves 12 NN rows; three exact tuples gated in mk.py
results/AGENT-COORDINATION-ARCHIVE-20260707.md,201,2026-07-06,gemm-fwd,broad n256 NT BF16 force,s8192,NO-GO,+150.26/+162.40us 0/16 both orders,keep n256 NT limited to lm-head/head-dX gates
results/AGENT-COORDINATION-ARCHIVE-20260707.md,220,2026-07-06,attention-dkv,small dKV row-scalar broadcast,small,NO-GO,+1.55/+5.84 then 160-rep collapse -0.06/+3.94,small profile 3333.5us; ATTN_DKV 310.3us still top
results/AGENT-COORDINATION-ARCHIVE-20260707.md,242,2026-07-06,ce,CE_BWD label-fixup broadening sweep,s1024-s4096,NO-GO,S1024 -6.54/+2.08; S2048 -7.18/+9.01; S3072 -0.98/-0.05; S4096 -9.34/+1.07,no shape met two-order gate; keep fixup at exact S8192/small/qwen
results/AGENT-COORDINATION-ARCHIVE-20260707.md,265,2026-07-06,ce,small CE_BWD label-fixup,small,PROMOTED,-2.67/-3.30 then confirm -1.28/-3.87; forced-old loses +3.84/+2.70,spill-safe LOCAL:0
results/AGENT-COORDINATION-ARCHIVE-20260707.md,291,2026-07-06,ce,s8192 CE_BWD label-fixup,s8192,PROMOTED,-44.78/-31.82us 16/16; CE_BWD 162.4->144.2us; old loses +22.29/+31.65,
results/AGENT-COORDINATION-ARCHIVE-20260707.md,317,2026-07-06,ce,qwen OP_CE_BWD label fixup,qwen4b-l1,PROMOTED,-26.14/-25.28 then -13.01/-30.48; old +33.18/+24.37; CE_BWD 294.2->256.0us; total 8858.0us,MK_CE_BWD_LABEL_FIXUP added; writes label element once after block sync
results/AGENT-COORDINATION-ARCHIVE-20260707.md,350,2026-07-06,attention-dkv,s8192 dKV row-broadcast recheck post-combine,s8192,NO-GO,-12.18/-3.50 then repeat -24.40/+5.57 order-mixed,composition sensitivity same as earlier revert; keep gate empty
results/AGENT-COORDINATION-ARCHIVE-20260707.md,372,2026-07-06,qwen,mbar coverage recheck (forced MK_GEMM_MBAR_RING=0),qwen4b-l1,NO-GO,forced-old +363.39/+331.84us 0/16 both orders,keep generic/NN/TN mbar coverage enabled
results/AGENT-COORDINATION-ARCHIVE-20260707.md,390,2026-07-06,attention,s8192 bwd band retune post-combine,s8192,NO-GO,T36 +81.82 (1/16); T48 +59.65 (2/16); T44 -2.24/+11.34 mixed,keep T40
results/AGENT-COORDINATION-ARCHIVE-20260707.md,411,2026-07-06,qwen,n256 route recheck (forced old nmajor/stage3),qwen4b-l1,NO-GO,M-major-old +69.58/+55.02; stage2-old +2569.49/+2571.98 0/16,keep N-major and stage3 default-on
results/AGENT-COORDINATION-ARCHIVE-20260707.md,433,2026-07-06,qwen,n256 NT mbar split (_gmbar_n256ntold),qwen4b-l1,PROMOTED,NT-old beats full mbar -112.35/-140.50; forced-full loses +145.18/+123.68 0/16; total 8904.8us,commit 8ffb52f; NN/TN stay on mbar ring; NT restored to old loop
results/AGENT-COORDINATION-ARCHIVE-20260707.md,463,2026-07-06,qwen,n256 direct-GEMM mbarrier ring,qwen4b-l1,PROMOTED,-168.98/-190.53us 16/16; old loses +200.67/+170.30 0/16; total 9221.8->8910.2us,commit 8e8cece; qwen-exact default
results/AGENT-COORDINATION-ARCHIVE-20260707.md,491,2026-07-06,qwen,stage3 route confirmation,qwen4b-l1,NO-GO,forced-old stage2 +293.62/+251.34 0/16,keep MK_WGMMA_N256_STAGE3 on; recorded 0755f83
results/AGENT-COORDINATION-ARCHIVE-20260707.md,508,2026-07-06,qwen,n256 N-major route confirmation,qwen4b-l1,NO-GO,forced M-major +87.02 (2/16)/+37.73 (4/16),keep N-major; recorded 1f649ae
results/AGENT-COORDINATION-ARCHIVE-20260707.md,525,2026-07-06,measurement,qwen profile refresh @607ed60,qwen4b-l1,MEASUREMENT,total 9221.8us; head-dX 2886.0; lm-head fwd 2463.6; CE_BWD 295.8; off-path vocab dW 5112.1,recorded 952f02e
results/AGENT-COORDINATION-ARCHIVE-20260707.md,546,2026-07-06,attention,s8192 band-order lpt confirmation post-c3c5f56,s8192,NO-GO,-2.96 (10/16) then +5.79 (6/16) order-mixed,keep dq_first; recorded 607ed60
results/AGENT-COORDINATION-ARCHIVE-20260707.md,566,2026-07-06,attention-fwd,s8192 fwd-band retune post-combine,s8192,NO-GO,T48 +58.48/+78.26; T56 +7.63/+15.65; T60 +74.90; T63 +119.74; T66 +8.56/+11.50; T72 +399.79/+436.29,keep T64; recorded c3c5f56
results/AGENT-COORDINATION-ARCHIVE-20260707.md,595,2026-07-06,measurement,s8192 profile post-combine-unroll,s8192,MEASUREMENT,total 6886.2us; ATTN_DKV 2461.3 (1992.6 wait); ATTN_FWD 1155.5,combine no longer top on-path
results/AGENT-COORDINATION-ARCHIVE-20260707.md,615,2026-07-06,attention-fwd,s8192 attention-combine unroll,s8192,PROMOTED,default-minus-unroll +37.94 (48/48)/+23.39 (46/48); forced-old loses -29.30/-44.29; S4096 weak; S3072 regressed,commit 8135329 _acur; scalarizes C<=8 combine weights
results/AGENT-COORDINATION-ARCHIVE-20260707.md,643,2026-07-06,rowop,small SWIGLU_BWD_4W 4-wide variant,small,NO-GO,default-minus-v4 -5.97 (22/80)/-8.54 (18/80),source probe reverted; recorded af3ba5c
results/AGENT-COORDINATION-ARCHIVE-20260707.md,656,2026-07-06,rowop,small Drow zero-fill skip recheck,small,NO-GO,+0.88 then -7.23 order-mixed (41/80; 20/80),keep zero-fill; recorded 81eee72
results/AGENT-COORDINATION-ARCHIVE-20260707.md,674,2026-07-06,lm-head,small head-dX route recheck (old-split + m64 no-atomic),small,NO-GO,old-split -5.14/-3.87; m64 +2.08/-0.26 then 480-rep +3.92/+0.40 too weak,keep n128 fp32/no-atomic; recorded 6ead35e
results/AGENT-COORDINATION-ARCHIVE-20260707.md,699,2026-07-06,rowop,small RMS bwd split recheck (forced combined),small,NO-GO,default-minus-combined -5.39 (26/80)/-12.02 (15/80),keep split RMS backward; recorded dbfe702
results/AGENT-COORDINATION-ARCHIVE-20260707.md,717,2026-07-06,attention-dq,small dQ row-scalar broadcast probe,small,NO-GO,default-minus-rowbcast -14.00 (8/80)/-13.47 (14/80),source probe reverted; recorded a20dfaf
results/AGENT-COORDINATION-ARCHIVE-20260707.md,737,2026-07-06,scheduling,small COLD_CAP=64 recheck post-direct-bf16,small,NO-GO,cap64 loses -3.04 (65/160)/-0.85 (75/160),keep cap48; recorded 4918611
results/AGENT-COORDINATION-ARCHIVE-20260707.md,753,2026-07-06,attention,small attention chunk recheck post-direct-bf16,small,NO-GO,DKV1/DQ2 loses -29.44 (2/80)/-28.46 (1/80),keep DKV_C=1/DQ_C=1; recorded 2c952a6
results/AGENT-COORDINATION-ARCHIVE-20260707.md,771,2026-07-06,gemm-fwd,small direct-BF16 GEMM epilogue default,small,PROMOTED,+27.82/+27.01 80/80; promoted-vs-old +28.82/+23.71; score 3312.5 vs 1903.3 (1.74x),commit fc32323; 32 WGMMA BF16-output rows
results/AGENT-COORDINATION-ARCHIVE-20260707.md,797,2026-07-06,attention,small attention chunk recheck post-n128,small,NO-GO,variants 2/1 3/1 1/2 2/2 lose -77.71..-32.99 zero wins,keep DKV_C=1/DQ_C=1; recorded 2276fd7
results/AGENT-COORDINATION-ARCHIVE-20260707.md,817,2026-07-06,lm-head,small MK_WGMMA_N128=0 check,small,NO-GO,n128off loses -48.88 (1/80)/-48.67 (0/80),keep small lm-head n128; recorded 7e1b7e5
results/AGENT-COORDINATION-ARCHIVE-20260707.md,836,2026-07-06,tma-smem,small MK_GEMM_MBAR_RING=0 recheck post-n128,small,NO-GO,old-minus-default +154.51/+150.94 default 80/80,keep D64 mbar ring; recorded 58abd88
results/AGENT-COORDINATION-ARCHIVE-20260707.md,851,2026-07-06,scheduling,small COLD_CAP re-sweep post-n128,small,NO-GO,focused cap48-vs-cap64 -0.13/+1.36 fails gate,keep cap48; recorded 520d2fa
results/AGENT-COORDINATION-ARCHIVE-20260707.md,869,2026-07-06,gemm-fwd,small NT n128 retune (exclude 3 NT shapes),small,PROMOTED,mode2 +56.46/+55.62 80/80; old-minus-default +53.36/+44.85; score 3356.6 vs 1888.5 (1.78x),commit 0de64db; n128 26->2
results/AGENT-COORDINATION-ARCHIVE-20260707.md,896,2026-07-06,gemm-dx,small MLP dX n128 row-family gate,small,PROMOTED,old-minus-default +39.22/+33.17 80/80; score 3373.2 vs 1904.9 (1.77x),commit b6d0b7f; excludes 3 exact NN shapes
results/AGENT-COORDINATION-ARCHIVE-20260707.md,922,2026-07-06,gemm-dx,small post-4W NN n128 retune,small,PROMOTED,old-minus-default +28.67/+28.40 (78/80; 77/80); score 3392.1 vs 1896.8 (1.79x),commit 1f38947; 16 dX rows to m64n64
results/AGENT-COORDINATION-ARCHIVE-20260707.md,948,2026-07-06,tma-smem,small MK_GEMM_MBAR_RING=0 A/B @c75ad43,small,NO-GO,old-minus-default +38.03 (62/80)/+44.38 (79/80),keep mbar ring default
results/AGENT-COORDINATION-ARCHIVE-20260707.md,964,2026-07-06,scheduling,small COLD_CAP re-sweep @f66c432,small,NO-GO,cap48-minus-cap64 +15.09 then -1.02 order flip,keep cap48
results/AGENT-COORDINATION-ARCHIVE-20260707.md,979,2026-07-06,rowop,nano SWIGLU_BWD_4W A/B,nano,NO-GO,+10.51 (72/80) then flips -5.34 (18/80),keep nano on old op
results/AGENT-COORDINATION-ARCHIVE-20260707.md,989,2026-07-06,rowop,small SwiGLU cache-off with 4W,small,PROMOTED,cache-off +25.68/+22.70 (78/80); vs full old +156.70/+148.88 80/80; score 3425.9 vs 1916.7 (1.79x),commit ab4ffde
results/AGENT-COORDINATION-ARCHIVE-20260707.md,1005,2026-07-06,rowop,small SWIGLU_BWD_4W route,small,PROMOTED,+132.27/+121.23 80/80; promoted +126.06/+133.02 80/80; score 3446.7 vs 1890.7,commit 766584d
results/AGENT-COORDINATION-ARCHIVE-20260707.md,1020,2026-07-06,measurement,post-80d0053 profile/score refresh,nano+small,MEASUREMENT,nano 927.0 vs 634.8 (1.46x); small 3576.2 vs 1903.9 (1.88x); small leaders GEMMNN 419.3/ATTN_DKV 409.1,
results/AGENT-COORDINATION-ARCHIVE-20260707.md,1036,2026-07-06,rowop,qwen SWIGLU_BWD_4W route,qwen4b-l1,PROMOTED,old2w-minus-default +355.97/+342.80 (48/48; 47/48),commit 80d0053
results/AGENT-COORDINATION-ARCHIVE-20260707.md,1052,2026-07-06,measurement,qwen profile refresh @c399ae3,qwen4b-l1,MEASUREMENT,total 9169.1us; head-dX 2899.3; lm-head 2480.9; SWIGLU_BWD_2W 235.8; CE_BWD 291.3,no-go history rules out CE fusion/H2560 RMS/n256 split-K/qknorm split-DW
results/AGENT-COORDINATION-ARCHIVE-20260707.md,1062,2026-07-06,rowop,qwen SWIGLU cache-sig recheck,qwen4b-l1,NO-GO,default-minus-cache -200.94/-194.00 cache 1/48; 0/48,keep qwen 2W without sigmoid cache
results/AGENT-COORDINATION-ARCHIVE-20260707.md,1075,2026-07-06,attention,combine-nolocal scratch claim,s8192,SUPERSEDED,w[8] local-LD classified shape-scoped latency-hidden optional hygiene,no worktree created; no source change from stale claim
results/AGENT-COORDINATION-ARCHIVE-20260707.md,1080,2026-07-06,attention,s8192 NCU local-LD source attribution,s8192,MEASUREMENT,786432 pure local-load sectors = op_attn_combine float w[8] (attention.cuh:296) via two LDL; not n256 GEMM,opened combine-nolocal probe (later superseded)
results/AGENT-COORDINATION-ARCHIVE-20260707.md,1092,2026-07-06,measurement,current-head re-anchor @557ba5f,nano+small,MEASUREMENT,nano 916.8 vs 633.7 (1.45x); small 3386.4 vs 1899.4 (1.78x); small ATTN_DKV 400.4/MLP dX 370.8,next lane should be op-body mechanism not route-knob recheck
results/AGENT-COORDINATION-ARCHIVE-20260707.md,1112,2026-07-06,fusion,qkv fwd qk-norm/RoPE unfuse scratch,s128+s256,NO-GO,fused-minus-unfused S128 -16.69/-16.29 (unfused 2/200; 0/200); S256 -9.18/-9.74,keep qk-norm/RoPE fused into qkv fwd epilogue
results/AGENT-COORDINATION-ARCHIVE-20260707.md,1131,2026-07-06,lm-head,s256 lm-head n128-off retune,s256,PROMOTED,+6.56/+5.90 (145/160; 139/160); promoted +6.93/+5.94 old-minus-default,commit 557ba5f; wgmma_n128_ok gate by M
results/AGENT-COORDINATION-ARCHIVE-20260707.md,1156,2026-07-06,lm-head,splitK separate-reduce head-dX scratch,small,NO-GO,local head-dX GEMM 186.6->113.0us (+44.8 reducer) but full-step target64 shrank to +1.84/+1.38; target128 -6.30/-7.74,keep 32-tile n128 fp32/no-atomic; OP_SPLITK_REDUCE_F32 not landed
results/AGENT-COORDINATION-ARCHIVE-20260707.md,1185,2026-07-06,lm-head,small head-dX n128 split64 retune,small,NO-GO,broad +23.42 but focused +6.00/+4.69 and pair-order only +1.70/+3.84,keep no-atomic default; separate-reduce is the real follow-up
results/AGENT-COORDINATION-ARCHIVE-20260707.md,1201,2026-07-06,rowop,small RMSNorm dX H512 exact-body probe,small,NO-GO,bucket 150.1->140.2us but step +1.60 then -7.25; pair-order -2.67/-1.04,keep generic two-row dX body; no source landed
results/AGENT-COORDINATION-ARCHIVE-20260707.md,1216,2026-07-06,rowop,qwen SwiGLU cache-sig composition recheck,qwen4b-l1,NO-GO,default-minus-cache -208.9/-200.7 cache 0/40 both orders,keep no-cache SWIGLU_BWD_2W
results/AGENT-COORDINATION-ARCHIVE-20260707.md,1226,2026-07-06,qwen,n256 N-major resweep,qwen4b-l1,NO-GO,M-major loses -70.3/-65.7 (6/80 pooled),keep bit26 default on
results/AGENT-COORDINATION-ARCHIVE-20260707.md,1235,2026-07-06,scheduling,qwen scheduler retune (cold-cap+idle),qwen4b-l1,NO-GO,cap96 +112.4us; smaller caps +1.36-5.27ms; idle32 confirmation collapsed to -2.3us (71/128),keep cold_cap=0 and default idle polling
results/AGENT-COORDINATION-ARCHIVE-20260707.md,1246,2026-07-06,gemm-dw,qwen n256 Drow direct-store vs atomic,qwen4b-l1,NO-GO,+13.5 (14/16) then +10.4 (9/16) mixed; Drow span 245.7->244.3us,do not add bit27/MK_WGMMA_N256_DROW_STORE
results/AGENT-COORDINATION-ARCHIVE-20260707.md,1258,2026-07-06,gemm-dw,qwen D128 fused dOatt/Drow n256 route,qwen4b-l1,PROMOTED,old-minus-new +120.2 (16/16)/+140.3 (15/16); tiles 512->128,commit 0caeeb7
results/AGENT-COORDINATION-ARCHIVE-20260707.md,1271,2026-07-06,gemm-dx,qwen qkv dX n256 bf16 route,qwen4b-l1,PROMOTED,old-minus-new +25.6 (13/16)/+31.5 (15/16); tiles 160->80,commit 68119b9
results/AGENT-COORDINATION-ARCHIVE-20260707.md,1286,2026-07-06,gemm-dx,qwen MLP dX n256 bf16 route,qwen4b-l1,PROMOTED,old-minus-new +98.7 median/+91.7 mean 16/16; tiles 608/160->304/80,commit 6ae088f
results/AGENT-COORDINATION-ARCHIVE-20260707.md,1299,2026-07-06,rowop,qwen QKNORM_ROPE_BWD split-DW,qwen4b-l1,NO-GO,old 9536.51 vs split 9602.48 (-69.06 median); split 0/32; qk_tiles 128->256,no main source landed
results/AGENT-COORDINATION-ARCHIVE-20260707.md,1308,2026-07-06,rowop,D128 QKNORM_ROPE_BWD cached-pair path,qwen4b-l1,PROMOTED,old-minus-new +28.7 median/+38.3 mean (20/24); bucket 304.5->281.2us,MK_QKBWD_D128_CACHE=1 guarded S1024/nq32/nkv8/D128
results/AGENT-COORDINATION-ARCHIVE-20260707.md,1326,2026-07-06,gemm-dx,small MLP dX m64n256 NN bf16,small,NO-GO,n256 loses +209.79/+251.15 0/80 both orders,no main source landed; scratch removed
results/AGENT-COORDINATION-ARCHIVE-20260707.md,1341,2026-07-06,attention-dq,D128 rowsplit dQ register-A dS-feed,qwen4b-l1,PROMOTED,op 103.65->99.62us; parity max_rel 2.52e-03; resource unchanged,commit fa58afb
results/AGENT-COORDINATION-ARCHIVE-20260707.md,1356,2026-07-06,attention-dq,D128 dQ split-wait variant,qwen4b-l1,NO-GO,99.01 vs 99.62us then repeat only -0.44us,correct but too small/noisy to promote
results/AGENT-COORDINATION-ARCHIVE-20260707.md,1364,2026-07-06,attention-dkv,D128 dKV S^T register-feed in-model port,qwen4b-l1,NO-GO,ST +10.32 (0/80); compiling ST body adds +6.89us old-path tax; STACK df 32->160 ws 64->336,standalone win did not transfer
results/AGENT-COORDINATION-ARCHIVE-20260707.md,1376,2026-07-06,attention-dkv,D128 dKV C-chunk sweep,qwen4b-l1,NO-GO,C1 196.06us best; C2 +10.16 (0/120); C3-8 +44..+191,keep C=1
results/AGENT-COORDINATION-ARCHIVE-20260707.md,1382,2026-07-06,attention-dq,D128 dQ rowsplit C-chunk sweep,qwen4b-l1,NO-GO,C1 102.99us best; C2 +97.23 (0/120); C3-8 +151..+405,direct-store fast path is C=1-only
results/AGENT-COORDINATION-ARCHIVE-20260707.md,1389,2026-07-06,executor,544640f spill-blame correction-in-progress,all,NOTE,stage3 impls already __noinline__ (frame costs nothing unless op routes); deltas non-uniform S8192 -38 vs small +117..+202,hold on fix recipe pending pre-stage3 control
results/AGENT-COORDINATION-ARCHIVE-20260707.md,1398,2026-07-06,executor,spill-fix probe batch,qwen+small+d128,NO-GO,stage3only/stage2only resusage unchanged (144/80/176); trampoline 3670.5 vs 3660.4 rejected; n256 compile-out probes ptxas-shape-sensitive,treat STACK as diagnostic only not promotion gate
results/AGENT-COORDINATION-ARCHIVE-20260707.md,1412,2026-07-06,executor,n256 shape-specialized build variant,small,NO-GO,no-n256 3654.3 vs control 3660.8 noise; STACK 176->192 worse,not a runtime-certified fix; reverted
results/AGENT-COORDINATION-ARCHIVE-20260707.md,1430,2026-07-06,executor,dispatch-spill bisect,all,MEASUREMENT,culprit 544640f STACK 32->208 (dac7321=48; b54d322/f54b4dd/06f3101=32),per P1/P6 blamed for +2-9% tax; later corrected to diagnostic-only
results/AGENT-COORDINATION-ARCHIVE-20260707.md,1444,2026-07-06,executor,dispatch-spill regression alert,all,MEASUREMENT,STACK 48->176; certified scoreboard +2-7% high (nano +22 small +200 S3072 +150 S4096 +230),from 0010Z-0345Z commits; later corrected (stack diagnostic only)
results/AGENT-COORDINATION-ARCHIVE-20260707.md,1461,2026-07-06,fusion,epilogue-fusion design spec,all,SCAFFOLD,rmsnorm_fwd dissolution via two algebraic folds; per site -1 rowop -1 hop -S*H round-trip; chain 76->~59 projected,spec results/epilogue-fusion-spec-2853e0de.md; unclaimed
results/AGENT-COORDINATION-ARCHIVE-20260707.md,1479,2026-07-06,rowop,rowop long-S gap decomposition,s4096,LAW,rowop bodies at baseline parity (~260us/model-pass vs triton 254; rms_dx ~6us/instr); 540-1330us bucket = span stretch from co-scheduling,lever = fusing rowops into gemm epilogues; QKNORM bwd S8192 body-bound ~91us/instr
results/AGENT-COORDINATION-ARCHIVE-20260707.md,1492,2026-07-06,attention,D128 banding analysis,qwen4b-l1,CLOSED-BY-ANALYSIS,qwen nq=32 emits 512-2048 tiles; work-stealing already smooths triangle,dropped without GPU spend; banding needs low-head makespan-bound regime
results/AGENT-COORDINATION-ARCHIVE-20260707.md,1509,2026-07-06,executor,D128 DQ-topology/interpreter-gap investigation,qwen4b-l1,NO-GO,standalone additive gap fwd +98/dq +128/dkv +99us; claim=1 recovers -48/-75/-85 standalone; in-model wash -9.1/+5.4,claim-1 knob committed default-off (b806a01); absorption 6th strike; qwen ~11.1ms from 22.1
results/AGENT-COORDINATION-ARCHIVE-20260707.md,1527,2026-07-06,attention-fwd,FA4-B fwd KV-widening in-model,s4096+s512+s1024,NO-GO,banded S4096 +18.7/+17.4; S512 -6.5/-1.9 under bar; S1024 +3.3/+7.7; ~0.021 grad-rel caveat,NO-GO by absorption; op kept default-off on megakernel-attn-w128
results/AGENT-COORDINATION-ARCHIVE-20260707.md,1546,2026-07-06,attention,D128 WGMMA attention trio merge,qwen4b-l1,PROMOTED,vs forced-old WMMA +1885.4/+1627.5us (old 0/12); parity 0.0086,commits 1566e51..dac7321 default-on D==128 S%64==0; 120KB carveout; smem attribute re-config fix bundled
results/AGENT-COORDINATION-ARCHIVE-20260707.md,1559,2026-07-06,executor,D128 integration plan + launch-layer bug fix,qwen4b-l1,NOTE,trio measured -1673/-1776us (12/12); fixed process-lifetime cudaFuncSetAttribute caching in 4 executor runners (mixed-carveout launches broke),ws mode offsets ops by 256B
results/AGENT-COORDINATION-ARCHIVE-20260707.md,1596,2026-07-05,lm-head,qwen post-dwtn route interaction resweep,qwen4b-l1,NO-GO,head-dX n256 forced-old +504.5 (16/16); lm-head forced-old +862.0 (16/16),keep both n256 routes after dW n256 promotion
results/AGENT-COORDINATION-ARCHIVE-20260707.md,1617,2026-07-05,gemm-dw,qwen vocab-dW TN n256 route,qwen4b-l1,PROMOTED,old 16151.7 vs new 12973.8us (+3178.0 old-minus-new); standalone vocab dW n64 3480.7/n128 2505.5/n256 2112.3,commit 717f710; five dW rows tiles quartered
results/AGENT-COORDINATION-ARCHIVE-20260707.md,1636,2026-07-05,scheduling,qwen COLD_CAP resweep post-dW-noatomic,qwen4b-l1,NO-GO,cap4/8/16 catastrophic; cap64 +2661.7; cap96 +1082.2; cap128 +50.2 (1/12),keep default_cold_cap=0
results/AGENT-COORDINATION-ARCHIVE-20260707.md,1642,2026-07-05,attention-fwd,D128 fwd port milestone,qwen4b-l1,MEASUREMENT,-903.2/-935.1us (12/12 both orders); worst grad rel 0.008648,redundant-S + split-D-halves design holds; folded into trio merge
results/AGENT-COORDINATION-ARCHIVE-20260707.md,1668,2026-07-05,gemm-dw,qwen dW no-atomic sk1,qwen4b-l1,PROMOTED,old 19017.4 vs new 15897.3us (+3120.0); dW row now off-path 236.6us,commit e15b6b9; five dW rows flags 169->137
results/AGENT-COORDINATION-ARCHIVE-20260707.md,1707,2026-07-05,lm-head,qwen head-dX wide-N n256,qwen4b-l1,PROMOTED,old 19587.0 vs new 18990.3us (+596.7); standalone n128 2740.9 vs n256 2126.1 (374.7 TF),commit 3023519; fat_gemm_nn_probe.py committed
results/AGENT-COORDINATION-ARCHIVE-20260707.md,1727,2026-07-05,measurement,qwen post-headroutes profile,qwen4b-l1,MEASUREMENT,total 19631.9us; head-dX 3609.3; lm-head 2697.2; ATTN_FWD 1833.7; ATTN_DQ 1461.2,
results/AGENT-COORDINATION-ARCHIVE-20260707.md,1740,2026-07-05,lm-head,qwen head-dX n128 fp32/no-atomic,qwen4b-l1,PROMOTED,split 21235.3->19674.4; f32-noatomic 21204.1->19576.0 better; promoted old-minus-new +1518.5,commit 2c652f1; exact qwen tuple only
results/AGENT-COORDINATION-ARCHIVE-20260707.md,1762,2026-07-05,lm-head,qwen lm-head direct 128x256 n256,qwen4b-l1,PROMOTED,old 22051.4 vs new 21142.3 (+909.1); lm-head span 3528.9->2675.1; total 21991.8->21062.8,commit b5da0ac; staged n256 still blocked by 160KB coop smem
results/AGENT-COORDINATION-ARCHIVE-20260707.md,1791,2026-07-05,lm-head,lm-head fat-tile m64n256 standalone probe,small+s8192+qwen,NO-GO,staged wins standalone (73.9->60.7; 182.8->154.6; qwen 2791.5->2459.0) but 160KB coop launch fails; direct broad small neutral/S8192 182.8->193.2 regressed; qwen direct 2784.7->2490.9 promising,no general default route; qwen-specific direct-store follow-up flagged (later promoted b5da0ac)
results/AGENT-COORDINATION-ARCHIVE-20260707.md,1822,2026-07-05,measurement,qwen4b post-coldcap profile,qwen4b-l1,MEASUREMENT,total 22118.5us with cold_cap=0; ATTN_FWD 1813.3; ATTN_DQ 1503.3,extends into generic dQ Cq sweep
results/AGENT-COORDINATION-ARCHIVE-20260707.md,1829,2026-07-05,attention-dq,qwen generic D128 dQ Cq1 gate,qwen4b-l1,PROMOTED,Cq1 21948.0/21935.2 best vs old Cq4 22089.3/22100.9; promoted +85.1/+94.8 old-minus-new,exact (2560;1024;32;8;128) gate; fallback cleanup only
results/AGENT-COORDINATION-ARCHIVE-20260707.md,1852,2026-07-05,gemm-dx,SW128 deep-K GEMM probe (S6/S8/S9),longdx shapes,NO-GO,standalone S8 187.4->175.8/44.3->42.9/43.1->41.5us; head-dX slices -1.9..-4.6; 208KB smem page tax nano +6.1 small +42.2 S8192 +94.9,no default route/no megakernel integration
results/AGENT-COORDINATION-ARCHIVE-20260707.md,1872,2026-07-05,scheduling,giant-L1 uncapped cold-cap,qwen4b-l1,PROMOTED,cap48 29432.9 vs cap0 22094.0us; confirm both orders; low caps starve sinks (cap4 215.8ms),_cold_cap()=0 for L==1 H>=1024 V>=32768; other defaults unchanged
results/AGENT-COORDINATION-ARCHIVE-20260707.md,1885,2026-07-05,attention,s8192 post-specialization resweep,s8192,NO-GO,T36 +102; T44 +11/+23; fwd T56 +26; fwd T72 +413 cliff; idle64 neutral,all defaults hold; spans changed optima did not
results/AGENT-COORDINATION-ARCHIVE-20260707.md,1896,2026-07-05,infra-process,knob consolidation refactor,all,PROMOTED,~12 per-shape gates into one model.py table; route-identical on all 11 gauntlet shapes (instr+claim+crit+deps+cold-cap hashes),commit 56ab960; re-verify with route_snapshot.py after rebases
results/AGENT-COORDINATION-ARCHIVE-20260707.md,1910,2026-07-05,attention-fwd,combine-R sweep,s4096+s8192,NO-GO,R=4 loses; R=16 order-mixed neutral,R=8 confirmed; knob-consol worktree ready
results/AGENT-COORDINATION-ARCHIVE-20260707.md,1925,2026-07-05,gemm-fwd,post-band n128 recheck long-S,s4096+s8192,NO-GO,S4096 +27..+132; S8192 +72..+423 when touched; no flips,all n128 routing defaults confirmed load-bearing
results/AGENT-COORDINATION-ARCHIVE-20260707.md,1930,2026-07-05,attention-fwd,s8192 fwd-band + idle retune batch,s8192,NO-GO,T48 +105/+90; T56 +41/+28; T72 +399/+387; T80 +510/+476; idle16/64 wash,T64 sharp optimum; local GPU lane contaminated 1.6-1.8x (invisible 62GB tenant) readings discarded
results/AGENT-COORDINATION-ARCHIVE-20260707.md,1985,2026-07-05,attention,s8192 bwd band T32->T40,s8192,PROMOTED,T40 -88.48/-109.62 12/12 focused; promoted old-minus-new +75.81/+80.37 old 0/16,commit a8f137c
results/AGENT-COORDINATION-ARCHIVE-20260707.md,2000,2026-07-05,measurement,s8192 post-T40 profile/score,s8192,MEASUREMENT,mk 7053.2 vs graph+ 3163.6 (2.23x); ATTN_DKV 2602.8; ATTN_FWD 1045.1,
results/AGENT-COORDINATION-ARCHIVE-20260707.md,2012,2026-07-05,rowop,s8192 QKBWD split-V,s8192,PROMOTED,-34.59/-63.47 (15/16; 16/16); promoted +42.88/+31.78 old 2/16; 1/16,commit 53632a2; port exposed stale-slot kv dependency bug (w1.3 rel ~1.03) fixed with unslotted root read
results/AGENT-COORDINATION-ARCHIVE-20260707.md,2033,2026-07-05,measurement,s8192 post-splitV profile/score,s8192,MEASUREMENT,mk 6972.5 vs graph+ 3161.4 (2.21x); ATTN_DKV 2529.2,
results/AGENT-COORDINATION-ARCHIVE-20260707.md,2047,2026-07-05,scheduling,s8192 MK_ROWOP_CLAIM=8 recheck,s8192,NO-GO,+47.54 (1/16); reverse +32.27 (7/16) with doubled absolutes treated contaminated,keep rowop claim default
results/AGENT-COORDINATION-ARCHIVE-20260707.md,2060,2026-07-05,rowop,QKBWD split-V widen to s4096,s4096,PROMOTED,-16.59/-3.52 (40/40; 36/40); confirm -9.60/-12.38; promoted +28.61/+17.62,commit 63f4f11
results/AGENT-COORDINATION-ARCHIVE-20260707.md,2080,2026-07-05,measurement,s4096 post-split-V profile/score,s4096,MEASUREMENT,mk 3126.1 vs graph+ 1585.0 (1.97x); ATTN_DQ 762.6,split-V target now below attention dQ/fwd
results/AGENT-COORDINATION-ARCHIVE-20260707.md,2095,2026-07-05,rowop,QKBWD split-V widen to s3072,s3072,PROMOTED,-14.67/-8.99 (40/40; 37/40); confirm -11.28/-12.85; promoted +9.17/+15.81,commit 6e2251a
results/AGENT-COORDINATION-ARCHIVE-20260707.md,2115,2026-07-05,rowop,s2048 split-V boundary,s2048,NO-GO,+0.22 (20/40) default-first vs -12.85 (38/40) split-first order-mixed; confirm same pattern,keep split-V gate at exact S3072+
results/AGENT-COORDINATION-ARCHIVE-20260707.md,2130,2026-07-05,measurement,s3072 post-split-V profile/score,s3072,MEASUREMENT,mk 2485.3 vs graph+ 1273.2 (1.95x); ATTN_DQ 516.8,
results/AGENT-COORDINATION-ARCHIVE-20260707.md,2143,2026-07-05,fusion,SSQ-off long-shape check,s3072+s4096,PROMOTED,S3072 -5.39/-2.06 confirm -4.85/-3.38 promoted +3.38/+7.73; S4096 rejected order-mixed (-7.60/+4.18),commit 637102c disables SSQ fusion at S3072 only
results/AGENT-COORDINATION-ARCHIVE-20260707.md,2161,2026-07-05,measurement,s3072 post-SSQ profile/score,s3072,MEASUREMENT,mk 2468.5 vs graph+ 1339.9 (fresh graph+ row moved high vs 1273.2); total 2488.5,use paired A/B for SSQ delta
results/AGENT-COORDINATION-ARCHIVE-20260707.md,2175,2026-07-05,fusion,s8192 SSQ-off endpoint,s8192,NO-GO,-2.27 (8/16) then +2.34 (12/16) order-mixed noise,keep SSQ on at S8192; gate stays exact S3072 (then S2048)
results/AGENT-COORDINATION-ARCHIVE-20260707.md,2186,2026-07-05,fusion,SSQ-off s2048,s2048,PROMOTED,-3.02/-7.63 (32/40; 35/40); confirm -10.66/-3.66; promoted +8.37/+3.02,commit def4cbb
results/AGENT-COORDINATION-ARCHIVE-20260707.md,2203,2026-07-05,measurement,s2048 post-SSQ profile/score,s2048,MEASUREMENT,mk 1780.9 vs graph+ 1044.8 (1.70x); ATTN_DQ 274.9,
results/AGENT-COORDINATION-ARCHIVE-20260707.md,2217,2026-07-05,rowop,s2048 split-V recheck post-SSQ,s2048,NO-GO,-0.70 (19/40) default-first vs -12.75 (40/40) split-first still order-mixed,keep gate at S3072+
results/AGENT-COORDINATION-ARCHIVE-20260707.md,2228,2026-07-05,gemm-dw,s2048 Drow direct-store recheck,s2048,NO-GO,+13.58 (2/40)/+3.22 (15/40),keep old atomic Drow epilogue
results/AGENT-COORDINATION-ARCHIVE-20260707.md,2245,2026-07-05,attention-dkv,s8192 dKV row-scalar broadcast,s8192,PROMOTED,-10.90/-9.02 (14-15/16); confirm -16.85/-13.97; promoted +10.61/+7.60 old-minus-new,exact H256/D64/S8192 default; later reverted after GEMM mbar (see 20260706 rechecks)
results/AGENT-COORDINATION-ARCHIVE-20260707.md,2262,2026-07-05,measurement,s8192 post-rowbcast profile/score,s8192,MEASUREMENT,mk 7016.6 vs graph+ 3123.3 (2.25x); ATTN_DKV 2584.4 mostly wait,first attempt failed on relative venv path
results/AGENT-COORDINATION-ARCHIVE-20260707.md,2297,2026-07-05,rowop,H256 RMS dx R2 specialization,s8192,PROMOTED,S8192 -25.10/-43.33 16/16; promoted +23.33/+26.99 (old 3/16; 2/16); S4096 order-mixed (-16.45/+1.23) not gated,MK_RMS_DX_H256 exact S8192 default only
results/AGENT-COORDINATION-ARCHIVE-20260707.md,2310,2026-07-05,measurement,s8192 post-RMS-dx profile/score,s8192,MEASUREMENT,total 7233.5; mk 7156.9 vs graph+ 3119.0 (2.29x); ATTN_DKV 2649.7 (2112.1 wait),absolute noisier than paired A/B
results/AGENT-COORDINATION-ARCHIVE-20260707.md,2351,2026-07-05,rowop,SwiGLU 3W route for H256/I768,s4096+s8192,NO-GO,S8192 +6.08/+1.36; S4096 confirm -50.02/-52.48 but promoted-default gate invalidated (old won -6.42 then +0.38 neutral),source probe reverted; keep 2W defaults
results/AGENT-COORDINATION-ARCHIVE-20260707.md,2365,2026-07-05,attention-dq,s2048 DQ float2-store probe post-T12,s2048,NO-GO,+1.10 (23/40)/-1.86 (15/40) noise,keep S2048 outside _adqf2; recorded 4bf7401
results/AGENT-COORDINATION-ARCHIVE-20260707.md,2376,2026-07-05,measurement,s3072 profile refresh @1b9cb20,s3072,MEASUREMENT,total 2493.9; ATTN_DQ 518.4; lm-head 224.6,
results/AGENT-COORDINATION-ARCHIVE-20260707.md,2386,2026-07-05,attention,s3072 bwd band retune,s3072,NO-GO,T10/T12/T14/T18/T28 lose both orders; T20 -6.64/+0.86 mixed; T24 noise,keep T16
results/AGENT-COORDINATION-ARCHIVE-20260707.md,2396,2026-07-05,attention-fwd,s3072 fwd-band retune,s3072,NO-GO,T20/T24/T36/T40/T48 lose; T28 -1.44/+9.01 mixed,keep T32; recorded b5d2517
results/AGENT-COORDINATION-ARCHIVE-20260707.md,2405,2026-07-05,measurement,s2048 post-T12 profile,s2048,MEASUREMENT,total 1760.7; ATTN_DQ 276.7; ATTN_FWD 131.8,
results/AGENT-COORDINATION-ARCHIVE-20260707.md,2415,2026-07-05,attention,s2048 T12 band-order dq_first recheck,s2048,NO-GO,+18.50/+21.31 (1/40 both),keep lpt at S2048; recorded 1b9cb20
results/AGENT-COORDINATION-ARCHIVE-20260707.md,2427,2026-07-05,measurement,post-resweep profile refresh,s2048+s4096+s8192,MEASUREMENT,totals 1798.8/3159.4/7221.0; S8192 ATTN_DKV 2655.4,
results/AGENT-COORDINATION-ARCHIVE-20260707.md,2441,2026-07-05,attention-fwd,s2048 fwd-band retune,s2048,NO-GO,T8/T12/T14/T24 lose; T10 +7.94/-4.98 mixed; T18/T20 reverse-only,keep T16
results/AGENT-COORDINATION-ARCHIVE-20260707.md,2464,2026-07-05,attention,s2048 bwd band T16->T12,s2048,PROMOTED,T12 -29.94/-36.69 40/40; promoted +34.85/+32.27 old 0/40,commit bcba0d2
results/AGENT-COORDINATION-ARCHIVE-20260707.md,2472,2026-07-05,scheduling,post-band resweep batch 2,s2048+s3072+s4096,NO-GO,cold_cap washes everywhere; MK_WGMMA_TN=0 and MK_DW_TARGET_TILES=192 lose +160-174us 0/40,TN dW gate + dW target load-bearing post-band; day total S8192 8395->~7213us
results/AGENT-COORDINATION-ARCHIVE-20260707.md,2496,2026-07-05,scheduling,idle32 extend to s2048,s2048,PROMOTED,idle32 -12.13/-14.74 (40/40; 38/40); promoted +15.04/+11.34 old 1-2/40,commit 9af56ee
results/AGENT-COORDINATION-ARCHIVE-20260707.md,2511,2026-07-05,attention-fwd,s4096 fwd-band T32->T22,s4096,PROMOTED,narrow T22 -23.26/-22.64 40/40; promoted +20.77/+21.71 old 2/40; 1/40,cherry-picked to shared as f5393b1
results/AGENT-COORDINATION-ARCHIVE-20260707.md,2526,2026-07-05,scheduling,post-band resweep batch 1 (idle32 s8192),s8192,FLIP-PROMOTED,pooled -11.2us (100/128); promoted +14.2/+2.3 vs forced-256; cold_cap 16/33 + head-dx 96/384 wash,S8192 ~7213us (day -14.1%; gap ~2.30x); flip found post-band
results/AGENT-COORDINATION-ARCHIVE-20260707.md,2541,2026-07-05,rowop,SwiGLU cached-2W s8192 post-band recheck,s8192,FLIP-PROMOTED,pre-band +47.5us -> now -111.9/-128.3 (16/16); promoted +128.8/+116.0 (0/16); RMS_DX_R4 s4096 held negative +5.6/+8.1,commit da7e525; lesson: banding invalidated pre-band knob verdicts
results/AGENT-COORDINATION-ARCHIVE-20260707.md,2563,2026-07-05,attention-fwd,fwd-band broad sweep,s4096+s8192,NO-GO,S4096 only T24 positive -17.0/-11.6 (23-24/24); S8192 T48/T56/T72/T80 all lost,keep S8192 T64; S4096 narrowed to T22 next
results/AGENT-COORDINATION-ARCHIVE-20260707.md,2593,2026-07-05,measurement,post-combine profile @98591ae,s4096+s8192,MEASUREMENT,S4096 3147.7 (DQ 766.9); S8192 7354.9 (DKV 2668.6/2304.4 wait); ATTN_COMBINE 67.2 at S8192,
results/AGENT-COORDINATION-ARCHIVE-20260707.md,2612,2026-07-05,attention-fwd,combine row-batching R=8,s3072+s4096+s8192,PROMOTED,S3072 -33.1/-27.9; S4096 -28.5/-23.6; S8192 -69.5/-46.2 (old <=2/40),commit fe39656; day summary: composed gaps 1.78/1.89/2.0/2.3x from 1.83/1.97/2.13/2.69x
results/AGENT-COORDINATION-ARCHIVE-20260707.md,2637,2026-07-05,rowop,s4096 RMS_DX_R4 recheck post-T29,s4096,NO-GO,+5.41/+5.22 (9/40; 11/40),keep R2
results/AGENT-COORDINATION-ARCHIVE-20260707.md,2649,2026-07-05,attention,s4096 T29 lpt_dq_tie tie-break probe,s4096,NO-GO,+11.86/+10.34 (2/40; 6/40),keep lpt; recorded 98591ae
results/AGENT-COORDINATION-ARCHIVE-20260707.md,2666,2026-07-05,attention,s4096 T29 dq_first retest,s4096,NO-GO,+51.65/+48.11 0/40 both orders,keep lpt at S4096
results/AGENT-COORDINATION-ARCHIVE-20260707.md,2681,2026-07-05,measurement,s4096 post-T29 profile,s4096,MEASUREMENT,total 3190.3 (first sample contaminated at 5661.7); ATTN_DQ 765.9 (548.1 wait),
results/AGENT-COORDINATION-ARCHIVE-20260707.md,2693,2026-07-05,measurement,post-compose long profile,s3072+s4096+s8192,MEASUREMENT,totals 2517.7/3236.4/7354.8; ATTN_COMBINE fat on-path 100.1/181.0/301.3; S8192 flipped DKV-led 2298us wait,motivates combine row-batching claim
results/AGENT-COORDINATION-ARCHIVE-20260707.md,2710,2026-07-05,attention,s4096 bwd band T32->T29,s4096,PROMOTED,T29 -60.3/-60.4 then -62.9/-60.4 40/40; final 3161.7 vs 3221.9 old 0/40,commit 77346e2
results/AGENT-COORDINATION-ARCHIVE-20260707.md,2725,2026-07-05,measurement,composed day-close scoreboard,long-S,MEASUREMENT,S2048 1.78x; S3072 1.89x; S4096 2.06x; S8192 2.34x (7327.2 vs 3137.1; day start 2.69x),caveat: single bench rows ~20-40us above paired instrument at S2048-4096
results/AGENT-COORDINATION-ARCHIVE-20260707.md,2733,2026-07-05,attention-fwd,fwd-band claim close + validation battery,s2048-s8192,NOTE,post-rebase S8192 default-vs-off +494.4/+468.9 (0/16) composes with dq_first; battery S2048 +21.9/+14.5 S3072 +47.8/+44.2 S4096 +6.9/+8.1 S8192 +505.4/+476.6,merge 94e6c08+d86b5ce by band-order session; own branch redundant
results/AGENT-COORDINATION-ARCHIVE-20260707.md,2748,2026-07-05,attention-onepass,fused one-pass attention bwd,s4096,REFUTED,parity-clean but +118.98us 0/40,mechanism: dQ fp32-atomic store-amplification (~135MB/layer L2-serialized) loses to L2-resident re-reads; scales worse with S; do not revisit
results/AGENT-COORDINATION-ARCHIVE-20260707.md,2807,2026-07-05,attention,s8192 dq_first band order,s8192,PROMOTED,-103.18 (16/16)/-74.24 (15/16) vs lpt; do not broaden: S2048 +8.86/+22.14 S3072 +52.72/+62.90 S4096 +47.28/+51.81,commit 94c1a2a; MK_ATTN_BAND_ORDER=lpt restores old order
results/AGENT-COORDINATION-ARCHIVE-20260707.md,2825,2026-07-05,measurement,s8192 post-bandorder profile,s8192,MEASUREMENT,total 7752.1; top wait moved DQ->DKV: DKV 2664.1 (2298.0 wait); off-path DKV 2632.3 DQ 2523.5,suggests interleave probe next
results/AGENT-COORDINATION-ARCHIVE-20260707.md,2850,2026-07-05,attention,s8192 interleave_desc band order,s8192,NO-GO,+31.97 (2/16)/+17.49 (2/16),keep dq_first; worktree left for inspection
results/AGENT-COORDINATION-ARCHIVE-20260707.md,2874,2026-07-05,attention,s8192 dq_first_dkv_tail order,s8192,NO-GO,+31.42 (1/16)/+31.54 (1/16),keep dq_first
results/AGENT-COORDINATION-ARCHIVE-20260707.md,2927,2026-07-05,attention-fwd,fwd-band default gates merge,s2048-s8192,PROMOTED,vs forced-off S2048 -23.86 (40/40) S3072 -39.84 (40/40) S4096 -6.64 (33/40) S8192 -481.94 (16/16),commits 94e6c08+d86b5ce; gates {2048:16;3072:32;4096:32;8192:64}; impl from peer afa6e22 revalidated on current head
results/AGENT-COORDINATION-ARCHIVE-20260707.md,2940,2026-07-05,measurement,s8192 post-fwdband profile,s8192,MEASUREMENT,total 7345.8; ATTN_FWD 1524->849.1; ATTN_COMBINE 306.7 new; DKV 2662.3 (2304.7 wait),
results/AGENT-COORDINATION-ARCHIVE-20260707.md,2955,2026-07-05,attention,s8192 band-order recheck post-fwdband,s8192,NO-GO,lpt +113.98/+104.86 0/16,keep dq_first
results/AGENT-COORDINATION-ARCHIVE-20260707.md,2962,2026-07-05,attention,short-S banding,s512+s1024,NO-GO,S1024 T8 -0.2/+4.5 neutral; S512 T4 +15.2/+4.1; uniform-C1 points +22..+70,also: S4096 dq wait is SM contention under co-running dkv bands not dependency stall
results/AGENT-COORDINATION-ARCHIVE-20260707.md,2975,2026-07-05,measurement,post-band scoreboard,long-S,MEASUREMENT,S2048 1843.9 vs 1043.3 (1.77x); S3072 2526.9 vs 1336.1 (1.89x); S4096 3206.0 vs 1589.1 (2.02x); S8192 7782.2 vs 3044.8 (2.56x),
results/AGENT-COORDINATION-ARCHIVE-20260707.md,2989,2026-07-05,attention-fwd,fwd-band design pass,long-S,SCAFFOLD,fwd split should be new default-off op writing opart/mpart/lpart reusing OP_ATTN_COMBINE; uniform-C first; cap C<=8 (float w[8]),risks: combine hop/partial traffic can erase straggler wins
results/AGENT-COORDINATION-ARCHIVE-20260707.md,3040,2026-07-05,attention-fwd,uniform-C fwd split+global-combine op-level,s2048+s4096+s8192,REFUTED,C2 +8.82/+84.88/+220.14; C4 +12.99/+93.22/+222.85 near-zero wins,refutes simple split+global-combine; future fwd-band needs design avoiding global combine traffic/hop
results/AGENT-COORDINATION-ARCHIVE-20260707.md,3054,2026-07-05,measurement,s8192 post-band profile @fe8884b,s8192,MEASUREMENT,total 7822.0; ATTN_DQ 2752.4 (1796.3 wait + 956.1 span); ATTN_FWD 1507.0,new top path is DQ wait
results/AGENT-COORDINATION-ARCHIVE-20260707.md,3066,2026-07-05,attention,banded attention-bwd chunking merge,s2048-s8192,PROMOTED,env A/B S2048 -21/-16 S3072 -37/-42 S4096 -81/-79 S8192 -532/-525 all 40/40 or 16/16; merged confirm +12.5/+35.1/+70.4/+505.0,commits 06ab5b6+8508a7d; gate {2048:16;3072:16;4096:32;8192:32}; MK_ATTN_BAND=0 restores uniform
results/AGENT-COORDINATION-ARCHIVE-20260707.md,3115,2026-07-05,gemm-dx,small MLP dX n128 split-K probe,small,NO-GO,MIN_K2048 +64.70 (0/40); MIN_K1024 +188.59 (0/40),MK_SMALL_DX_N128_SPLIT rejected; worktree left for inspection
results/AGENT-COORDINATION-ARCHIVE-20260707.md,3172,2026-07-05,attention-dkv,DKV row-broadcast probe timing,nano+small,NO-GO,nano +0.18 neutral (31/64); small +19.95 (5/48),rejected local probe unless later profile shows row-scalar bottleneck
results/AGENT-COORDINATION-ARCHIVE-20260707.md,3191,2026-07-05,attention-dkv,small DKV chunk retest post-float2,small,NO-GO,DKV_C2 +59.58 (0/80); DKV_C3 +55.68 (0/80),keep DKV_C=1/DQ_C=1
results/AGENT-COORDINATION-ARCHIVE-20260707.md,3201,2026-07-05,attention-dq,DQ float2 Cq1 expansion,s8192,PROMOTED,S8192 -32.53 (12/12) clean repeat -29.92 (10/12); S256 rejected +3.90; S128 reversed +1.18; small too weak -5.33,_adqf2 gate = H256 S3072/S4096/S8192
results/AGENT-COORDINATION-ARCHIVE-20260707.md,3213,2026-07-05,attention,long-S attention scaling phase-1 decomposition,s1024-s8192,LAW,bwd competitive 1.14x/1.09x at S1024/2048; collapses at C=1: S3072 1.63x S4096 1.61x S8192 2.21x; straggler-bound 2.7us/stage dkv 1.9us/stage dq; fwd 64st x 1.5us,mechanism supports banded chunking (split only long tiles); uniform C=2 fails
results/AGENT-COORDINATION-ARCHIVE-20260707.md,3265,2026-07-05,attention-dkv,DKV float2 S128/S256 boundary,s128+s256,MEASUREMENT,S128 -0.85 (94/160); S256 -15.15 (119/120),boundary confirms broad D=64/S%128 gate
results/AGENT-COORDINATION-ARCHIVE-20260707.md,3270,2026-07-05,measurement,post-DKV-float2 profile/score,all shapes,MEASUREMENT,nano 912.8 vs 631.4; small 3457.7 vs 1904.0; deep 2382.7 vs 1785.8; S3072 2593.8 vs 1340.5; S4096 3323.2 vs 1569.4; S8192 8221.0 vs 3123.3,
results/AGENT-COORDINATION-ARCHIVE-20260707.md,3296,2026-07-05,attention-dkv,DKV direct-atomic float2 epilogue,D64 broad,PROMOTED,nano -5.70; S1024 -7.78; small -39.86; S2048 -10.26; S3072 -7.20; S4096 -23.44; S8192 -47.39,gate c.D==64 and S%128==0; MK_ATTN_DKV_FLOAT2_ATOMIC=0 restores scalar
results/AGENT-COORDINATION-ARCHIVE-20260707.md,3315,2026-07-05,attention-dq,DQ split-mask probability loop,s3072+s4096,NO-GO,S3072 +41.98 (0/40); S4096 +45.98 (0/36),probe reverted; per-element masked predicate cheaper than stage-level branch
results/AGENT-COORDINATION-ARCHIVE-20260707.md,3325,2026-07-05,measurement,post-dqf2 profile/score,s3072+s4096,MEASUREMENT,S4096 3300.2 vs 1586.8 (2.08x); S3072 2610.5 vs 1324.5 (1.97x after outlier rerun),
results/AGENT-COORDINATION-ARCHIVE-20260707.md,3344,2026-07-05,attention-dq,DQ C=1 float2 direct-store epilogue,s3072+s4096,PROMOTED,S3072 -9.68 (45/48) promoted -11.46 (36/40); S4096 -15.95 (39/40) promoted -7.17 (30/36),exact-shape gate; S2048/S8192 stay scalar
results/AGENT-COORDINATION-ARCHIVE-20260707.md,3363,2026-07-05,measurement,post-idle32 profile/score,s3072+s4096,MEASUREMENT,S3072 2647.5 vs 1341.6 (1.97x); S4096 3331.1 vs 1581.2 (2.11x); S4096 ATTN_DQ 914.5,
results/AGENT-COORDINATION-ARCHIVE-20260707.md,3386,2026-07-05,scheduling,idle-poll 32ns promotion,s3072+s4096,PROMOTED,S3072 -11.06 (45/48) clean -6.93; S4096 -11.20 (40/40) clean -5.89; S8192 rejected (+13.22; 1/16),MK_IDLE_NS exposed as build knob; gate exact S3072/S4096
results/AGENT-COORDINATION-ARCHIVE-20260707.md,3407,2026-07-05,measurement,post-headdx-sk1 profile/score,s3072+s4096,MEASUREMENT,S3072 2627.4 vs 1329.4 (1.98x); S4096 3341.7 vs 1569.5 (2.13x); head-dX 94.9 vs pre 105.5,
results/AGENT-COORDINATION-ARCHIVE-20260707.md,3425,2026-07-05,lm-head,head-dX no-zero/no-atomic sk1 widening,s3072+s4096+s8192,PROMOTED,S3072 -7.39/-6.48; S4096 -9.47/-10.38; S8192 -21.92/-16.22,widened to H256/S>=2048 gated sk_head==1
results/AGENT-COORDINATION-ARCHIVE-20260707.md,3443,2026-07-05,measurement,s3072 profile/score @8058040,s3072,MEASUREMENT,2651.2 vs 1327.3 (2.00x); ATTN_DQ 569.3; ATTN_FWD 336.9,
results/AGENT-COORDINATION-ARCHIVE-20260707.md,3458,2026-07-05,rowop,long-shape RMS_DX_R4 recheck,s2048+s3072+s4096,NO-GO,S2048 forced R2 +6.51 (26/80); S3072 R4 +3.74 (26/80); S4096 R4 +4.37 (15/64),keep S2048 R4 and S3072/S4096 R2
results/AGENT-COORDINATION-ARCHIVE-20260707.md,3471,2026-07-05,attention-dq,DQ x2 WGMMA batching (S+dP),s2048+s4096,NO-GO,S2048 +3.87 (28/80) order-biased; S4096 +14.11 (4/64),isolated MK_ATTN_DQ_X2_SD probe not promoted
results/AGENT-COORDINATION-ARCHIVE-20260707.md,3486,2026-07-05,attention,s4096 attention chunk probe,s4096,NO-GO,1/2 +77.57 (0/80); 1/3 +125.12 (0/80); 2/2 +100.21 (0/80); 2/1 +21.63 (1/80),keep DKV_C=1/DQ_C=1
results/AGENT-COORDINATION-ARCHIVE-20260707.md,3498,2026-07-05,measurement,s4096 post-sw2w profile/score,s4096,MEASUREMENT,3370.2 vs 1584.1 (2.13x); ATTN_DQ 922.8; ATTN_FWD 439.6,
results/AGENT-COORDINATION-ARCHIVE-20260707.md,3511,2026-07-05,attention,s2048 DQ over-split probe,s2048,NO-GO,2/3 +67.41 (0/160); 2/4 +62.40 (0/160); 1/3 +46.82 (0/160),keep DKV_C=2/DQ_C=2
results/AGENT-COORDINATION-ARCHIVE-20260707.md,3521,2026-07-05,rowop,s8192 cached SwiGLU 2W boundary,s8192,NO-GO,+50.88/+45.22 combined +47.47 (10/40),keep gate capped at S4096; later FLIP-PROMOTED post-band (da7e525)
results/AGENT-COORDINATION-ARCHIVE-20260707.md,3532,2026-07-05,rowop,s4096 cached SwiGLU 2W,s4096,PROMOTED,-3.71/-5.07 combined -4.21 (59/80); promoted -6.61/-0.54 combined -5.23 (52/80),smaller long-S win; gate now includes S4096
results/AGENT-COORDINATION-ARCHIVE-20260707.md,3548,2026-07-05,rowop,s3072 cached SwiGLU 2W,s3072,PROMOTED,-13.73/-8.48 combined -10.99 (113/128); promoted -16.37/-13.15 combined -15.38 (124/128),gate now includes S3072
results/AGENT-COORDINATION-ARCHIVE-20260707.md,3563,2026-07-05,measurement,s2048 post-sw2w profile/score,s2048,MEASUREMENT,1908.9 vs 1043.3 (1.83x); ATTN_DQ 335.3,
results/AGENT-COORDINATION-ARCHIVE-20260707.md,3576,2026-07-05,rowop,s2048 cached SwiGLU 2W,s2048,PROMOTED,-10.21/-9.73 combined -10.11 (165/192); promoted -6.10/-5.34 combined -5.62 (145/192),gate now includes S2048
results/AGENT-COORDINATION-ARCHIVE-20260707.md,3590,2026-07-05,measurement,s1024 post-sw2w score,s1024,MEASUREMENT,1228.4 vs 778.0 (1.58x),
results/AGENT-COORDINATION-ARCHIVE-20260707.md,3599,2026-07-05,attention,s1024 attention chunk recheck,s1024,NO-GO,1/2 +62.19 (0/240); 2/1 +14.67 (16/240); 1/1 +61.12 (0/240); 3/2 +49.47 (0/240),keep 2/2
results/AGENT-COORDINATION-ARCHIVE-20260707.md,3610,2026-07-05,gemm-dx,s1024 n128 NN min16 recheck,s1024,NO-GO,+22.24/+26.98 combined +24.37 (2/320),keep m64n64 NN threshold
results/AGENT-COORDINATION-ARCHIVE-20260707.md,3620,2026-07-05,measurement,s1024 post-sw2w profile,s1024,MEASUREMENT,total 1208.2; ATTN_DKV 136.0; ATTN_FWD 128.9; SWIGLU_BWD_2W 75.9,
results/AGENT-COORDINATION-ARCHIVE-20260707.md,3632,2026-07-05,rowop,s1024 cached SwiGLU 2W over cached 1W,s1024,PROMOTED,-11.39/-4.78 combined -7.92 (278/320); promoted -2.67/-14.10 combined -8.46 (262/320),MK_SWIGLU_BWD_2W=0 restores 1W
results/AGENT-COORDINATION-ARCHIVE-20260707.md,3648,2026-07-05,measurement,s1024 post-swcache1w profile/score,s1024,MEASUREMENT,1237.7 vs 778.0 (1.59x); cached 1W SWIGLU_BWD 55.7,
results/AGENT-COORDINATION-ARCHIVE-20260707.md,3664,2026-07-05,rowop,1W sigmoid-cache,s1024,PROMOTED,S1024 -20.24 (319/320); promoted -12.32 (286/320); nano neutral -1.26 (176/320); S2048 rejected +16.56 (6/192),gate H512/S1024 small + H256/S1024
results/AGENT-COORDINATION-ARCHIVE-20260707.md,3682,2026-07-05,executor,df2 hot/cold ready rings port,small,NO-GO-CORRECTNESS,w2.5 drift 0.0825-0.112 rel vs df across hint/no-hint/cap0 variants,do not merge; worktree left isolated/dirty
results/AGENT-COORDINATION-ARCHIVE-20260707.md,3695,2026-07-05,executor,executor-mode recheck @359a231,small,NO-GO,df2-df +482.78 (0/320); ws-df +314.10 (0/320),keep mode=df
results/AGENT-COORDINATION-ARCHIVE-20260707.md,3707,2026-07-05,tma-smem,n128 three-stage cp.async feed (MK_N128_STAGE3),small,NO-GO,+82.40/+51.38 combined +66.62 (0/400),first schedule failed parity then fixed; keep two-stage n128 feed
results/AGENT-COORDINATION-ARCHIVE-20260707.md,3722,2026-07-05,gemm-fwd,n128 direct BF16 store (MK_N128_DIRECT_BF16),small,NO-GO,+31.94/+0.98 combined +16.77 (103/400) order-sensitive,keep coalesced smem n128 epilogue; direct-epilogue idea later promoted as fc32323
results/AGENT-COORDINATION-ARCHIVE-20260707.md,3735,2026-07-05,rowop,SwiGLU DSSG forward-cache,small,NO-GO,+65.15/+38.22 combined +53.15 (3/400),keep MK_SWIGLU_CACHE_SIG as small default
results/AGENT-COORDINATION-ARCHIVE-20260707.md,3747,2026-07-05,rowop,SWIGLU_EXP2 all-shape + s128 attempt,all+s128,INVALID,all-shape clean and negative overall; S128-gated run interrupted by unclaimed test_ops process on local GPU,do not use 062457Z S128 log (KeyboardInterrupt-only)
results/AGENT-COORDINATION-ARCHIVE-20260707.md,3754,2026-07-05,rowop,SWIGLU_EXP2 final verdict,small+s1024+s128,NO-GO,small +5.62; S1024 +9.42; S128 fresh-process +0.29 median neutral,source reverted; runtime gates exposed construction-order bias +/-12us
results/AGENT-COORDINATION-ARCHIVE-20260707.md,3766,2026-07-05,attention-dkv,old smem-drain DKV epilogue recheck,multi,NO-GO,default direct-atomic wins all shapes: S128 -6.43 S256 -21.52 nano -29.34 small -49.23 S1024 -47.76 S2048 -49.46,keep direct atomic
results/AGENT-COORDINATION-ARCHIVE-20260707.md,3777,2026-07-05,rowop,OP_SWIGLU_BWD_2W route,small,PROMOTED,fresh single-model -5.76 median (6/6); promoted -12.22 (193/240); nano/S128 stay old,broad A/B was order-sensitive at S128/S256
results/AGENT-COORDINATION-ARCHIVE-20260707.md,3797,2026-07-05,measurement,post-swb2w small profile,small,MEASUREMENT,total 3648.0; ATTN_DKV 376.1; GEMMNN 303.2; SWIGLU_BWD_2W 253.3,
results/AGENT-COORDINATION-ARCHIVE-20260707.md,3805,2026-07-05,rowop,small RMS dx FMA recheck,small,NO-GO,+2.40 median/+1.86 mean (94/240),keep FMA route limited to H256/S128; relaxation reverted
results/AGENT-COORDINATION-ARCHIVE-20260707.md,3832,2026-07-04,infra-process,rmsbwd-fastpath validation abort,small,INVALID,JIT compile aborted when peer stashed same source files mid-run,ignore mkv3-p4b-rmsbwd-fastpath-testops.log (KeyboardInterrupt; no evidence)
results/AGENT-COORDINATION-ARCHIVE-20260707.md,3845,2026-07-04,measurement,post-headtarget final-bench,nano+small,MEASUREMENT,mk nano 1247.7 vs hardened 710.0; small 4414.3 vs 2736.3,
results/AGENT-COORDINATION-ARCHIVE-20260707.md,3851,2026-07-04,measurement,post-headtarget profile,nano+small,MEASUREMENT,nano 1145.9; small 4371.7; small led by ATTN_DKV/RMSNORM_BWD/SWIGLU_BWD,
results/AGENT-COORDINATION-ARCHIVE-20260707.md,3857,2026-07-04,attention,attention chunk env sweep post-headtarget,nano+small,NO-GO,small keeps Ckv=1/Cq=1; nano Ckv=3 not stable in alternating A/B,no default change
results/AGENT-COORDINATION-ARCHIVE-20260707.md,3869,2026-07-04,attention-dkv,MK_ATTN_DKV_X2_SD wgmma batching,nano+small,NO-GO,control 1145.0/4325.4 vs variant 1169.1/4510.8; DKV span flat (115.9->114.5; 551.9->556.9),correctness-clean; no-go note committed da25a3c
results/AGENT-COORDINATION-ARCHIVE-20260707.md,3882,2026-07-04,rowop,MK_RMS_BWD_R4,nano+small,NO-GO,span improves (146.3->126.3; 466.3->443.9) but step medians 1244.2/4344.0 vs 1241.2/4370.6 no promote,no-go note committed 683a9f6
results/AGENT-COORDINATION-ARCHIVE-20260707.md,3892,2026-07-04,gemm-dw,fused Drow/dOatt WGMMA route,small,NEUTRAL,drow span ~267->213.8 but ATTN_DKV 553->615.6; total worse 4373.5; medians noise 1242.6/4341.0 vs 1244.2/4344.0,do not merge without stronger evidence; recheck note 2edc88f
results/AGENT-COORDINATION-ARCHIVE-20260707.md,3906,2026-07-04,rowop,MK_SWIGLU_BWD_R2,nano+small,NO-GO,control 1240.1/4352.0 vs variant 1250.0/4391.4; SWIGLU span worse (38.2->51.4; 323.5->347.4),do not merge
results/AGENT-COORDINATION-ARCHIVE-20260707.md,3915,2026-07-04,attention,long-S attention chunk sweep,s4096+s8192,NO-GO,S4096 Ckv2 false-positive refuted (default 4373/4325/4345 vs 4417/4413/4416); S8192 10408.1 vs 10509.7 (Ckv2)/10726.3 (Ckv4),no default change
results/AGENT-COORDINATION-ARCHIVE-20260707.md,3925,2026-07-04,measurement,s4096 default profile diagnostic,s4096,MEASUREMENT,ATTN_DQ on-path 999.7us span; ATTN_DKV off-path 846.8,next candidate: dQ C=1 direct-store epilogue
results/AGENT-COORDINATION-ARCHIVE-20260707.md,3933,2026-07-04,attention-dq,DQ C1 direct-store timing invalidation,nano+small+s4096,INVALID,SGLang TP=2 (~54GB each) landed on GPUs 2/3 mid-run,outer-ab log contaminated must not be used; correctness clean; clean runner prepared
results/AGENT-COORDINATION-ARCHIVE-20260707.md,3961,2026-07-04,attention-dq,DQ C=1 direct-store promotion,nano+small+s4096,PROMOTED,clean compare nano -10.7 small -23.5 S4096 -10.3; reverse repeat 1243.7/4326.9/4308.5 vs 1248.3/4340.3/4318.1,commits 4d577d1+90c8c14; post profile 1145.4/4353.4/4286.2
results/AGENT-COORDINATION-ARCHIVE-20260707.md,3970,2026-07-04,gemm-dw,Drow/dOatt WGMMA re-gate post-DQ,nano+small+s4096,NO-GO,small 4328.3 vs 4367.3; tiny S4096 win (4310.8 vs 4302.6) does not offset short-S regression,keep no-go after DQ C=1
results/AGENT-COORDINATION-ARCHIVE-20260707.md,3991,2026-07-04,lm-head,head-dX target 192 over 256,small+s4096,PROMOTED,192: small 4315.7/4313.9 S4096 4297.5/4293.4 vs 256: 4332.8/4333.2 and 4315.2/4311.6; nano neutral,committed 1388e7a after validation
results/AGENT-COORDINATION-ARCHIVE-20260707.md,4003,2026-07-04,measurement,post-headtarget192 profile + mode check,small+s4096,MEASUREMENT,small 4345.2 (DKV 580.5 RMSNORM 547.0); S4096 4268.6 (DQ 1104.1); df best 1237.0/4356.5 vs df2 1479.6/5078.1 ws 1320.3/4798.2,
results/AGENT-COORDINATION-ARCHIVE-20260707.md,4015,2026-07-04,attention-dq,DQ C=1 register-direct epilogue,small+s4096,PROMOTED,reverse small 4304.9 vs 4326.8 S4096 4248.1 vs 4314.5; warm-alt S4096 4251.9/4261.1 vs 4293.0/4292.6,commit 1a798e3 ff-merged; skips smem epilogue stage entirely for C==1
results/AGENT-COORDINATION-ARCHIVE-20260707.md,4028,2026-07-04,measurement,post-DQ-reg profile @3d921b5,nano+small+s4096,MEASUREMENT,nano 1134.1; small 4306.6; S4096 4212.4 (DQ 1057.8 RMSNORM 648.2),
results/AGENT-COORDINATION-ARCHIVE-20260707.md,4040,2026-07-04,attention-fwd,fwd register-direct O epilogue,nano+small+s4096,NO-GO,first 4269.4/4291.3 S4096; reverse variant/control 4298.2/4262.2 loses,keep smem coalesced O drain
results/AGENT-COORDINATION-ARCHIVE-20260707.md,4056,2026-07-04,attention-dq,DQ chunked direct atomics (C>1),s4096,NO-GO,default Cq1 4299.7 vs staged Cq2 4350.4 vs direct-atomic Cq2 4341.7,keep MK_ATTN_DQ_C=1
results/AGENT-COORDINATION-ARCHIVE-20260707.md,4070,2026-07-04,ce,CE_BWD two-row tile,nano+small+s4096,NO-GO,first pass positive (4263.9 vs 4246.5) but reverse refuted (4255.4/4254.0); local CE span only 45.0/101.8us,keep one-row CE_BWD
results/AGENT-COORDINATION-ARCHIVE-20260707.md,4088,2026-07-04,executor,executor mode recheck (ws lookahead),small,NO-GO,df 4372.0 vs df2 5026.7 vs ws-la1 4789.6 vs ws-la2 5494.9,do not spend next lane on ws scheduler without new mechanism
results/AGENT-COORDINATION-ARCHIVE-20260707.md,4099,2026-07-04,gemm-dx,MK_WGMMA_NN_MIN routing sweep,nano+small,NO-GO,32/16 looked better broad but order-sensitive; alternating: 64 best (small 4306.3/4313.6/4311.7 vs 32 4323.5/4316.5),keep 64
results/AGENT-COORDINATION-ARCHIVE-20260707.md,4110,2026-07-04,lm-head,head-target current-head sweep,small+s4096,NO-GO,160 small 4310.1 vs 192 4312.2; 224 S4096 4252.8 vs 4257.7 marginal; alternating no confirm,keep 192
results/AGENT-COORDINATION-ARCHIVE-20260707.md,4123,2026-07-04,attention-dkv,DKV direct-atomic epilogue probe,nano+small+s4096,NO-GO,small 4307.7/4320.1; S4096 4253.1/4290.8; reverse 4319.9/4318.5,keep coalesced smem drain; flipped and PROMOTED next day (3925ea6)
results/AGENT-COORDINATION-ARCHIVE-20260707.md,4136,2026-07-04,measurement,current-head profile @692df0f,nano+small+s4096,MEASUREMENT,nano 1137.9; small 4340.2; S4096 4232.4 (DQ 1062.7),next lane should be dependency/fusion structure not env knobs
results/AGENT-COORDINATION-ARCHIVE-20260707.md,4156,2026-07-04,attention,attention-bwd DQ-first instruction order,s4096,NO-GO,alternating control 4266.7 vs dq-first 4304.7 (19/20 quads favor control ~28-49us),long-S DQ wait not solved by enqueue order; later flipped at S8192 post-band
results/AGENT-COORDINATION-ARCHIVE-20260707.md,4176,2026-07-04,itax-dag,per-layer non-state scratch,nano+small+s4096,NO-GO,DAG deps 2030->1190 fan-in 68->54 but steps 1226.8/1237.2 4346.4/4359.0 4259.9/4264.3,false-dep removal did not translate under hot/cold scheduler
results/AGENT-COORDINATION-ARCHIVE-20260707.md,4195,2026-07-04,attention,attention tail-barrier elision,nano+small+s4096,NO-GO,1240.3/1275.9; 4328.0/4514.7; 4267.1/4430.2 variant 0 wins,final syncs needed or runtime branch costs more than barrier saved
results/AGENT-COORDINATION-ARCHIVE-20260707.md,4213,2026-07-04,rowop,RMSNORM_BWD dx/dw split,nano+small+s4096,PROMOTED,control/split nano 1266.8/1260.7 small 4507.1/4498.3 S4096 4403.9/4403.1; local GPU confirm 1274.7/1269.9 4510.9/4503.7 4406.5/4397.7,commit c3fa4c2; dX consumers no longer wait on dw atomic drain
results/AGENT-COORDINATION-ARCHIVE-20260707.md,4231,2026-07-04,measurement,post-rmssplit profile,nano+small+s4096,MEASUREMENT,RMS dW off-path (106.2/321.8/200.8); RMS dX on-path 148.3/569.0/670.7; S4096 DQ 1061.2,next lane: kernel quality or another chain split
results/AGENT-COORDINATION-ARCHIVE-20260707.md,4249,2026-07-04,rowop,QKNORM_ROPE_BWD dx/dw split,nano+small+s4096,NO-GO,nano tiny gain (1277.5/1273.1); small 4552.9/4652.0 S4096 4493.5/4582.2 variant 0 wins,unlike RMS split adds too much cold work at model scale
results/AGENT-COORDINATION-ARCHIVE-20260707.md,4266,2026-07-04,executor,session 0b544181 late results,nano+small,NOTE,MPK-topology probe NO-GO (5.09us/hop mailbox vs df 3.0; prefetch counterproductive); ws snapshot -717us small; la=2 fix stress-clean 200 steps; racecheck+synccheck clean; MK_CLAIM=132 optimal post-SW128,session wind-down summary
results/AGENT-COORDINATION-ARCHIVE-20260707.md,4273,2026-07-04,measurement,crossover retraction (baseline bug),all,WITHDRAWN,bench.py SDPA was 3-D silent math decomposition (no flash ever in v3 measurements); honest gaps nano 1.95x small 2.29x S4096 2.80x S8192 3.35x,bench.py fixed 4-D+enable_gqa (commit dcb24e9); rebase pending measurements
results/AGENT-COORDINATION-ARCHIVE-20260707.md,4281,2026-07-04,architecture,round-2 results + register-lifetime law,nano+small+deep,LAW,register-resident reuse LOSES at 8 warps/SM: rmsnorm single-pass +240us qknorm register-dw +58us both reverted; ce_bwd uint4 -33us; gauntlet 1.76x/1.62x/1.58x/1.72x/1.75x/1.71x,prefer independent load streams with short lifetimes
results/AGENT-COORDINATION-ARCHIVE-20260707.md,4291,2026-07-04,executor,la=1 ws stall retraction + measured negatives,small,WITHDRAWN,2a5bc25 stall claim retracted (sglang co-tenant; clean ws small=4890us no dribble); rowop claim floor 2/4 +275/+838; DKV_C=1 confirmed best,la=2 q_ins clobber still real by code analysis; guard every timed run
results/AGENT-COORDINATION-ARCHIVE-20260707.md,4301,2026-07-04,rowop,rowop MLP round,nano+small,PROMOTED,net small 4470 nano 1261,commit 41d9d84; use private TORCH_EXTENSIONS_DIR (shared cache races)
results/AGENT-COORDINATION-ARCHIVE-20260707.md,4306,2026-07-04,executor,nsys occupancy law + occupancy-via-spill,nano+small,LAW,SM issue 19% warps-in-flight 12% DRAM <10% (latency-bound at 1/8 occupancy; bandwidth not limiter); __launch_bounds__(256;2) REG:128 STACK:944 nano +32% small +40%,fixes must add per-warp MLP; occupancy-via-spill loses (a234018); cold_cap/claim knobs exhausted
results/AGENT-COORDINATION-ARCHIVE-20260707.md,4314,2026-07-04,lm-head,lm_head n128 + head dX retune branch gate,nano+small,NO-GO,clean gate: ws+n128 NEGATIVE vs ws base (mkonly 4410.7 vs 4496.5 small; warm 4393.1 vs 4492.5),do not merge n128 branch (8008126/0c0a1a4); n128 idea later re-landed shape-gated
results/AGENT-COORDINATION-ARCHIVE-20260707.md,4341,2026-07-04,infra-process,rowop-only clean baseline worktree,small,SCAFFOLD,worktree at 41d9d84 passed py_compile + git diff --check,for clean rowop-only timing when GPU free
results/AGENT-COORDINATION-ARCHIVE-20260707.md,4346,2026-07-04,infra-process,rowop/n128 clean compare runner,nano+small,SCAFFOLD,run_rowop_n128_clean_compare.sh passed bash -n; private ext dirs; 80-iter mkonly timing,run only on clean idle full-memory GPU
results/AGENT-COORDINATION-ARCHIVE-20260707.md,4351,2026-07-04,infra-process,ws-baseline compare runner,nano+small,SCAFFOLD,ws-baseline worktree at 2a5bc25 py_compile clean; runner pins mode=df,the n128 merge gate after 2a5bc25
results/AGENT-COORDINATION-ARCHIVE-20260707.md,4359,2026-07-04,lm-head,head dX target 512->256,nano+small,PROMOTED,nano 1246.6/1235.4->1225.3/1222.8; small 4392.9/4390.8->4362.5/4363.5; still positive after CE_BWD + hint merges,commits a5df459/ce58d94 merged via f67f551
results/AGENT-COORDINATION-ARCHIVE-20260707.md,4375,2026-07-04,gemm-dw,Drow (bit10) on wgmma,small,PROMOTED,small -43us,commit 2a297ca
results/AGENT-COORDINATION-ARCHIVE-20260707.md,4387,2026-07-04,infra-process,round summary,nano+small,NOTE,SW128 gemm layout + gated NN routing (6fe8fcb); attention chunk retune (915f2d7); rowop MLP (41d9d84); lm_head n128 span 280.5->141.1 + head dX ~155->~137; dx_split_k checked NOT promoted,
results/AGENT-COORDINATION-ARCHIVE-20260707.md,4396,2026-07-04,measurement,timing cautions / contaminated logs,nano+small,INVALID,GPUs 2/3 sglang ~99%; rowop-n128 prof+mkonly logs contaminated; 170807Z partial log KeyboardInterrupt no evidence,correctness logs from same branch still valid
results/AGENT-COORDINATION-ARCHIVE-20260707.md,4419,2026-07-04,gemm-dw,long-S Drow/dOatt WGMMA gate,s4096,PROMOTED,S4096 4428.1/4398.3 (19/20) + variant-first confirm 4443.7/4438.5 (18/20),commit 49e9481; gate S>=2048; MK_DROW_WG_LONGONLY=0 restores WMMA
results/AGENT-COORDINATION-ARCHIVE-20260707.md,4436,2026-07-04,measurement,post-Drow-long profile,nano+small+s4096,MEASUREMENT,nano 1165.5; small 4530.7; S4096 4421.3 (DQ 960.8 + 125.4 wait); Drow route 108.3us span,
results/AGENT-COORDINATION-ARCHIVE-20260707.md,4451,2026-07-04,executor,legacy constant consumer sync,nano+small+s4096,NO-GO,control 1192.5/4105.4/3960.0 vs variant 1258.8/4497.3/4366.7,keep mk_tid()/dynamic-barrier helper; this timing pair later invalidated but conclusion re-confirmed clean
results/AGENT-COORDINATION-ARCHIVE-20260707.md,4460,2026-07-04,executor,legacy-sync A/B correction,nano+small+s4096,INVALID,control root had dirty peer N128-NN route in mk.py/ops.cuh — comparison mixed two candidates,ignore 212725Z timing pair for legacy-sync; keep parity result; rerun vs clean detached control
results/AGENT-COORDINATION-ARCHIVE-20260707.md,4469,2026-07-04,executor,corrected clean-control legacy-sync A/B,nano+small+s4096,NO-GO,clean control 1189.1/4212.2/4041.9 vs variant 1261.9/4507.6/4374.0,old constant threadIdx/bar.sync semantics much slower; leave worktree unmerged
results/AGENT-COORDINATION-ARCHIVE-20260707.md,4479,2026-07-04,measurement,post-N128 profile @07b8586,nano+small+s4096,MEASUREMENT,nano 1111.4; small 4117.5; S4096 3915.7 (DQ 924.8 + 112.3 wait),N128 moved GEMM balance substantially
results/AGENT-COORDINATION-ARCHIVE-20260707.md,4490,2026-07-04,gemm-dx,MK_WGMMA_N128_NN_MIN sweep @07b8586,nano+small+s4096,NO-GO,16 looked slightly better broad; 1 unsafe at S4096; alternating no confirm,keep 32
results/AGENT-COORDINATION-ARCHIVE-20260707.md,4510,2026-07-04,attention,nano Ckv3 c742-baseline repeat,nano,NO-GO,Ckv2 1188.2/1170.3/1172.0 vs Ckv3 1178.3/1171.9/1174.2,07b Ckv3 win collapses under new cold-cap default; keep Ckv formula
results/AGENT-COORDINATION-ARCHIVE-20260707.md,4516,2026-07-04,measurement,c742 profile post-coldcap16,nano+small+s4096,MEASUREMENT,nano 1093.9; small 4053.7; S4096 4003.8 (DQ 882.7 + 159.8 wait),
results/AGENT-COORDINATION-ARCHIVE-20260707.md,4529,2026-07-04,scheduling,short-shape DQ cold-ring demotion,nano+small+s4096,NO-GO,nano neutral/noisy; small catastrophic 4062.9->4500.2/4510.8; S4096 neutral,keep ATTN_DQ hot; q-side readiness matters
results/AGENT-COORDINATION-ARCHIVE-20260707.md,4551,2026-07-04,scheduling,long-S cold-cap default (cap0 S>=2048),s4096,PROMOTED,S4096 cap0 3916.1-3917.8 vs cap16 4009.5-4009.8; default caps 16/16/0 medians 1184.8/4108.1/3918.4,commit 45e6e71; MK_COLD_CAP still overrides
results/AGENT-COORDINATION-ARCHIVE-20260707.md,4565,2026-07-04,measurement,post-longScap profile,nano+small+s4096,MEASUREMENT,nano 1099.1; small 4077.6; S4096 3900.7 (DQ 918.2 + 114.4 wait),
results/AGENT-COORDINATION-ARCHIVE-20260707.md,4577,2026-07-04,tma-smem,dynamic-smem default correction (100KB),nano+small+s4096,PROMOTED,control/variant nano 1192.7/1185.6 small 4084.6/4079.7 S4096 3921.8/3919.3; reverse confirms short-shape direction,commit d0808a7; 120KB carveout only under MK_ATTN_PIPE=1
results/AGENT-COORDINATION-ARCHIVE-20260707.md,4594,2026-07-04,measurement,post-d0808a7 profile,nano+small+s4096,MEASUREMENT,nano 1091.9; small 4028.2; S4096 3939.5 (DQ 929.2),
results/AGENT-COORDINATION-ARCHIVE-20260707.md,4606,2026-07-04,gemm-dw,Drow force-all WGMMA recheck,nano+small+s4096,NO-GO,short shapes no gain (nano 1190.7/1187.1 then reverse 1191.9/1196.8); S4096 confirms already-promoted long direction,keep c.S>=2048 default gate
results/AGENT-COORDINATION-ARCHIVE-20260707.md,4622,2026-07-04,lm-head,head-dX target sweep @d0808a7,small+s4096,NO-GO,small by target 128-256: 4092.4/4079.5/4056.6/4071.6/4078.4 (192 wins); S4096 128 only ties,keep 192
results/AGENT-COORDINATION-ARCHIVE-20260707.md,4634,2026-07-04,scheduling,long-S DKV cold-ring demotion,s4096,NO-GO,control 3944.8 vs variant 3989.9 (+41.3 median; variant 1/24),keep DKV hot even when off-path in profile
results/AGENT-COORDINATION-ARCHIVE-20260707.md,4658,2026-07-04,scheduling,mid-S cold-cap retune (cap33 for 1024<=S<2048),small+s1024,PROMOTED,small cap33 vs cap16 -9.3 (15/20); S1024 -2.0 (16/24); nano cap24 negative +7.0,commit d60963b; caps 16/33/0 by S
results/AGENT-COORDINATION-ARCHIVE-20260707.md,4672,2026-07-04,measurement,post-d60963b profile,nano+small+s1024+s4096,MEASUREMENT,nano 1101.6; small 4017.5; S1024 1446.7 (cap33); S4096 3913.0 (cap0; DQ 917.6),
results/AGENT-COORDINATION-ARCHIVE-20260707.md,4685,2026-07-04,gemm-fwd,n128 short-row auto-gate,s128+s256+nano+deep,PROMOTED,s128 -49.8 (23/24); s256 -19.1 (22/24); nano -9.1 (20/24); deep -38.1 (19/20); S1024 noise -3.7,commit 0384dcd; mode 0 M<256 / mode 2 256<=M<1024 / mode 1 M>=1024
results/AGENT-COORDINATION-ARCHIVE-20260707.md,4706,2026-07-04,measurement,default timing snapshot @0384dcd,all shapes,MEASUREMENT,nano 1209.0; small 4114.9; deep 2990.2; S128 890.2; S256 1019.5; S1024 1530.2; S4096 3961.9,route/cap snapshot; promotion evidence stays the paired A/B
results/AGENT-COORDINATION-ARCHIVE-20260707.md,4716,2026-07-04,measurement,post-0384dcd profile,nano+small+s1024+s4096,MEASUREMENT,nano 1088.8; small 4063.7 (DKV 445.4); S1024 1436.2; S4096 3913.4 (DQ 924.3),
results/AGENT-COORDINATION-ARCHIVE-20260707.md,4729,2026-07-04,attention,attention chunk re-sweep @0384dcd,multi,NO-GO,Ckv3 rejected S128/S256; nano -1.4 then confirm +2.3 (19/40) noise; S1024 -1.3 (21/40) noise,keep current DKV chunk defaults
results/AGENT-COORDINATION-ARCHIVE-20260707.md,4742,2026-07-04,measurement,full scoreboard @0384dcd,all shapes,MEASUREMENT,nano 1191.2 vs 561.6 (2.12x); small 4100.8 vs 1902.1 (2.16x); deep 3027.9 vs 1777.6 (1.70x); S128 903.9 vs 491.1 (1.84x),S256/S1024 baselines Dynamo recompilation-warning contaminated; rerun fresh
results/AGENT-COORDINATION-ARCHIVE-20260707.md,4755,2026-07-04,gemm-dx,QA MK_WGMMA_NN_MIN re-sweep post-n128,nano+small,NO-GO,32/48/64/96 all within noise (nano 1072-1093 unstable; small 4084-4126),default 64 stands
results/AGENT-COORDINATION-ARCHIVE-20260707.md,4759,2026-07-04,rowop,RMS dx four-row fold (R4) s2048 gate,s2048,PROMOTED,S2048 -6.6 (77/100)/-13.1 (88/100) reverse; guard sweeps rejected wider defaulting (S1024/S3072/S4096 neutral; forced H512 regressed),commit 00ba7eb; 576 R4 dx tiles at S2048 only
results/AGENT-COORDINATION-ARCHIVE-20260707.md,4779,2026-07-04,gemm-dw,Drow-WGMMA long-gate interaction check,s2048+s4096,NO-GO,S2048 +0.5 (38/80)/-6.3 (57/80) mixed; S4096 -26.1 (79/80)/-24.1 (75/80) favors default,keep gate after S2048 RMS dx change
results/AGENT-COORDINATION-ARCHIVE-20260707.md,4790,2026-07-04,scheduling,MK_CLAIM quantum sweep @00ba7eb,nano+small+s2048,NO-GO,132 won every shape both orders (nano 1161.6/1148.3; small 4048.0/4046.6; S2048 2232.0/2228.4); 96/192/264 materially slower,keep MK_CLAIM=132
results/AGENT-COORDINATION-ARCHIVE-20260707.md,4800,2026-07-04,measurement,post-00ba7eb profile,nano+small+s2048+s4096,MEASUREMENT,nano 1080.4; small 4060.5; S2048 2188.7 (DKV 416.8; RMSNORM_R4 181.7); S4096 3902.9 (DQ 919.3),
results/AGENT-COORDINATION-ARCHIVE-20260707.md,4813,2026-07-04,gemm-fwd,MK_WGMMA_N128 mode check,s2048+s4096,NO-GO,auto/mode1 route identically (25 n128 instrs); mode2 ~4012-4018 mode0 ~4079-4082 slower at S4096,keep auto gate
results/AGENT-COORDINATION-ARCHIVE-20260707.md,4824,2026-07-04,scheduling,MK_COLD_CAP s2048/s4096 sweep,s2048+s4096,NO-GO,S2048 cap33 +9.7 (13/100) then +0.2 (49/100) rejected; S4096 cap8 especially bad,keep S>=2048 uncapped
results/AGENT-COORDINATION-ARCHIVE-20260707.md,4835,2026-07-04,measurement,focused scoreboard @00ba7eb,nano+small+s2048,MEASUREMENT,nano 1176.7 vs 636.6 (1.85x); small 4108.2 vs 1900.5 (2.16x); S2048 2348.9 vs 1041.9 (2.25x),no Dynamo warnings in final rows
results/AGENT-COORDINATION-ARCHIVE-20260707.md,4854,2026-07-04,lm-head,s2048 head-dX target-96 gate,s2048,PROMOTED,96-vs-192 -39.0 (94/100)/-14.4 (95/100); promoted -35.8 (91/100)/-10.4; head split-K 3->1,commit 94701de; default mkonly nano 1179.6 small 4099.8 S2048 2215.2 S4096 3915.5
results/AGENT-COORDINATION-ARCHIVE-20260707.md,4872,2026-07-04,measurement,post-94701de profile,nano+small+s2048+s4096,MEASUREMENT,nano 1077.3; small 4033.7; S2048 2185.0 (head dX 95.3 sk=1); S4096 3878.6,
results/AGENT-COORDINATION-ARCHIVE-20260707.md,4889,2026-07-04,lm-head,nano head-dX target 224,nano,NO-GO,local GPU -14.8 (109/120) but local GPU repeat mixed: first order favors 192 by -9.3 (90/120) reverse favors 224 by -4.8 (87/120),keep nano at 192; only S2048 keeps target-96 gate
results/AGENT-COORDINATION-ARCHIVE-20260707.md,4900,2026-07-04,gemm-dx,MK_WGMMA_N128_NN sweep @94701de,small+s2048+s4096,NO-GO,auto/min16/min32 route-identical (noise); NN=0 slower (4133.6/2231.0/3972.4); min64 regresses small/S2048,keep NN=1 min32
results/AGENT-COORDINATION-ARCHIVE-20260707.md,4911,2026-07-04,attention-dkv,DKV G2 fused tile (G==2 Ckv==1),small+s2048+s4096,NO-GO,+221.0/+223.7 small; +322.5/+326.0 S2048; +455.0/+453.8 S4096 control 80/80,lost G-parallelism dominates removed K/V reloads + atomic drains
results/AGENT-COORDINATION-ARCHIVE-20260707.md,4927,2026-07-04,measurement,focused scoreboard @46313e6,nano+small+s2048,MEASUREMENT,nano 1176.1 vs 634.9 (1.85x); small 4107.5 vs 1903.6 (2.16x); S2048 2283.9 vs 1045.3 (2.18x; was 2348.9),
results/AGENT-COORDINATION-ARCHIVE-20260707.md,4939,2026-07-04,gemm-dw,cold dW split-K target retune,all shapes,PROMOTED,nano -57.3/-62.1; small -232.2/-230.4; S2048 -109.6/-101.6; S4096 -170.6/-167.9; focused refresh 1138.5/3852.3/2143.8/3745.4,commit 580db4d; implicit target 192 K<2048 / 128 K>=2048
results/AGENT-COORDINATION-ARCHIVE-20260707.md,4967,2026-07-04,attention,s2048 attention C=2 gate,s2048,PROMOTED,default-vs-old -39.8/+26.1/-25.6/+35.4 (135-140/140 new-default wins); focused S2048 2076.8 (-207.1 vs 46313e6),commit 65d9f1e; DKV_C=2/DQ_C=2 H256/S2048 only
results/AGENT-COORDINATION-ARCHIVE-20260707.md,4999,2026-07-05,gemm-dw,long-S TN WGMMA dW gate,s3072+s4096+s8192,PROMOTED,S3072 -54.2/+52.1; S4096 -106.8/+105.8; S8192 -332.8/+337.7; S2048 excluded (+22.1/+19.6 loses),commit f687ef5; TN WGMMA only K>=3072; focused 1111.7/3820.4/2085.4/2889.2/3640.7/8956.2
results/AGENT-COORDINATION-ARCHIVE-20260707.md,5028,2026-07-05,gemm-dw,Drow WGMMA default broadening,small,PROMOTED,small -24.8/+31.4 knob recheck (113-117/120); default A/B -21.4/+19.9 (131-134/150); focused small 3789.6 (-30.8),commit dc53b75; default whenever wgmma_ok accepts Drow epilogue GEMM
results/AGENT-COORDINATION-ARCHIVE-20260707.md,5047,2026-07-05,attention,QA attention-C rotation confirmation,nano+small,NO-GO,small DQ1 3776-3806 vs DQ2 ~3854 reproducible x3; Ckv formula (small 1 / nano 2) decisively right; bare small 3778.5 nano 1017.8,independent confirmation of defaults; no changes needed
results/AGENT-COORDINATION-ARCHIVE-20260707.md,5055,2026-07-05,attention,long-S attention chunk re-sweep @dc53b75,s2048-s8192,NO-GO,auto wins S3072/S4096/S8192; S2048 already promoted 2/2,no change; post-dc53b75 profile: small still DKV+MLP/SwiGLU/RMS; long-S DQ-dominated
results/AGENT-COORDINATION-ARCHIVE-20260707.md,5077,2026-07-05,gemm-dx,nano NN_MIN=48 isolated validation,nano,NO-GO,earlier -3.0 median (242/360) did not reproduce: +0.5 (166/360),side worktree unmerged then removed
results/AGENT-COORDINATION-ARCHIVE-20260707.md,5093,2026-07-05,scheduling,small cap16 confirmation,small,NO-GO,+0.6 (168/360),keep cap33 small/S1024 and uncapped long-S
results/AGENT-COORDINATION-ARCHIVE-20260707.md,5097,2026-07-05,executor,df2 executor recheck @dc53b75,nano+small+s2048+s4096,NO-GO,df2 slower +207..478us zero wins,
results/AGENT-COORDINATION-ARCHIVE-20260707.md,5101,2026-07-05,executor,ws executor recheck @dc53b75,nano+small+s2048+s4096,NO-GO,ws slower +70..199us (1 win total),shared source remains dc53b75
results/AGENT-COORDINATION-ARCHIVE-20260707.md,5118,2026-07-05,rowop,qknorm D=64 cache fast path,multi,PROMOTED,nano -6.7; small -26.6; S2048 -17.7; S4096 -30.5 paired-diff medians; resusage unchanged; focused 1115.3/3789.8/2061.2/2876.4/3633.7/8900.4,commit 86a174b; MK_QKBWD_D64_CACHE=0 restores generic loop
results/AGENT-COORDINATION-ARCHIVE-20260707.md,5148,2026-07-05,lm-head,s3072 head-dX target gate,s3072,PROMOTED,target96 -19.8/-15.5 (112/120; 106/120); clean combined -8.1 (267/320); split-K 2->1 / 192->96 tiles,commit f0888dc
results/AGENT-COORDINATION-ARCHIVE-20260707.md,5168,2026-07-05,lm-head,small head-dX target gate,small,PROMOTED,target96 -15.7/-11.8 (98/100; 92/100); combined -6.7 (238/320); split-K 3->1 / 64 tiles,commit d23c38a; targets 128/256 regress
results/AGENT-COORDINATION-ARCHIVE-20260707.md,5186,2026-07-05,attention,attention C/chunk recheck post-headdx,small+s3072+s4096,NO-GO,all of DKV_C=2 DQ_C=2 2/2 and C=4 regress,keep C=1 defaults
results/AGENT-COORDINATION-ARCHIVE-20260707.md,5199,2026-07-05,rowop,small RMS dx R4 gate,small,PROMOTED,confirm -9.23 (326/440); default-vs-old -5.23 (310/440); 17 R4 instrs / 544 tiles vs 1088,commit 33646d6; S3072/S4096 remain no-go; parity worst grad rel 0.0289
results/AGENT-COORDINATION-ARCHIVE-20260707.md,5214,2026-07-05,scheduling,scheduler claim/rowop/cold-cap sweep post-33646d6,small,NO-GO,sweep no-go,GEMM route sweep found nano NN_MIN=16 candidate (-18.59; 435/480) promoted next
results/AGENT-COORDINATION-ARCHIVE-20260707.md,5224,2026-07-05,gemm-dx,nano NN WGMMA threshold-16 gate,nano,PROMOTED,combined -19.76 (479/480); routes (512;256;256) (512;768;256) splitK (512;256;8192) through WGMMA,commit 59d68b0; M=512 only; MK_WGMMA_NN_MIN=64 restores old
results/AGENT-COORDINATION-ARCHIVE-20260707.md,5238,2026-07-05,rowop,nano rechecks post-59d68b0,nano,NO-GO,RMS dx R4 +5.73 combined; attention chunk rechecks no-go/unstable,head-dX target-96 positive (-14.64; 492/520) promoted next entry
results/AGENT-COORDINATION-ARCHIVE-20260707.md,5249,2026-07-05,lm-head,nano head-dX target-96 gate,nano,PROMOTED,combined -17.06 (445/480); sk 12->6 96-vs-192 tiles,commit 85ec29f; other shapes unchanged
results/AGENT-COORDINATION-ARCHIVE-20260707.md,5262,2026-07-05,measurement,final post-85ec29f profile,nano,MEASUREMENT,nano total 979.9us; head dX down to 33.5us after target-96,no further env-route candidate promoted
results/AGENT-COORDINATION-ARCHIVE-20260707.md,5272,2026-07-05,attention-fwd,MK_ATTN_PIPE recheck @85ec29f,multi,NO-GO,nano +40.98; small +169.36; S2048 +120.14; S3072 +211.79; S4096 +303.20 zero wins,keep non-piped OP_ATTN_FWD_WG
results/AGENT-COORDINATION-ARCHIVE-20260707.md,5277,2026-07-05,attention-fwd,fwd direct register-store epilogue flag,multi,NO-GO,nano +2.40; small -7.65 order-noisy; S2048 +9.65; S3072 +14.38; S4096 +18.29,uncommitted flag reverted; staged smem epilogue stays default
results/AGENT-COORDINATION-ARCHIVE-20260707.md,5303,2026-07-05,scheduling,QA claim/cold rotation @85ec29f,nano+small,NO-GO,MK_CLAIM=132 confirmed (66 +345; 264 +50); COLD_CAP 8~=16 noise,small 3727 on WIP tree; session trajectory 5626->3727 (-34%)
results/AGENT-COORDINATION-ARCHIVE-20260707.md,5307,2026-07-05,attention-dkv,direct-atomic DKV epilogue default,multi,PROMOTED,nano -19.26; small -47.94; S2048 -41.76; S3072 -8.83; S4096 -20.90 combined paired; regs+stack unchanged,commit 3925ea6; flips Jul-4 probe no-go under newer code shape
results/AGENT-COORDINATION-ARCHIVE-20260707.md,5322,2026-07-05,measurement,post-DKV profile @3925ea6,multi,MEASUREMENT,DKV off nano on-path (78.4 off-path); leaders nano DQ 96.8; small GEMMNN 333.6 DKV 330.8; S2048 DQ 340.0; S3072 DQ 595.5; S4096 DQ 951.7,
results/AGENT-COORDINATION-ARCHIVE-20260707.md,5330,2026-07-05,attention-dq,dQ chunk recheck @3925ea6,multi,NO-GO,S2048 Cq2 -42 both orders already default; nano order-mixed; S3072/S4096 +70/+72 zero wins,keep S2048-only Cq=2 gate
results/AGENT-COORDINATION-ARCHIVE-20260707.md,5336,2026-07-05,gemm-dx,n128 NN threshold retune @3925ea6,small+s2048+s3072,NO-GO,min64 small +54/+66; S3072 -16.7/+19.4 order-sensitive; S2048 exact patch interleaved +1.94 (151/360) fails gate,source reverted; keep current thresholds
results/AGENT-COORDINATION-ARCHIVE-20260707.md,5351,2026-07-05,attention-dkv,DKV chunk recheck post-direct-atomic,small+s3072+s4096,NO-GO,DKV_C=2 small +58.42 (1/240); S3072 +12.26 (22/160); S4096 +19.34 (11/120),keep C=1
results/AGENT-COORDINATION-ARCHIVE-20260707.md,5362,2026-07-05,measurement,score refresh @3925ea6,nano+small,MEASUREMENT,nano 1056.4 vs 564.1 (1.87x); small 3748.2 vs 1885.4 (1.99x),post-DKV wins moved scoreboard below stale 1200/4114 table; ~2x structural gap remains
results/AGENT-COORDINATION-ARCHIVE-20260707.md,5369,2026-07-05,executor,executor mode recheck @3925ea6,nano+small,NO-GO,df2 +229.09/+447.52; ws +82.24/+225.68 zero wins,keep df; next target n128 Drow exclusion
results/AGENT-COORDINATION-ARCHIVE-20260707.md,5376,2026-07-05,gemm-dw,n128 WGMMA for fused Drow epilogue,small+s2048+s3072+s4096,NO-GO,small +80.42; S2048 +37.04; S3072 +38.02; S4096 +36.82 combined paired despite tile halving,source reverted; keep 64-col WGMMA Drow route
results/AGENT-COORDINATION-ARCHIVE-20260707.md,5387,2026-07-05,rowop,s4096 RMS dx R4 narrow gate attempt,s4096,NO-GO,recheck -8.85 combined promising but patched default-vs-old +2.45 (145/360) rejected,source reverted to 3925ea6; keep S4096 R2
results/AGENT-COORDINATION-ARCHIVE-20260707.md,5406,2026-07-05,precision,attention fwd LSE fast-log default,multi,PROMOTED,opt-in small -13.92 (219/240) S2048 -12.21 S4096 -11.28 nano neutral; default-vs-old nano -5.84 small -7.58 S2048 -8.34 S4096 -4.75; scores 1060.7/561.2 and 3738.7/1908.5,MK_ATTN_FAST_LOG=0 restores precise logf
results/AGENT-COORDINATION-ARCHIVE-20260707.md,5426,2026-07-05,precision,CE fwd fast-log,multi,NO-GO,nano +1.55 (158/360); small +1.26 (116/240); S2048 -2.91; S4096 -8.37 not globally promotable,CE op cannot split nano from S4096; keep precise logf; source reverted; NOTES record only
results/AGENT-COORDINATION-ARCHIVE-20260707.md,5439,2026-07-05,measurement,post-aflog profile @34d6635,nano+small,MEASUREMENT,nano 958.5 (DQ 83.6); small 3644.0 (DKV 363.6; GEMMNN 311.8),extends into MK_SWIGLU_RCP_RN candidate
results/AGENT-COORDINATION-ARCHIVE-20260707.md,5447,2026-07-05,precision,SWIGLU __frcp_rn reciprocal,multi,NO-GO,global helps small -16.22 (210/240) but nano +6.74 S2048 +0.30 S4096 +20.16 (2/120); small-only gated still rejected (nano +2.98 small -4.11 S2048 +3.18 S4096 +18.02),keep division form; source reverted; NOTES record only
results/AGENT-COORDINATION-ARCHIVE-20260707.md,5461,2026-07-05,measurement,QA trajectory @970a4d5,nano+small,MEASUREMENT,small 3687 nano 958 bare defaults (~1.94x/1.52x vs flash); session start 5626/1468; 1000-step df soak clean,nano under 1000
results/AGENT-COORDINATION-ARCHIVE-20260707.md,5469,2026-07-05,precision,MK_ATTN_FAST_INV output-norm reciprocal,nano,NO-GO-CORRECTNESS,per-step grad parity in tolerance but 40-step SGD sanity only 9.0496->7.1534 (fails >2.0 loss-drop gate),source reverted; keep division in ATTN_FWD_WG epilogue
results/AGENT-COORDINATION-ARCHIVE-20260707.md,5482,2026-07-05,scheduling,MK_CLAIM sweep @f9cc513,multi,NO-GO,132 best; nano 160 noise -1.44; small 264 +37.28; S2048 264 +25.01; S4096 160 +3.92 / 264 +115.86,keep MK_CLAIM=132; NOTES record only
results/AGENT-COORDINATION-ARCHIVE-20260707.md,5493,2026-07-05,scheduling,mid-S cold cap48 retune,small+s1024,PROMOTED,small cap48 vs cap33 -2.7 (60/100); S1024 -1.9 (67/120); scores small 3757.8 vs 1887.1 and S1024 1456.3 vs 778.1,commit d6bbf0d; caps 16 / 48 / uncapped by S; long-S alternatives unpromoted
results/AGENT-COORDINATION-ARCHIVE-20260707.md,5512,2026-07-05,measurement,profile refresh post mid-S cap48 retune,small;nano,MEASUREMENT,small ATTN_DKV_WG 365.2us span; nano ATTN_DQ_WG 83.9us span,critical-path leaders guide next lane
results/AGENT-COORDINATION-ARCHIVE-20260707.md,5518,2026-07-05,attention,nano H256/S512 attention chunk retune DKV_C=3/DQ_C=2 (00c5aff),nano;deep,PROMOTED,nano -4.8us median 128/180; deep-L12 -6.3us 84/120; broad 3/2 -7.7us,small/S1024/S2048/S4096 defaults unchanged
results/AGENT-COORDINATION-ARCHIVE-20260707.md,5536,2026-07-05,measurement,post-chunk-retune profile,nano,MEASUREMENT,nano no longer led by ATTN_DQ_WG; new leaders ATTN_FWD_WG; RMSNORM_BWD_DX; GEMMNN 512x256x256.wg; ATTN_DKV_WG,extends claim for RMS_DX_R4 retest
results/AGENT-COORDINATION-ARCHIVE-20260707.md,5542,2026-07-05,rowop,H256/S512 MK_RMS_DX_R4 recheck + head-dX target48,nano;deep,NO-GO,R4 nano +9.2us; deep +9.1us; headdx48 rejected on confirmation,noisy broad signal did not survive
results/AGENT-COORDINATION-ARCHIVE-20260707.md,5550,2026-07-05,gemm-dw,cold dW split-target retune 96/K1024 else 64 (0ee579e),multi,PROMOTED,nano -27.4; S1024 -14.0; S2048 -15.3; S4096 -75.2; small -16.5; S128 -15.6; S256 -27.5,MK_DW_TARGET_TILES still overrides
results/AGENT-COORDINATION-ARCHIVE-20260707.md,5567,2026-07-05,measurement,post-dW profile,nano;small,MEASUREMENT,nano 930.1us; small 3637.7us,small led by ATTN_DKV_WG; GEMMNN 1024x512x3072; SWIGLU_BWD
results/AGENT-COORDINATION-ARCHIVE-20260707.md,5573,2026-07-05,attention,post-dW attention chunk sanity resweep,nano;deep,NEUTRAL,(2;2) noise on nano; negative on deep,no-change
results/AGENT-COORDINATION-ARCHIVE-20260707.md,5578,2026-07-05,scheduling,H256/S1024 cold cap64 (4a1cf3e),s1024,PROMOTED,cap64 vs cap48 -5.4us median 93/140; small cap33 vs 48 only -1.4us,pairwise A/B stronger than moved score baseline
results/AGENT-COORDINATION-ARCHIVE-20260707.md,5594,2026-07-05,measurement,S-sweep profile,s128;s256;s1024,MEASUREMENT,S128/S256 dominated by small WMMA GEMMNN + waits; S1024 led by ATTN_DQ_WG + non-WGMMA NN hops,triggers S1024 WGMMA NN threshold test
results/AGENT-COORDINATION-ARCHIVE-20260707.md,5599,2026-07-05,gemm-dx,S1024 WGMMA NN route threshold 32 for M1024/N256 (692ae50),s1024,PROMOTED,-108.1us paired median 180/180; broad wg32 -102.3us,score S1024 1338.0 vs graph+ 774.8
results/AGENT-COORDINATION-ARCHIVE-20260707.md,5615,2026-07-05,gemm-dx,short-row WGMMA NN threshold 8 for M128/256 (48e9ff3),s128;s256,PROMOTED,S128 -6.4us 113/180; S256 -7.3us 145/180,nano default/16 remained best
results/AGENT-COORDINATION-ARCHIVE-20260707.md,5632,2026-07-05,scheduling,MK_CLAIM quantum resweep (0536d5f notes-only),multi,NEUTRAL,claim132 remains only safe default; S256 claim192 -2.9us isolated,tested 64/96/132/160/192/264
results/AGENT-COORDINATION-ARCHIVE-20260707.md,5644,2026-07-05,measurement,current-head profile at 0536d5f,nano;small,MEASUREMENT,nano 918.2us; small 3644.4us,local GPU taken by sglang after run; moved to local GPU
results/AGENT-COORDINATION-ARCHIVE-20260707.md,5654,2026-07-05,rowop,small RMS dx R2 retune (1ea7e4f) + ws/df2 mode checks,small,PROMOTED,R2-R4 -9.6us 142/180; ws +78.4 nano +227.4 small zero wins; df2 +229.5/+458.0 zero wins,mode checks no-change
results/AGENT-COORDINATION-ARCHIVE-20260707.md,5668,2026-07-05,scheduling,post-RMS no-go sweep batch (cf137d6 notes-only),nano;small,NO-GO,n128/headdx/coldcap/dwtarget/attn-c/drow follow-up sweeps all rejected,mixed-lane batch of no-gos
results/AGENT-COORDINATION-ARCHIVE-20260707.md,5685,2026-07-05,measurement,gauntlet refresh; shared-process S-rows invalid (recompile limit),s256;s1024,MEASUREMENT,fresh S256 924.0 vs 485.4; S1024 1349.2 vs 782.8,use fresh-process rows only; stray local GPU run flagged
results/AGENT-COORDINATION-ARCHIVE-20260707.md,5694,2026-07-05,lm-head,H256/S256 head-dX split target64 (8d8f95b),s256,PROMOTED,-16.5us median 167/180; broad 32/48/64 ~-17us vs t192,S128 target64 weak/no-promote
results/AGENT-COORDINATION-ARCHIVE-20260707.md,5710,2026-07-05,gemm-dx,S128 WGMMA NN route MK_WGMMA_NN_MIN=4 (a21b7a8),s128,PROMOTED,-12.4us median 100/160,128x256 head-dX/Drow hops off WMMA; S256/nano unchanged
results/AGENT-COORDINATION-ARCHIVE-20260707.md,5728,2026-07-05,executor,QA ws-vs-df recheck under leaner ops,small;nano,MEASUREMENT,ws trails: small 3842 vs 3654; nano 1010 vs 929,224-reg tax verdict unchanged; night -35%/-37%
results/AGENT-COORDINATION-ARCHIVE-20260707.md,5735,2026-07-05,lm-head,S128 head-dX split target32 (b919f9f),s128,PROMOTED,isolated -20.0us 157/180; default-vs-old -14.2us 137/180,side probes rejected: WGMMA split-K in gemm_dx regressed; WMMA t64 marginal
results/AGENT-COORDINATION-ARCHIVE-20260707.md,5754,2026-07-05,lm-head,H256/S1024 head-dX split target64 (8248cbe),s1024,PROMOTED,sweep -20.2us 96/100; confirm -11.7us 164/180; default-vs-old -12.3us 168/180,t32/256 regressed
results/AGENT-COORDINATION-ARCHIVE-20260707.md,5770,2026-07-05,attention-dq,S1024 attention dQ chunk retune DKV_C=2/DQ_C=2 (7beef96),s1024,PROMOTED,confirm -13.0us 139/180; default-vs-old -10.9us 141/180; order check -13.3/-14.1,fresh score rows noisy; paired A/B is the evidence
results/AGENT-COORDINATION-ARCHIVE-20260707.md,5793,2026-07-05,attention,S1024 compile-flag guards (0277b86 docs-only),s1024,NEUTRAL,direct-atomic DKV better +50.5us 200/200 default; fast-log neutral -0.2us; QKNORM D64 cache +4.7us stays on,no new source route; profile 1223.5us
results/AGENT-COORDINATION-ARCHIVE-20260707.md,5817,2026-07-05,gemm-dw,current-head dW split-target resweep (8cae8a5 docs-only),nano;small;s1024,NO-GO,nano t48 -5.7us weak 52/80; small t64 +3.6us; s1024 t64 +3.8us,no promotable target
results/AGENT-COORDINATION-ARCHIVE-20260707.md,5831,2026-07-05,scheduling,early dXN_f32 zero-fill schedule MK_EARLY_DXN_ZERO (61f455f),nano;s1024;small,NO-GO,nano +3.1us 32/80; s1024 +2.8us 29/80; small -2.2us 50/80,parity passed; toggle rolled back
results/AGENT-COORDINATION-ARCHIVE-20260707.md,5845,2026-07-05,scheduling,nano cold-cap0 (0a4560a),nano,PROMOTED,-6.6us 129/180; default-vs-old -7.2us 146/200,deep cap0 regressed +10.5us 25/140
results/AGENT-COORDINATION-ARCHIVE-20260707.md,5861,2026-07-05,measurement,profile at 0a4560a,nano,MEASUREMENT,nano cap0 920.2us; ATTN_DQ_WG more visible on path,extends claim for S512 chunk resweep
results/AGENT-COORDINATION-ARCHIVE-20260707.md,5865,2026-07-05,attention,nano S512 chunk resweep (7bb4905 docs-only),nano,NEUTRAL,no promotable change from 3/2; DQ_C=3 regressed; 1/2 lost hard,profile nano 920.2 small 3640.7 s1024 1225.3
results/AGENT-COORDINATION-ARCHIVE-20260707.md,5880,2026-07-05,rowop,MK_RMS_DX_R4 recheck (8e66b13 docs-only),nano;deep;s1024,NO-GO,nano +9.9us 1/120; deep +33.4us 2/100; s1024 +8.9us 12/100,decisively negative
results/AGENT-COORDINATION-ARCHIVE-20260707.md,5892,2026-07-05,scheduling,MK_ALLHOT recheck (f7d70c6 docs-only),nano;small;s1024,NO-GO,nano +34.5us 1/100; small +64.7us 1/80; s1024 +28.9us 0/100,keep hot/cold policy
results/AGENT-COORDINATION-ARCHIVE-20260707.md,5904,2026-07-05,measurement,QA odd-shape parity + contaminated trajectory read,small;nano,MEASUREMENT,true small ~3654 nano ~923; poisoned reads 3998/6048 from local GPU co-tenant,watch local GPU util mid-run; nano cold-uncap scope verified
results/AGENT-COORDINATION-ARCHIVE-20260707.md,5909,2026-07-05,scheduling,MK_CLAIM resweep (9cd0a88 docs-only),nano;small;s1024,NO-GO,nano claim160 -2.4us weak 53/80; small claim160 +189.2us 0/60; s1024 +17.2us 7/70,keep claim132
results/AGENT-COORDINATION-ARCHIVE-20260707.md,5923,2026-07-05,lm-head,nano/deep head-dX target resweep (0482227 docs-only),nano;deep,NO-GO,t48/64 noisy 51/80 47/80 huge spread; t32/128/192 regressed,keep target96
results/AGENT-COORDINATION-ARCHIVE-20260707.md,5936,2026-07-05,scheduling,S128 cold-cap0 (966add6),s128;s256,PROMOTED,S128 cap0 -6.2us 165/240; default-vs-old -8.2us 189/220,S256 too weak -2.4us 138/240 stays cap16
results/AGENT-COORDINATION-ARCHIVE-20260707.md,5954,2026-07-05,measurement,short profile refresh at 966add6,s128;s256,MEASUREMENT,S128 cap0 725.5us; S256 cap16 809.1us,S128 led by tiny WGMMA NN dX; ATTN_DKV_WG; RMS dx
results/AGENT-COORDINATION-ARCHIVE-20260707.md,5964,2026-07-05,attention,S128 chunk resweep (08e773c docs-only),s128;s256,NO-GO,4/1 weakened to -4.2us p75>0 134/220; 2/2 +7.0us 66/220; S256 1/1 1/2 rejected hard,confirmation rejected broad candidates
results/AGENT-COORDINATION-ARCHIVE-20260707.md,5980,2026-07-05,gemm-fwd,short n128 route recheck (b81c499 docs-only),s128;s256,NO-GO,S128 n128 +19.3us 1/80 (13 NT GEMMs); S256 mode1 +21.9us 12/60,old n128 no-go verdict stands
results/AGENT-COORDINATION-ARCHIVE-20260707.md,5995,2026-07-05,ce,in-kernel inv_valid OP_INV_VALID (d375129),multi,PROMOTED,nano -75.3; small -93.0; S128 -71.5; S256 -69.8; s1024 -79.8 all 160/160,removes host-side labels>=0 sum from step()
results/AGENT-COORDINATION-ARCHIVE-20260707.md,6011,2026-07-05,measurement,inv_valid scoreboard (4aaf11a),multi,MEASUREMENT,nano 1.53x; small 1.93x; S128 1.57x; S256 1.54x; s1024 1.61x; deep 1.39x,fresh-process rows
results/AGENT-COORDINATION-ARCHIVE-20260707.md,6028,2026-07-05,executor,pointer-bound input probe (9a63871 docs-only),s128;nano;small,NO-GO,S128 +15.0us; nano +19.1us; small +8.8us,slower than normal step() token/label copies
results/AGENT-COORDINATION-ARCHIVE-20260707.md,6043,2026-07-05,executor,launcher-side input binding in df (81fe5d0),multi,PROMOTED,S128 -12.6us 199/200; nano -11.7 197/200; s1024 -12.3 185/200; small -22.5 198/200,fallback fix validated
results/AGENT-COORDINATION-ARCHIVE-20260707.md,6059,2026-07-05,measurement,input-bind scoreboard (38c961d),multi,MEASUREMENT,nano 1.49x; small 1.93x; S128 1.53x; S256 1.52x; s1024 1.60x; deep 1.38x,
results/AGENT-COORDINATION-ARCHIVE-20260707.md,6074,2026-07-05,ce,MK_CE_SKIP_IGNORE probe (e771105 docs-only),small;s1024,NO-GO,branch small -31.9us but V8192 moved; opcode route erased win -1.8us 121/200; s1024 +9.5us 22/200,temporary edits removed
results/AGENT-COORDINATION-ARCHIVE-20260707.md,6093,2026-07-05,measurement,globaltimer profile checkpoint (6a3a281),nano;small;s1024,MEASUREMENT,small ATTN_DKV_WG 394us; GEMMNN 1024x512x3072 331; SWIGLU_BWD 279; s1024 DKV 146 fwd 130 lm-head 93,bottleneck map unchanged by step-path wins
results/AGENT-COORDINATION-ARCHIVE-20260707.md,6110,2026-07-05,rowop,SWIGLU_BWD FMA derivative (38c762f),nano;small;s1024,PROMOTED,nano -8.19us 189/200; small -16.80 194/200; s1024 -10.67 184/200,
results/AGENT-COORDINATION-ARCHIVE-20260707.md,6126,2026-07-05,measurement,post-SWFMA profiles,small;s1024,MEASUREMENT,small DKV 397; MLP dX 336; SWIGLU_BWD 277; fwd 245,extends claim for masked-exp probe
results/AGENT-COORDINATION-ARCHIVE-20260707.md,6135,2026-07-05,attention,MK_ATTN_MASKED_EXP_SKIP probe (bcabedd docs-only),multi,NO-GO,S128 -2.58 noisy; S256 +32.02; nano +31.30; small +223.23; s1024 +65.73,correctness clean; decisively negative
results/AGENT-COORDINATION-ARCHIVE-20260707.md,6151,2026-07-05,attention,MK_ATTN_DS_FMA probe (e429910 docs-only),multi,NO-GO,mixed S128 -14.24 small -12.24 vs S256 +4.62 nano +2.11; gated version still +8.24/+8.34/+5.63,temporary edits removed
results/AGENT-COORDINATION-ARCHIVE-20260707.md,6165,2026-07-05,measurement,QA 05:3x trajectory,small;nano,MEASUREMENT,small 3634; nano 924 (1.91x/1.46x),green at 38c762f
results/AGENT-COORDINATION-ARCHIVE-20260707.md,6178,2026-07-05,rowop,H256/S128 RMS dx FMA opcode route (d2f4db7),s128,PROMOTED,route A/B -5.60us 167/200; default-vs-old -5.98us 161/200,other shapes emit zero route opcodes
results/AGENT-COORDINATION-ARCHIVE-20260707.md,6199,2026-07-05,measurement,current-head profiles at d2f4db7,small;s1024,MEASUREMENT,small span-dominated by ATTN_DKV_WG; WGMMA NN; SWIGLU_BWD; fwd,WIP restores MK_ATTN_FAST_LOG effect
results/AGENT-COORDINATION-ARCHIVE-20260707.md,6207,2026-07-05,attention-fwd,restored attention fast-log at LSE write (966990a),multi,PROMOTED,S128 -9.66 153/160; nano -9.41 193/200; small -20.08 160/160; s1024 -6.08; s2048 -15.15 120/120,S256 neutral -0.38
results/AGENT-COORDINATION-ARCHIVE-20260707.md,6222,2026-07-05,measurement,post-fast-log profiles,small;s1024,MEASUREMENT,attention fwd improved; small still led by DKV; WGMMA/n128 GEMMs; SWIGLU_BWD; Drow; RMS dx,WIP adds MK_DROW_WG_N128 route
results/AGENT-COORDINATION-ARCHIVE-20260707.md,6230,2026-07-05,rowop,Drow n128 epilogue (05de747 docs-only),multi,NO-GO,S128 +57.79; S256 +62.86; nano +62.78; small +54.42; s1024 +64.37; s2048 +34.30,regressed every tested shape
results/AGENT-COORDINATION-ARCHIVE-20260707.md,6246,2026-07-05,attention,nano chunk retune to 2/2 (cfc2fb3),nano,PROMOTED,confirm -4.72us 193/240; default-vs-old -4.99us 195/240,only nano route changed
results/AGENT-COORDINATION-ARCHIVE-20260707.md,6264,2026-07-05,measurement,scoreboard checkpoint (9f393f1),nano;small,MEASUREMENT,nano 948.6 vs 634.6 (1.49x); small 3638.2 vs 1895.1 (1.92x),remaining small gap = op quality/span cost
results/AGENT-COORDINATION-ARCHIVE-20260707.md,6272,2026-07-05,measurement,QA 06:4x plateau,small;nano,MEASUREMENT,small 3636; nano 923,plateau vs last hour
results/AGENT-COORDINATION-ARCHIVE-20260707.md,6289,2026-07-05,rowop,SWIGLU_BWD_4W follow-up to 2W,small,NO-GO,+10.46us median; 36/240 4W wins,route reverted
results/AGENT-COORDINATION-ARCHIVE-20260707.md,6322,2026-07-05,rowop,gated Drow direct store D64 S<2048 (e71d706),multi,PROMOTED,default-vs-old S128 -1.52; S256 -14.62; nano -12.18; small -31.62; s1024 -4.51,S2048 regressed under guard +13.55 so stays old
results/AGENT-COORDINATION-ARCHIVE-20260707.md,6338,2026-07-05,measurement,post-drow scoreboard,nano;small,MEASUREMENT,nano 932.3 vs 632.1 (1.47x); small 3607.3 vs 1904.6 (1.89x),
results/AGENT-COORDINATION-ARCHIVE-20260707.md,6347,2026-07-05,measurement,post-drow profile refresh,nano;small,MEASUREMENT,nano 915.0; small 3593.4; DKV 390.4; MLP dX 319.8; SWIGLU_BWD_2W 284.4,first small run contaminated; rerun clean
results/AGENT-COORDINATION-ARCHIVE-20260707.md,6358,2026-07-05,measurement,hot-GEMM route flag dump,small,NOTE,large MLP/head GEMMs already n128 (flags 4224/4242/6274); Drow m64n64 flags 1152; qkrope flags 386,route-only inspection
results/AGENT-COORDINATION-ARCHIVE-20260707.md,6376,2026-07-05,attention,gated WGMMA attention exp2 D64 S>=512 (9746ccd),multi,PROMOTED,nano -4.93; small -37.70; s1024(H256) -16.83; s2048 -20.10,first gate too broad for short S; narrowed
results/AGENT-COORDINATION-ARCHIVE-20260707.md,6393,2026-07-05,measurement,post-exp2 scoreboard (91a8fb7),nano;small,MEASUREMENT,nano 926.3 vs 635.2 (1.46x); small rerun 3586.4 vs 1901.5 (1.89x),contaminated small row rerun separately
results/AGENT-COORDINATION-ARCHIVE-20260707.md,6407,2026-07-05,measurement,post-exp2 profile,nano;small,MEASUREMENT,nano 909.6; small 3606.1; DKV 376.3; MLP dX 326.1; SWIGLU_BWD_2W 289.1,
results/AGENT-COORDINATION-ARCHIVE-20260707.md,6423,2026-07-05,lm-head,gated lm-head CE partial exp2 V>=8192 S>=256 (400dc74),multi,PROMOTED,S256 -8.32; nano -19.58; small -56.99; s1024(H256) -36.00; s2048 -65.95,training sanity within gate but weaker; gate excludes S128
results/AGENT-COORDINATION-ARCHIVE-20260707.md,6441,2026-07-05,measurement,post-lmhead-exp2 scoreboard (bd76802),nano;small,MEASUREMENT,nano 905.2 vs 632.2 (1.43x); small 3542.8 vs 1912.9 (1.85x),
results/AGENT-COORDINATION-ARCHIVE-20260707.md,6451,2026-07-05,measurement,post-lex2 profile,nano;small,MEASUREMENT,nano 882.2; small 3541.7; lm-head fwd down to 130.2us,
results/AGENT-COORDINATION-ARCHIVE-20260707.md,6467,2026-07-05,measurement,QA 07:4x 1000-step soak clean,small;nano,MEASUREMENT,small 3630; nano 909,green at b661442
results/AGENT-COORDINATION-ARCHIVE-20260707.md,6472,2026-07-05,scheduling,MK_IDLE_NS idle-poll cadence knob,multi,NEUTRAL,flat 64-256,waits are discovery/fill not sleep; knob committed as documentation
results/AGENT-COORDINATION-ARCHIVE-20260707.md,6517,2026-07-05,ce,CE forward exp2 (_cex2) promoted-default timing,multi,REFUTED,S128 +18.19; S256 +8.58; nano +7.26; small +7.73; s2048 +9.74,forced-A/B sign reversed at default; NO-GO do not merge; inert flag plumbing removed
results/AGENT-COORDINATION-ARCHIVE-20260707.md,6528,2026-07-05,fusion,ssq-partials epilogue fusion bit13,nano;small,NEUTRAL,neutral at both configs (absorption); trajectory ~890/3585,kept gated-on as risk-free infra
results/AGENT-COORDINATION-ARCHIVE-20260707.md,6541,2026-07-05,measurement,profile at 1ef905d,nano;small,MEASUREMENT,nano 893.4 (DKV 93.8 fwd 76.0 RMS dx 74.0); small 3574.1 (DKV 373.6 MLP dX 334.9),
results/AGENT-COORDINATION-ARCHIVE-20260707.md,6559,2026-07-05,rowop,MK_QKBWD_SPLIT_V split-V row op (eae531e note),nano;small,NO-GO,nano -1.15/-4.30 order-sensitive; small flipped +3.58/-3.76,local span drop eaten by wait + extra row op; no source merge
results/AGENT-COORDINATION-ARCHIVE-20260707.md,6576,2026-07-05,scheduling,small cold-cap retune (0f4ed96),small,NEUTRAL,cap16 -7.47us then +4.19us by construction order,keep cap48
results/AGENT-COORDINATION-ARCHIVE-20260707.md,6596,2026-07-05,ce,gated CE backward exp2 S>=1024 V>=8192 (4129b84),s1024;small;s2048,PROMOTED,s1024(H256) -6.27/-5.58; small -35.65/-34.35; s2048 -16.53/-21.95,short/nano/D128 mixed so gated out; grad diff 0.009625
results/AGENT-COORDINATION-ARCHIVE-20260707.md,6617,2026-07-05,measurement,QA 10:3x trajectory,small;nano,MEASUREMENT,small 3566; nano 892,spans at op floors; waits intrinsic; certified table at c4af3cf
results/AGENT-COORDINATION-ARCHIVE-20260707.md,6621,2026-07-05,measurement,post CE-BWD scoreboard (3994aa1),nano;small,MEASUREMENT,nano 917.6 vs 631.2 (1.45x); small 3511.9 vs 1906.1 (1.84x),nano unchanged as expected (gate leaves S512 old)
results/AGENT-COORDINATION-ARCHIVE-20260707.md,6635,2026-07-05,measurement,profile at 3994aa1,nano;small,MEASUREMENT,nano 885.5; small 3532.6; CE-BWD now 35.4us,not a top target anymore
results/AGENT-COORDINATION-ARCHIVE-20260707.md,6668,2026-07-05,gemm-dw,narrow TN-WGMMA dW gate (40887f3),small;s2048,PROMOTED,small -77.44/-87.42; s2048 -28.61/-63.74 across orders,short/nano/H256-S1024 rejected forced TN (+34..+56us)
results/AGENT-COORDINATION-ARCHIVE-20260707.md,6685,2026-07-05,measurement,post-TN scoreboard (7b96252),nano;small,MEASUREMENT,nano 916.8 vs 628.4 (1.46x); small 3428.4 vs 1890.8 (1.81x; -83.5us),
results/AGENT-COORDINATION-ARCHIVE-20260707.md,6698,2026-07-05,measurement,post-TN profile,nano;small,MEASUREMENT,nano 889.5; small 3442.6 wait 399.8; DKV 431.9; MLP dX 399.9,highest-value work now op quality not scheduler knobs
results/AGENT-COORDINATION-ARCHIVE-20260707.md,6717,2026-07-05,rowop,SWIGLU_BWD_2W reciprocal sigmoid probe,small,NO-GO,+14.6us median overall; rcp wins 1/24,parity clean; no promotion
results/AGENT-COORDINATION-ARCHIVE-20260707.md,6736,2026-07-05,attention,dS-FMA H512/S1024-only retest,small,NO-GO,-0.74 then +4.53 by order; overall +2.05us median; 10/24,order/noise-level; no promotion
results/AGENT-COORDINATION-ARCHIVE-20260707.md,6754,2026-07-05,lm-head,head-dX sk1 no-atomic route H256/S2048 default,s2048;small,PROMOTED,s2048 -7.70us 19/20; default-vs-old -8.06us 19/20,small neutral -0.64us stays old by default
results/AGENT-COORDINATION-ARCHIVE-20260707.md,6772,2026-07-05,measurement,QA 11:4x ws la=2 stress clean,small;nano,MEASUREMENT,small 3434 (new low); nano 896,flip-guard holds 200 steps
results/AGENT-COORDINATION-ARCHIVE-20260707.md,6781,2026-07-05,measurement,S2048 profile post head-dX sk1 (4c686d8),s2048,MEASUREMENT,total 1843.9 wait 206.4; head-dX hop 92.9us; ATTN_DQ_WG 340.7; fwd 219.6,promoted hop no longer split-atomic class
results/AGENT-COORDINATION-ARCHIVE-20260707.md,6796,2026-07-05,rowop,QKNORM/ROPE_BWD D64 FMA arithmetic probe,nano;small,NO-GO,nano -0.99us noise 15/24; small +2.78us 6/24,correctness clean; not promotable
results/AGENT-COORDINATION-ARCHIVE-20260707.md,6807,2026-07-05,lm-head,small head-dX n128/fp32 no-atomic default (e5e641d),small;s2048,PROMOTED,small -17.57us 20/24; default-vs-old -10.61us 24/32,S2048 +7.17us stays m64 route
results/AGENT-COORDINATION-ARCHIVE-20260707.md,6826,2026-07-05,measurement,profile+scoreboard at e5e641d,nano;small,MEASUREMENT,nano 917.8 vs 628.3 (1.46x); small 3435.0 vs 1914.1 (1.79x),
results/AGENT-COORDINATION-ARCHIVE-20260707.md,6843,2026-07-05,rowop,MK_DROW_N128 fused Drow/dOatt probe,nano;small,NO-GO,nano +44.51us 0/24; small +61.31us 0/24,correctness clean; decisively rejected
results/AGENT-COORDINATION-ARCHIVE-20260707.md,6862,2026-07-05,gemm-fwd,MK_QKROPE_N128 fused qkv probe,nano;small,NO-GO,nano +34.34us 0/24; small +25.01us 1/24,correctness clean; rejected
results/AGENT-COORDINATION-ARCHIVE-20260707.md,6883,2026-07-05,lm-head,nano head-dX n128 split-K target48 (d3276f1),nano,PROMOTED,-4.04/-4.19us 14/16 30/32; default-vs-old -4.87us 27/32,small stays no-atomic n128 route
results/AGENT-COORDINATION-ARCHIVE-20260707.md,6903,2026-07-05,measurement,profile+scoreboard at d3276f1,nano;small,MEASUREMENT,nano 921.0 vs 637.1 (1.45x); small 3454.7 vs 1915.5 (1.80x),scoreboard noisier than paired A/B
results/AGENT-COORDINATION-ARCHIVE-20260707.md,6923,2026-07-05,gemm-dx,MK_DX_N128_SPLIT nano dX split-K probe,nano,NO-GO,t48 +110.69; t64 +160.30; t96 +187.81; t128 +183.49 all 0/16,timing window contaminated by co-tenant; treated as no-promote evidence
results/AGENT-COORDINATION-ARCHIVE-20260707.md,6943,2026-07-05,measurement,QA 12:4x parity guard clean,small;nano,MEASUREMENT,small 3488.4; nano 899.8,read delayed by stale build lock
results/AGENT-COORDINATION-ARCHIVE-20260707.md,6945,2026-07-05,attention,current-head chunk resweep (53f8233),nano;small,NEUTRAL,nano 1/1 +29.32 1/2 +33.26; small 2/1 +63.72 2/2 +63.90 1/2 +20.32,no default change
results/AGENT-COORDINATION-ARCHIVE-20260707.md,6958,2026-07-05,scheduling,current-head cold-cap resweep (e5b5a9f),nano;small,NEUTRAL,all order-biased/neutral; cap16 -6.70 refuted by reverse +8.02,keep defaults
results/AGENT-COORDINATION-ARCHIVE-20260707.md,6970,2026-07-05,gemm-dw,current-head dW-target resweep (992a6a7),nano;small,NEUTRAL,nano t32 +4.06 t96 +24.26; small t128 +60.94 t160 +62.88,keep K1024->96 else 64
results/AGENT-COORDINATION-ARCHIVE-20260707.md,6983,2026-07-05,scheduling,current-head MK_CLAIM resweep (906f272),nano;small,NEUTRAL,nano claim96/112 +56us; small claim96 +267.50 claim192 +102.34,keep MK_CLAIM=132
results/AGENT-COORDINATION-ARCHIVE-20260707.md,6994,2026-07-05,gemm-dx,m64n128 NN/dX route inspection (1241fdd),small,CLOSED-BY-ANALYSIS,hot NN/dX rows already default n128 (flags 4224; 32 tiles); MIN=64 would fall back to m64n64 (+54/+66 prior),keep MK_WGMMA_N128_NN=1 MIN=32; no timing rerun
results/AGENT-COORDINATION-ARCHIVE-20260707.md,7008,2026-07-05,ce,MK_CE_IGNORE_SKIP re-probe on current head,nano;small;s1024,NO-GO,nano +3.02; s1024 +8.91; small -18.72 initial then default-vs-old repeat +19.39us 34/320,order repeat refuted; source reverted
results/AGENT-COORDINATION-ARCHIVE-20260707.md,7034,2026-07-05,fusion,MK_SSQ_FUSE default recheck,nano;small;s1024,NEUTRAL,s1024 pure order artifact -11.81 then +12.48; combined +1.97 191/400,keep MK_SSQ_FUSE=1 default-on
results/AGENT-COORDINATION-ARCHIVE-20260707.md,7056,2026-07-05,rowop,small SwiGLU sigmoid cache MK_SWIGLU_CACHE_SIG (674d0ad),small,PROMOTED,cache-control combined -13.44us 264/320; default-vs-old combined -8.37us 279/400,worst grad rel 0.025832 under 0.03 gate
results/AGENT-COORDINATION-ARCHIVE-20260707.md,7070,2026-07-05,measurement,post-swcache profile/score,small,MEASUREMENT,score 3509.7 vs 1897.8 (1.85x); profile 3505.6; DKV 414.3; MLP dX 381.4; SWIGLU_BWD_2W 213.8,
results/AGENT-COORDINATION-ARCHIVE-20260707.md,7078,2026-07-05,measurement,QA 14:1x soak clean + stale FileLock warning,small;nano,MEASUREMENT,small 3488.4; nano 899.8,SIGKILLed build left torch FileLock wedging builds ~1h
results/AGENT-COORDINATION-ARCHIVE-20260707.md,7082,2026-07-05,executor,QA 15:2x ws-vs-df rotation,small;nano,MEASUREMENT,ws still +8-9% (3807/976 vs 3500/898),register-tax delta stable across op evolution; ws stays non-default
results/AGENT-COORDINATION-ARCHIVE-20260707.md,7085,2026-07-05,measurement,QA 16:2x df racecheck clean,small;nano,MEASUREMENT,small 3506; nano 896,plateau stable; racecheck covers epilogue work
results/AGENT-COORDINATION-ARCHIVE-20260707.md,7097,2026-07-05,measurement,operator-gap matrix first rows,nano;small,MEASUREMENT,nano 907.6/585.3 = 1.55x; small 3463.9/1765.5 = 1.96x; calib joins 99.5%/99.7%,co-tenants appeared; contaminated rows to be re-run clean
results/AGENT-COORDINATION-ARCHIVE-20260707.md,7110,2026-07-05,rowop,Drow zero-fill skip exact gate H256/L4/D64 S256+S512 (06f3101),s256;nano,PROMOTED,S256 +7.89/+1.82 zero-minus-skip; nano +0.93/+2.16,broadening rejected: small prefers fill by 13.74/7.47; s1024 order-mixed
results/AGENT-COORDINATION-ARCHIVE-20260707.md,7131,2026-07-05,measurement,short profile post drow-zeroskip,s256;nano,MEASUREMENT,S256 794.4 (ATTN_DQ 67.8 RMS dx 64.2); nano 886.9 (fwd 74.6 dq 65.7),
results/AGENT-COORDINATION-ARCHIVE-20260707.md,7144,2026-07-05,rowop,MK_RMS_DX_H256 exact H256/S512+S1024 promotion,nano;s1024,PROMOTED,nano old-minus-new +2.42/+6.40; s1024 +15.28/+5.89,S256 rejected as mixed; S8192 already promoted
results/AGENT-COORDINATION-ARCHIVE-20260707.md,7158,2026-07-05,measurement,OPERATOR_GAP_ROADMAP program complete; clean-window scoreboard,all,MEASUREMENT,s128 1.72x; s256 1.47x; nano 1.57x; s1024 1.55x; s2048 1.82x; s3072 1.97x; s4096 2.09x; s8192 2.30x; deep 1.51x; small 1.96x,gemm_dx worst bucket 3.8-8.3x; gemm_fwd ~3.5x; attention bwd wins <=s1024 loses 2.1x at s8192 (2090us wait); baseline pays 70-220us zero+AccumulateGrad
results/AGENT-COORDINATION-ARCHIVE-20260707.md,7175,2026-07-05,gemm-dx,GEMM-B probe round 1 (K-rings; wave packing; n64-shareB),s4096;s8192,REFUTED,deep SW128 K-rings S8 only +3-7% over S2; MK_WGMMA_N128=0 loses (lm_head fwd 596 vs 440us; step +423us),wave-packing law: dX cost per-wave-constant; no in-model tax; lm_head deficit = per-tile dispatch at tiny K tiles
results/AGENT-COORDINATION-ARCHIVE-20260707.md,7190,2026-07-05,gemm-fwd,GEMM-B round 2 FAT 128x128 tiles,s8192,LAW,s8192 lm_head fwd -15-25%; gu fwd -38%; dX-head -34% (296TF); sub-wave shapes +15-19% loss,fat tiles win iff (M/128)*(N/128)>=~132; promotion spec handed off
results/AGENT-COORDINATION-ARCHIVE-20260707.md,7201,2026-07-05,attention,FA4-B STSM (stmatrix) P/dS staging probe,multi,REFUTED,fwd -0.1..-2.3%; dKV neutral; dQ -9..-16.7% worse at long S,register-lifetime law 4th confirmation; n128 KV-widening promoted to first FA4-B probe
results/AGENT-COORDINATION-ARCHIVE-20260707.md,7209,2026-07-05,attention-fwd,FA4-B round 2: 128-wide KV-stage fwd probe,all-S,VALIDATED-PARKED,+11-19% standalone every S; REG:165 STACK:0,wins by removing per-stage fence+sync+wait; INTER descriptors work unchanged; port spec handed off
results/AGENT-COORDINATION-ARCHIVE-20260707.md,7221,2026-07-05,attention-dq,FA4-B round 3: dQ 128-wide KV stages,all-S,REFUTED,-3.6..-5.1% all S; REG:224 at ceiling vs 140 w64,160-acc working set eats boundary win as ILP loss; fwd w128 reconfirmed +11.7..+18.8%
results/AGENT-COORDINATION-ARCHIVE-20260707.md,7229,2026-07-05,attention-dkv,FA4-B round 4: dKV 128-wide + widening family law,all-S,LAW,dkv +1.4..+6.7% REG:223 optional; fwd +11-19% promote; dq -4..-5% closed,widening pays boundary dividend iff live accs stay under register ceiling
results/AGENT-COORDINATION-ARCHIVE-20260707.md,7240,2026-07-05,attention-fwd,FA4-C round 1 D=128 fwd wgmma probe + qwen4b-l2 row,qwen4b-l1;qwen4b-l2,VALIDATED-PARKED,78.4us vs 1753.6us in-model WMMA fallback (~20x); worth ~1.6ms/step; l2 gap 4.09x (35.3/8.6ms),V=152K sink starvation structural not L=1 artifact; report at 12 shapes
results/AGENT-COORDINATION-ARCHIVE-20260707.md,7251,2026-07-06,attention,FA4-C round 2 complete D=128 standalone trio,qwen4b-l1,VALIDATED-PARKED,trio ~375us/layer vs ~2.9ms WMMA on-path; worth ~2.4ms/step; REG 143/172/200 zero-spill,arg contracts match D64 WG ops; route flip small; flash gap 2.2-3x stays open
results/AGENT-COORDINATION-ARCHIVE-20260707.md,7262,2026-07-06,gemm-dx,GEMM-A round 2 ncu stall decomposition nvjet vs probe,8192x256x8192,LAW,traffic/tile-reuse NOT the gap; whole 2.4x = streaming rate; barrier stall 39.6% vs nvjet long-scoreboard 55%,retro-explains deep-ring refutation; next probe = barrier-free mbarrier ring
results/AGENT-COORDINATION-ARCHIVE-20260707.md,7274,2026-07-06,attention,D=128 WGMMA attention default-on D128 S%64==0,qwen4b-l1,PROMOTED,+2081.5/+1874.8us saved 12/12 (11043.2 vs 13124.7),profiler high-smem footgun found+fixed; next lane vocab/head GEMMs
results/AGENT-COORDINATION-ARCHIVE-20260707.md,7289,2026-07-06,qwen,no-residual NT bf16 m64n256 direct route wgu/wqkv,qwen4b-l1,PROMOTED,+228.9/+174.5us 16/16; WGU hop down to 325.1us,bit14 dispatch bug caught and fixed during probe
results/AGENT-COORDINATION-ARCHIVE-20260707.md,7303,2026-07-06,gemm-dx,GEMM round 3 barrier-free mbarrier ring,dX family,VALIDATED-PARKED,-20..-27% at every BW-bound dX shape; s8192 dX-head 392TF; nvjet gap 3.0x->1.3x composed with fat tile,promotion spec in round doc; PTX noinc/asm-operand traps documented
results/AGENT-COORDINATION-ARCHIVE-20260707.md,7320,2026-07-06,gemm-dx,round-3 addendum: gmma wait-distance W1 + nvjet SASS anatomy,dX,REFUTED,S4W1 loses on dX; S6 noise,nvjet long-scoreboard 55% = parked NANOSLEEP; portable core = barrier discipline not TMA/clusters/SETMAXREG
results/AGENT-COORDINATION-ARCHIVE-20260707.md,7332,2026-07-06,gemm-dx,GEMM round 4 TMA-fed ring; mechanism ladder mined,s8192,LAW,TMA +3.5..7.1% vs same-depth ring; ladder 187.9->87.3us (393TF); residual 1.30x = dedicated producer warp (regime-blocked),ring first; TMA optional (same perf; 2 fewer stages; 64KB smem back)
results/AGENT-COORDINATION-ARCHIVE-20260707.md,7375,2026-07-06,qwen,residual NT bf16 n256 route wo/wd + bit13 SSQ,qwen4b-l1,PROMOTED,+276.1/+248.5us 16/16; wd 287.1 wo 155.9; profile 10850.8,permanent NT n256 residual/ssq test cases added
results/AGENT-COORDINATION-ARCHIVE-20260707.md,7390,2026-07-06,gemm-dx,direct mbarrier feed-ring port onto current op bodies,nano;small,NO-GO,generic m64n64: nano -15.2us regress 0/20; n128: small -51.0us 1/24,correctness clean; keep ring as rewrite spec not bolt-on to warpgroup_wait helpers
results/AGENT-COORDINATION-ARCHIVE-20260707.md,7402,2026-07-06,attention-dq,dq D=128 topology cross-time: row-split vs redundant-S,qwen;s4096,VALIDATED-PARKED,row-split -16.7% at qwen shape (116.7 vs 136.2us) growing to -40% at S4096,free-redundancy holds only with pipe slack; in-model A/B recommended
results/AGENT-COORDINATION-ARCHIVE-20260707.md,7414,2026-07-06,attention,D=128 mbarrier rings on WG128 trio + absorption predictor,qwen,VALIDATED-PARKED,fwd ring +11.9..16.8% at S2/113KB (fits 120KB); dq/dkv +5..9% only at S3 (145-161KB),fwd recommended; dq/dkv couple to bigger carveout; early-issue restructure required at S2
results/AGENT-COORDINATION-ARCHIVE-20260707.md,7434,2026-07-06,attention-dq,D=128 dQ row-split route exact qwen4b-l1,qwen4b-l1,PROMOTED,+32.54/+35.79us old-minus-default 50/64 both orders; dQ span 317.6->186.0; total 10853.2->10792.8,148KB carveout; MK_ATTN_D128_DQ_RS override
results/AGENT-COORDINATION-ARCHIVE-20260707.md,7451,2026-07-06,attention-fwd,D=128 forward mbarrier K/V ring exact qwen4b-l1,qwen4b-l1,PROMOTED,+38.13/+31.73us 58/64 52/64; fwd span 225.4->131.5; total 10842.3->10770.4,composes with dQ row-split; same 148KB carveout
results/AGENT-COORDINATION-ARCHIVE-20260707.md,7471,2026-07-06,attention,FA4 D=128 bwd anatomy + split-wait round,qwen-D128,VALIDATED-PARKED,dq split-wait +1.4..5.1% on S2 ring REG:176 kept; dkv variant spills at 224 cap reverted,.tnspB on swizzled TMA refutes TMA-vs-dual-major conflict; cp.reduce bulk drain spec queued
results/AGENT-COORDINATION-ARCHIVE-20260707.md,7487,2026-07-06,attention-dq,D=128 dQ mbarrier/split-wait in-model,qwen4b-l1,NO-GO,default-minus-mbar -0.82/-11.39us 31/64 22/64; dQ span 201.9->198.6; total worsened,reverted; next lane S^T/register-A feed or cp.reduce epilogue
results/AGENT-COORDINATION-ARCHIVE-20260707.md,7499,2026-07-06,attention-dq,register-A dS feed for dQ standalone (attn_dq_d128_rf),qwen;s8192,VALIDATED-PARKED,+3.7% at qwen S1024 to +7.6% at S8192; REG:168 below smem path; dS tile dead (+16KB smem),orthogonal to ring; cp.reduce epilogue parity-blocked pending unit probe
results/AGENT-COORDINATION-ARCHIVE-20260707.md,7512,2026-07-06,itax-dag,qwen direct-store dW fill elision,qwen4b-l1,PROMOTED,+523.90/+514.19us 48/48; n_instr 51->46; profile best 10270.6,keeps fills for grad:emb/norm/split-K; next lane head-dX/lm-head quality
results/AGENT-COORDINATION-ARCHIVE-20260707.md,7532,2026-07-06,attention-dq,D=128 dQ register-A dS feed in-model port,qwen4b-l1,NO-GO,old-minus-new -6.40/-14.08us; 30/64 23/64,standalone win absorbed post row-split/direct-store; revisit only in full S^T/TMA rewrite
results/AGENT-COORDINATION-ARCHIVE-20260707.md,7544,2026-07-06,architecture,cluster-launch-incompatible-with-cooperative assumption,all,REFUTED,cudaLaunchKernelEx composes clusterDim + cooperative (cudaSuccess; DSMEM ok; grid.sync ok),unblocks B-multicast / DSMEM epilogues / tile-pairing
results/AGENT-COORDINATION-ARCHIVE-20260707.md,7555,2026-07-06,architecture,cluster residency/latency gate,all,MEASUREMENT,132 blocks/66 clusters all co-resident; 132/132 SMs; launch 18.0 vs 18.5us,gate fully cleared; B-multicast now top open GEMM lane
results/AGENT-COORDINATION-ARCHIVE-20260707.md,7562,2026-07-06,qwen,n256 3-stage operand ring bit25 (stage3),qwen4b-l1,PROMOTED,+424.24/+387.22us 32/32; total 10815.7->10434.9; lm-head fwd 2756.3->2574.6,148KB page requested when enabled
results/AGENT-COORDINATION-ARCHIVE-20260707.md,7582,2026-07-06,scheduling,post-stage3 MK_COLD_CAP resweep,qwen4b-l1,NO-GO,cap0-vs-cap96 +7.26 then -9.07 by order; overall -3.14 47/96,keep qwen default_cold_cap=0
results/AGENT-COORDINATION-ARCHIVE-20260707.md,7589,2026-07-06,architecture,cooperative cluster launch opt-in MK_CLUSTER_X,qwen4b-l1,SCAFFOLD,launch-only A/B neutral: -7.73 then +1.97; overall -2.69us 31/64,substrate cleared with no tax; real win needs paired-M claiming + multicast/DSMEM body
results/AGENT-COORDINATION-ARCHIVE-20260707.md,7607,2026-07-06,qwen,n256 N-major tile order bit26,qwen4b-l1,PROMOTED,+39.87/+29.97; overall +35.36us 64/96; lm-head fwd 2558.7->2514.7,prerequisite ordering for cluster B-multicast; df2 treats bit26 as non-row-linear
results/AGENT-COORDINATION-ARCHIVE-20260707.md,7624,2026-07-06,architecture,direct DSMEM-fed GMMA probe,probe,NO-GO,rank1 remote-B GMMA max err 3.25e+01 (output zeros); DSMEM scalar reads PASS,14-bit GMMA shared descriptor cannot carry cluster-rank bits; use TMA multicast instead
results/AGENT-COORDINATION-ARCHIVE-20260707.md,7638,2026-07-06,architecture,TMA multicast + local GMMA minimal paired-M harness,probe,VALIDATED-PARKED,both ranks max err 3.8e-06; wait_ok=1; ctaMask=0x3,production body should multicast B into local smem and keep GMMA descriptors local
results/AGENT-COORDINATION-ARCHIVE-20260707.md,7651,2026-07-06,architecture,production-shaped n256 paired-M TMA multicast,qwen-shaped,NO-GO,K2560 cpasync 44.07 vs tma-sync 80.61 vs tma-nosync 46.72us; reversed check confirms,do not wire n256 body into cluster-paired multicast without producer warp/different ring
results/AGENT-COORDINATION-ARCHIVE-20260707.md,7667,2026-07-06,itax-dag,sparse embedding-gradient clearing OP_EMBED_ZERO_ROWS,qwen4b-l1,PROMOTED,+259.01/+234.91us 32/32; profile 10159.6; EMBED_ZERO_ROWS 42.2us off-path,n256 scheduler follow-ups rejected (headdx nmajor mask order-mixed; MK_CLAIM 64/32/16 -3.4..-17.8ms)
results/AGENT-COORDINATION-ARCHIVE-20260707.md,7692,2026-07-06,rowop,qwen H2560 RMS dX R4,qwen4b-l1,NO-GO,default-minus-R4 -22.70/-25.10us; 5/32 R4 wins each order,parity clean; keep two-row RMS dX body
results/AGENT-COORDINATION-ARCHIVE-20260707.md,7702,2026-07-06,lm-head,qwen head-dX n256 split-K,qwen4b-l1,NO-GO,default-minus-split sk2 -34.90/-16.67; sk3 -60.80/-31.66; sk4 -78.19/-29.44,probe reverted; needs different accumulation strategy
results/AGENT-COORDINATION-ARCHIVE-20260707.md,7716,2026-07-06,rowop,qwen combined RMS backward (split off),qwen4b-l1,NO-GO,+11.04/+14.72 default-first but -50.11/-31.36 reverse,order-biased; keep split so cold dW stays off dX path
results/AGENT-COORDINATION-ARCHIVE-20260707.md,7727,2026-07-06,ce,qwen CE fwd/bwd local fusion OP_CE_FWD_BWD,qwen4b-l1,NO-GO,-109.87 default-first then +29.12 reverse; fused span 327.1 vs 34.7+296.4,hop removal too small without downstream dataflow change; reverted
results/AGENT-COORDINATION-ARCHIVE-20260707.md,7742,2026-07-06,scheduling,qwen D=128 attention claim1 batching,qwen4b-l1,PROMOTED,+37.30/+35.07us 31/32 30/32; default-vs-old +36.46/+33.90 26/32,claims 2/4/2 -> 1/1/1; scheduler-only change
results/AGENT-COORDINATION-ARCHIVE-20260707.md,7762,2026-07-06,scheduling,qwen D=128 DQ-before-DKV emission order,qwen4b-l1,NO-GO,-0.86/+1.70 then +9.55/+7.04 reverse,too small/order-weak; keep dKV-then-dQ
results/AGENT-COORDINATION-ARCHIVE-20260707.md,7776,2026-07-06,scheduling,qwen all-hot post-claim1,qwen4b-l1,NO-GO,default-minus-allhot -18.05/-16.10; allhot wins 9/32 8/32,keep hot/cold criticality
results/AGENT-COORDINATION-ARCHIVE-20260707.md,7788,2026-07-06,rowop,qwen SwiGLU cached-sigmoid + 2W backward,qwen4b-l1,PROMOTED,+302.45/+314.83us 32/32; forced-old loses 304.50/313.41 0/32; profile 9865.4,SWIGLU_BWD_2W 119.4us on path
results/AGENT-COORDINATION-ARCHIVE-20260707.md,7807,2026-07-06,rowop,qwen SwiGLU refined to 2W-only (cache off),qwen4b-l1,FLIP-PROMOTED,2W-only beats cached+2W +95.54/+94.21; cache-only loses 251/281; final default-vs-old 399.79/386.42; profile 9735.6,refines same-day cached+2W promotion
results/AGENT-COORDINATION-ARCHIVE-20260707.md,7844,2026-07-06,measurement,n256 dead-code compile-gate claim withdrawn; STACK not a runtime proxy,small,WITHDRAWN,06f3101 STACK32 3472.0 -> 1cb68c8 STACK176 3662.4; n256-off STACK80 3735.6 slowest,cross-binary sensitivity +-70..130us; certify fixes by runtime A/B not STACK/res-usage
results/AGENT-COORDINATION-ARCHIVE-20260707.md,7867,2026-07-06,measurement,layout-lottery probe resolves regression ambiguity,small,LAW,06f3101 + fat never-executed clone = 3458.9us STACK unchanged 32 vs clean 3472.0,dead code volume free when hot dispatch untouched; +190us tracks dispatch-caller codegen shape
results/AGENT-COORDINATION-ARCHIVE-20260707.md,7884,2026-07-06,measurement,ncu mechanism: small regression = executed spill traffic,small,LAW,local LD 0 -> 5301142 sectors (+~170MB/step); stores 7.9M->13.5M; trampoline probe neutral,certifying metric = l1tex local_op_ld.sum==0 at small + runtime
results/AGENT-COORDINATION-ARCHIVE-20260707.md,7903,2026-07-06,measurement,spill localized to scheduler claim loop (lineinfo+SourceCounters),small,MEASUREMENT,~15M of 16M local sectors at megakernel.cu:351-424,prime suspect = D=128 attention ops inlined without __noinline__; fix probe building
results/AGENT-COORDINATION-ARCHIVE-20260707.md,7932,2026-07-06,executor,LANDED 6b78314 noinline d128 attention ops,small;qwen4b-l1,PROMOTED,small 3660.4->3557.7us (STACK 176->128); qwen neutral (9890/9955/9984 within band),~85us residual window tax open; tests green
results/AGENT-COORDINATION-ARCHIVE-20260707.md,7945,2026-07-06,gemm-dw,splitK-direct dW epilogue probe,small,NO-GO,patched 3595.87 vs clean 3568.94; local-ld unchanged (4.11M sectors),initial win was vs stale control; reverted
results/AGENT-COORDINATION-ARCHIVE-20260707.md,7966,2026-07-06,executor,generic m64n64 WGMMA noinline probe,small,NO-GO,3607.60 vs clean 3568.94 (STACK 160 vs 128),do not promote broad wrapper noinline; split narrower leaf if revisiting
results/AGENT-COORDINATION-ARCHIVE-20260707.md,7976,2026-07-06,executor,df iclk timestamp compile-out probe,small,NO-GO,3592.35 vs clean 3568.94; resource usage unchanged,keep iclk instrumentation
results/AGENT-COORDINATION-ARCHIVE-20260707.md,7984,2026-07-06,scheduling,claim-size recheck on clean 6b78314,multi,NEUTRAL,claim264 small 3534.53 vs 3568.46 but nano 939.38->951.63; deep 2402->2440; s256/s1024 regress,keep MK_CLAIM=132; retunes must be shape-gated
results/AGENT-COORDINATION-ARCHIVE-20260707.md,8007,2026-07-06,scheduling,cold-cap 64 retune,small;nano,NO-GO,active local GPU A/B default64 3560.66/3496.69 vs cap48 3524.58/3508.67,earlier local GPU A/B invalid (co-tenant 4-6ms bimodality); keep cap48
results/AGENT-COORDINATION-ARCHIVE-20260707.md,8018,2026-07-06,executor,LANDED c9d77d5 noinline d64 wg attention trio; regression arc closed,all,PROMOTED,local-LD 5.3M->4.09M->0; scoreboard recovered: nano 927.5 small 3510.2 deep 2422.8 s2048 1830.8 s3072 2539.7 s4096 3196.3 s8192 7241.8 (-502us),standing law: fat op bodies __noinline__ before dispatch; local-ld==0 ncu gate for kernel promotions
results/AGENT-COORDINATION-ARCHIVE-20260707.md,8042,2026-07-06,gemm-dw,dW split-K target sweep post-6b78314,small,NO-GO,gated64 vs base96 +1.60us median 37/80; gauntlets showed shape regressions,leave MK_DW_TARGET_TILES experiment-only
results/AGENT-COORDINATION-ARCHIVE-20260707.md,8053,2026-07-06,scheduling,post-c9d77d5 S8192 cheap knob pass,s8192,NEUTRAL,fwd-band T64 keeps (T72 +391.84); idle32 keeps (idle64 wash); claim132 keeps (claim96 +606.11); uncapped keeps,closes immediate R4 resweep for H256/D64/S8192
results/AGENT-COORDINATION-ARCHIVE-20260707.md,8064,2026-07-06,fusion,epilogue-fusion phase 1 (fwd rmsnorm dissolution),long-S;small,NO-GO,critical_path unchanged (hop replaced not deleted); long-S +10-19us; small wash,phase-2 bwd xn2 deletion + producer-side rstd remain open
results/AGENT-COORDINATION-ARCHIVE-20260707.md,8070,2026-07-06,gemm-dx,LANDED 31dad00 gemm mbarrier ring gated long D64 (S>=1024),multi,PROMOTED,small -75.98 80/80; s1024 -14.82 49/50; s2048 -27.70 40/40; s3072 -50.58 40/40; s4096 -63.18 40/40; s8192 -150.14 32/32,blanket default rejected: S128 +1.90 S256 +8.58 nano +2.03 deep +0.05; LOCAL:0; ncu gate zero
results/AGENT-COORDINATION-ARCHIVE-20260707.md,8101,2026-07-06,scheduling,post-gmbar S8192 cheap knob recheck,s8192,NEUTRAL,T56 +29.42 0/24; T72 +400.62 0/24; idle64 wash; claim264 +133.26 0/32; claim96 +558.54 0/32; coldcap16 +69.01 0/24,all defaults keep per structural-recheck law
results/AGENT-COORDINATION-ARCHIVE-20260707.md,8110,2026-07-06,tma-smem,gmbar ring stage-depth sweep,s8192,CLOSED-BY-ANALYSIS,MK_GEMM_MBAR_STAGES=6 faulted (illegal memory access); generic 24KB + n128 32KB stages ~96KB of 100KB page,S5/S6 generic and S4 n128 exceed page; deeper needs TMA layer or larger page (+~95us tax)
results/AGENT-COORDINATION-ARCHIVE-20260707.md,8122,2026-07-06,attention,post-gmbar S8192 bwd-band recheck,s8192,NEUTRAL,T36 +84.22 0/24; T48 +74.02 1/24; T44 focus +10.91/+10.53 18/80,keep _ATTN_BWD_BAND_T[8192]=40; DKV still lead bucket 2064.2 wait
results/AGENT-COORDINATION-ARCHIVE-20260707.md,8134,2026-07-06,attention,post-gmbar S8192 band-order recheck,s8192,NEUTRAL,lpt +32.22 2/16 and +21.18 2/16,keep dq_first
results/AGENT-COORDINATION-ARCHIVE-20260707.md,8143,2026-07-06,measurement,spill gate at 31dad00,small,MEASUREMENT,executed local-LD = 0 sectors; STACK back to 32,gmbar promotion allocation-clean
results/AGENT-COORDINATION-ARCHIVE-20260707.md,8148,2026-07-06,attention-dkv,S8192 DKV row-broadcast rollback (3c08fc3),s8192,FLIP-PROMOTED,no-broadcast -32.43/-30.77us 16/16; patched default-vs-forced1 +19.71/+30.64,pre-ring default no longer composes with long-D64 gemm mbar ring
results/AGENT-COORDINATION-ARCHIVE-20260707.md,8168,2026-07-06,attention,post-rowbcast S8192 band retune,s8192,NEUTRAL,T44 -11.30 (12/16) then +12.02 (5/16) order-mixed; T42 +13.02 3/16,keep T40; DKV wait still dominant (2087.7us)
results/AGENT-COORDINATION-ARCHIVE-20260707.md,8180,2026-07-06,attention,post-rowbcast S8192 epilogue flag rechecks,s8192,NEUTRAL,dQ scalar store order-mixed -6.35/+2.70; dKV scalar atomics +56.94 3/16,keep float2 store/atomic defaults
results/AGENT-COORDINATION-ARCHIVE-20260707.md,8191,2026-07-06,attention-dkv,DKV split-mask source probe (_adkvsm),s8192,NEUTRAL,+0.19us 8/16; parity clean (0.004713),mirrors older DQ split-mask no-go; do not promote extra branch
results/AGENT-COORDINATION-ARCHIVE-20260707.md,8201,2026-07-06,measurement,late S8192 route toggles on noisy local GPU,s8192,INVALID,headdx t512 order-mixed (-557.82 inflated / +13.79); RMS_DX_H256=0 mixed (-49.52 / +392.13),local GPU hidden util 43% mem 69GB; classified no-promote/noisy only
results/AGENT-COORDINATION-ARCHIVE-20260707.md,8217,2026-07-06,measurement,clean local GPU S8192 route rechecks,s8192,NEUTRAL,split-V off +43.95 2/16; headdx t512 +31.06 1/16; RMS_DX_H256 off +9.02 4/16,keep split-V on; head-dX sk1; H256 RMS dx route
results/AGENT-COORDINATION-ARCHIVE-20260707.md,8229,2026-07-06,attention,S8192 fwd-band and lex2 forced-old checks,s8192,NEUTRAL,MK_ATTN_FWD_BAND=0 +525.47 0/16; MK_LMHEAD_EXP2_APPROX=0 +276.78 0/16,defaults reconfirmed; local GPU then hidden-util contaminated (86%)
results/AGENT-COORDINATION-ARCHIVE-20260707.md,8241,2026-07-06,attention,S8192 dkv-first band-order source probe,s8192,NO-GO,+52.40us 2/16,keep promoted dq_first order
results/AGENT-COORDINATION-ARCHIVE-20260707.md,8252,2026-07-06,attention,dkv_long_first band-order probe,s8192,NO-GO,+158.22us 0/16,DKV wait is useful overlap with DQ work not a ready-order win
results/AGENT-COORDINATION-ARCHIVE-20260707.md,8262,2026-07-06,scheduling,S8192 claim64 retune,s8192,NO-GO,+1202.88us 0/16,keep global claim quantum 132
results/AGENT-COORDINATION-ARCHIVE-20260707.md,8269,2026-07-06,attention,split DQ/DKV band-budget probe,s8192,NEUTRAL,DKV_BAND=44 +33.06 2/16; DQ_BAND=44 -9.28 (15/16) then +1.76 (4/16),keep shared MK_ATTN_BAND=40
results/AGENT-COORDINATION-ARCHIVE-20260707.md,8282,2026-07-06,attention-fwd,fwd-band w128 partials probe,s8192;s4096,NO-GO,s8192 washed (+2.69 / -5.04 at 32 reps); s4096 +23.22 3/40 and +25.36 1/40,120KB carveout/fatter op eats standalone boundary win in-model
results/AGENT-COORDINATION-ARCHIVE-20260707.md,8304,2026-07-06,gemm-dx,GEMM round 5 producer-warp escape: nvjet parity,s8192,VALIDATED-PARKED,384thr@168 + WG2 dec-24 TMA issuer: +16-36% over round-4; s8192 dX-head 69.1us/497TF = 1.03x nvjet; ladder 2.72x,strategic question live: 384/168 library recompile; cost side = thin-warp tax to measure
results/AGENT-COORDINATION-ARCHIVE-20260707.md,8318,2026-07-06,executor,blanket reg168 cost-side probe (MK_REG168),s2048;s4096,NO-GO,s2048 +160.66/+158.05 0/40 both; s4096 +309.38/+308.16 0/40 both,needs narrower GEMM-only/library split not global regcap
results/AGENT-COORDINATION-ARCHIVE-20260707.md,8337,2026-07-06,fusion,S128 qkrope unfuse route probe,s128,NO-GO,+7.95/+7.36us; 9/100 and 7/100 wins,standalone row op costs more than reduced epilogue work; keep fused
results/AGENT-COORDINATION-ARCHIVE-20260707.md,8366,2026-07-06,architecture,GEMM round 6 cluster B-multicast,NT-family,NO-GO,B already L2-absorbed in claim order; hard pair-coupling per stage,cluster protocol traps documented; redirect to 256x128 supertile
results/AGENT-COORDINATION-ARCHIVE-20260707.md,8378,2026-07-06,lm-head,256x128 direct-store supertile probe (round 7),s8192;s4096,NO-GO,s8192 lm_head 184.0->195.3; gu 39.2->46.5; s4096 lm_head 96.6->105.6,future 256x128 needs full TMA-producer/mbarrier ring not wider direct-store tile
results/AGENT-COORDINATION-ARCHIVE-20260707.md,8389,2026-07-06,gemm-dx,small-shape P4 NN staging isolation,256x256x256,REFUTED,NN MN-major 12.960 vs NT control 12.928us (+0.032); smem transpose arm 15.312 (+2.384),NN penalty not in descriptor path; re-audit at in-model shell level
results/AGENT-COORDINATION-ARCHIVE-20260707.md,8403,2026-07-06,lm-head,GEMM rounds 7-9 NT supertile/overlap/TMA-store,s8192,LAW,supertile 177->144us (+18%) gated wide-N long-M 224-reg point; cross-tile +2%; TMA-store neutral,NT mechanism ledger exhausted at 1.66x; C-write 0.95 vs nvjet 1.54 TB/s; next = write-path diagnostics
results/AGENT-COORDINATION-ARCHIVE-20260707.md,8414,2026-07-06,lm-head,LANDED 43803eb long-S head block n256 direct route,s3072;s4096;s8192,PROMOTED,s3072 -52/-58; s4096 -45/-54; s8192 -245/-247 both orders,losses bit-identical; S8192 default ~6855us (was ~7100); re-anchor baselines
results/AGENT-COORDINATION-ARCHIVE-20260707.md,8424,2026-07-06,attention,S8192 bwd-attention diagnosis from iclk timeline,s8192,LAW,DKV 83% packed / DQ 77%; knobs recover <=10%; dkv 2.7us dq 1.9us per stage ~200 TF/s vs flash 450-550,scheduling exonerated; lever = op-body stage cost (pipelining/wider tiles/chain shortening)
results/AGENT-COORDINATION-ARCHIVE-20260707.md,8439,2026-07-06,gemm-dx,GEMM rounds 10-11: NT floor + splitK,small;mid-S;s8192,LAW,NT floor 146us/1.66x (writeback domain); splitK +31% net small dX-head (1.50x); net-tie mid-S; refuses s8192 (K/CTAs>=90),dX ladder: s8192 parity via producer; small splitK; mid-S reduce-pass spec filed
results/AGENT-COORDINATION-ARCHIVE-20260707.md,8447,2026-07-06,attention,LANDED 5b8b3db batch bwd S/dP gemms in one WG commit,all-D64,PROMOTED,nano -5.6; small -9.9; s2048 -2.9; s3072 -13.2; s4096 -20.0; s8192 -113.1/-93.8,dq never materializes P; REG:255 STACK:32 LD 0; S8192 2.16x vs graph+ (from 2.46x at certification)
results/AGENT-COORDINATION-ARCHIVE-20260707.md,8458,2026-07-06,gemm-dx,GEMM round 12 splitK + separate reduce (no atomics),s2048;small,VALIDATED-PARKED,s2048 41.2us 1.17x nvjet (was 1.61); small dX-head 53.3us +46% net 1.16x (was 2.17),in-model mapping uses existing patterns: partial slabs = sink ops; reduce = rowop
results/AGENT-COORDINATION-ARCHIVE-20260707.md,8466,2026-07-06,measurement,post-5b8b3db S8192 re-anchor profile,s8192,MEASUREMENT,step 6827.6 under profiler; lm-head 442.5->268.6; DKV window 2449.7 #1; ATTN_FWD_WG 1125.7 #2,cross-stage S->PV pipelining = highest-EV open item (~1.5-2ms span pool)
results/AGENT-COORDINATION-ARCHIVE-20260707.md,8476,2026-07-06,attention-dkv,S^T register-feed dKV handoff (attn_dkv_d128_st),qwen-D128,VALIDATED-PARKED,+4.7..6.1% every D=128 shape; REG:224 no-spill; deletes P/dS smem (16KB back),trio best-known 347.9us/layer (from 371.5); ports like dq RS-feed
results/AGENT-COORDINATION-ARCHIVE-20260707.md,8487,2026-07-06,gemm-fwd,LANDED a7a75d3 direct bf16 gemm epilogue exact D64/S128,s128,PROMOTED,main-head default-vs-off -1.07/-0.35us weak; scratch clean runs -4.9..-5.8us,do not broaden: S256 order-dominated; S512 weak; small lost/neutral
results/AGENT-COORDINATION-ARCHIVE-20260707.md,8503,2026-07-06,attention,attn bwd cheap no-extra-smem DKV cross-stage reschedule,s8192,NO-GO-CORRECTNESS,test_ops hung at RUN DKV_WG (100% GPU until killed) both attempts,remaining path = full P/dS ping-pong + Q/dO ring at 128-160KB smem
results/AGENT-COORDINATION-ARCHIVE-20260707.md,8516,2026-07-06,lm-head,raster-order probe + operator-gap program final,NT-family,LAW,raster orders neutral +-2%; NT floor 146us/1.66x closed vs every SM-side mechanism,residual = memory-system writeback; program has no remaining executable probe lanes
results/AGENT-COORDINATION-ARCHIVE-20260707.md,8544,2026-07-06,rowop,qwen H2560 RMSNorm dX exact-body probe,qwen4b-l1,NO-GO,RMS span 354.3->308.7 but step flat: -3.54/-9.49us; wins 118/256 97/256,keep generic two-row body; claim released
results/AGENT-COORDINATION-ARCHIVE-20260707.md,8564,2026-07-06,attention,small ATTN_DKV/DQ chunk recheck,small,NO-GO,DKV_C=2 -62.21 0/80; DKV_C=3 -53.50 0/80; DQ_C=2 -16.99 12/80; 2/2 -61.55 0/80,keep default 1/1
results/AGENT-COORDINATION-ARCHIVE-20260707.md,8580,2026-07-06,attention-fwd,LANDED 1e8420a pipeline attention fwd PV drain,s8192;small,PROMOTED,S8192 -53.6/-41.0 both orders; small -18; rest noise; O/LSE bitwise identical,PV drain mostly absorption-hidden; deeper gap needs warp-spec or 128-row stages; S8192 ~6690-6710 (~2.15x)
results/AGENT-COORDINATION-ARCHIVE-20260707.md,8592,2026-07-06,measurement,long-S local-LD follow-up closed,s8192,CLOSED-BY-ANALYSIS,not spill; not n256 route; dynamically-indexed w[8] in op_attn_combine ~1-2us,LD==0 gate now shape-scoped; lineinfo attribution must use innermost inline frame
results/AGENT-COORDINATION-ARCHIVE-20260707.md,8598,2026-07-06,measurement,shape-scoped LD gate at 80d0053 (swiglu 4w),small,MEASUREMENT,small 2906 sectors (was 0); STACK 48 (was 32); ~93KB/step,advisory not alert; local GPU timed runs suspect (78% co-tenant)
results/AGENT-COORDINATION-ARCHIVE-20260707.md,8609,2026-07-06,measurement,post-small-4W local-LD attribution,small,CLOSED-BY-ANALYSIS,final ab4ffde default: local_op_ld = 0; stores 8437760; 3.95ms under NCU,2906-sector advisory belonged to intermediate cached 4W arm
results/AGENT-COORDINATION-ARCHIVE-20260707.md,8628,2026-07-06,rowop,small RMS dX R4 recheck post-direct-BF16,small,NO-GO,default-minus-R4 -34.08/-35.23us; R4 wins 0/160 1/160,keep two-row RMS dX route
results/AGENT-COORDINATION-ARCHIVE-20260707.md,8646,2026-07-06,attention-dkv,small dKV float2 direct-atomic forced-old recheck,small,NEUTRAL,scalar loses -30.77/-28.56us; 1/80 0/80,keep _adkvf2 default
results/AGENT-COORDINATION-ARCHIVE-20260707.md,8661,2026-07-06,attention-fwd,small attention fwd fast-log shape-scoped OFF,small,FLIP-PROMOTED,precise beats fast +1.34/+2.35/+0.83 across reps; promoted default -1.04/-1.65 vs forced fast,post-direct-BF16 flip; score 3312.6 vs graph+ 1898.0
results/AGENT-COORDINATION-ARCHIVE-20260707.md,8686,2026-07-06,attention-dq,small dQ float2 direct-store probe,small,NO-GO,default-minus-float2 -3.18/-5.76us; 33/80 27/80,keep _adqf2 limited to H256 long-shape gates
results/AGENT-COORDINATION-ARCHIVE-20260707.md,8701,2026-07-06,attention,small exp2.approx forced-old recheck,small,NEUTRAL,precise loses -28.80/-25.66us; 3/80 both,keep _aex2 default
results/AGENT-COORDINATION-ARCHIVE-20260707.md,8716,2026-07-06,rowop,small D64 qknorm-bwd cache forced-old recheck,small,NEUTRAL,old generic loop loses -29.25/-26.21us; 2/80 1/80,keep _qkbc default
results/AGENT-COORDINATION-ARCHIVE-20260707.md,8731,2026-07-06,rowop,small SwiGLU FMA derivative forced-old recheck,small,NEUTRAL,80-rep +0.30/+2.24 for old but 240-rep split +1.28/-1.30,keep _swfma enabled
results/AGENT-COORDINATION-ARCHIVE-20260707.md,8749,2026-07-06,lm-head,small lm-head CE-partial exp2 forced-old recheck,small,NEUTRAL,precise loses -68.45/-67.42us; 0/80 both,keep _lex2 enabled
results/AGENT-COORDINATION-ARCHIVE-20260707.md,8765,2026-07-06,rowop,small Drow direct-store forced-old recheck,small,NEUTRAL,old atomic loses -46.56/-49.86us; 0/80 both,keep _drowst enabled
results/AGENT-COORDINATION-ARCHIVE-20260707.md,8781,2026-07-06,attention-dkv,small dKV direct-atomic forced-old recheck,small,NEUTRAL,old smem-drain loses -91.33/-94.29us; 0/80 both,keep _adkva/_adkvf2
results/AGENT-COORDINATION-ARCHIVE-20260707.md,8796,2026-07-06,ce,small CE backward exp2 forced-old recheck,small,NEUTRAL,precise loses -13.98/-12.46us; 11/80 8/80,keep _ceb2
results/AGENT-COORDINATION-ARCHIVE-20260707.md,8811,2026-07-06,rowop,small SwiGLU sigmoid-cache forced-on recheck,small,NEUTRAL,cache-on loses -17.70/-18.00us; 5/80 4/80,keep cache off with 4W backward
results/AGENT-COORDINATION-ARCHIVE-20260707.md,8825,2026-07-06,measurement,small profile/score refresh at 581278a,small,MEASUREMENT,profile 3300.9 (wait 430.8); score 3289.4 vs graph+ 1894.0 (1.74x),top: ATTN_DQ 294.7; SWIGLU_BWD_4W 281.2; MLP dX 268.0
results/AGENT-COORDINATION-ARCHIVE-20260707.md,8835,2026-07-06,measurement,LD gate at 0759818 (n256 mbar ring + combine unroll),s8192;small,MEASUREMENT,S8192 786432->143518 sectors (combine unroll removed ~82%); small holds 2906,residual ~4.6MB/step sub-us; no action
results/AGENT-COORDINATION-ARCHIVE-20260707.md,8842,2026-07-06,measurement,LD gate at 20d7631 (ce-bwd label fixup),small,MEASUREMENT,small 2906 baseline unchanged; STACK 48 stable,gate PASS
results/AGENT-COORDINATION-ARCHIVE-20260707.md,8875,2026-07-06,rowop,QKNORM_ROPE_BWD per-warp dw partials fix validated,small;s4096;s8192,VALIDATED-PARKED,small -21.1; s4096 -16.5; s8192 -42.6/-65.7 both orders; nano neutral,landing blocked on ops.cuh WIP; patch parked; root cause = block-wide smem atomic serialization on 64 addresses
results/AGENT-COORDINATION-ARCHIVE-20260707.md,8928,2026-07-06,attention,S4096 combine-unroll landed on main (bb36c27),s4096,PROMOTED,default-vs-old -12.88/-24.58us; old wins 4/80 1/80; absolutes ~3117-3142,cherry-picked after SKR landed; gate _H256_D64_COMBINE_UNROLL_S=(4096;8192)
results/AGENT-COORDINATION-ARCHIVE-20260707.md,8946,2026-07-06,attention-fwd,post-combine S4096 fwd-band retune,s4096,NEUTRAL,T24 +2.50 19/40 then +9.02 4/40; T20 +12.29 10/40,keep _ATTN_FWD_BAND_T[4096]=22
results/AGENT-COORDINATION-ARCHIVE-20260707.md,8971,2026-07-06,lm-head,small head-dX SKR (splitK + separate reduce) promoted at 193a108,small,PROMOTED,skr=2 -115.1/-107.7us 40/40 both orders; promoted default-vs-old -116.5/-111.7 40/40,skr=3/4 inferior (wave quantization); s2048 NO-GO +18/+3 (no-atomic direct stands); res-usage bit-identical; LD 2906 benign
results/AGENT-COORDINATION-ARCHIVE-20260707.md,8997,2026-07-06,lm-head,small lm_head fwd n256 promoted at 7f77378,small,FLIP-PROMOTED,env -33.5/-22.8us 40/40 both orders; old +11.1/+33.8 9/40 2/40 after,0928Z small-regress verdict flipped after SKR restructure (resweep law); routing-only; small ~3260us (-145 today)
results/AGENT-COORDINATION-ARCHIVE-20260707.md,9007,2026-07-06,lm-head,s1024/s2048 lm_head n256 promoted at 5c6e234,s1024;s2048,FLIP-PROMOTED,s2048 -25.0/-20.9 40/40 (old +20.7 0/40); s1024 -10.9/-11.9 40/40+39/40 with dispersion -4.5..+8.4,stale S<=2048 rejections flipped post structural rounds; MK_CLAIM=132 reconfirmed (64 +468; 264 +131); coldcap8 weak pending
results/AGENT-COORDINATION-ARCHIVE-20260707.md,9037,2026-07-06,rowop,LANDED 61e37bd per-warp qknorm rope bwd dw partials,small;s4096;s8192,PROMOTED,small -21.1; s4096 -16.5; s8192 -42.6/-65.7 both orders; nano neutral; parity bit-identical,warning: grep atomicAdd(&*_s[ shared-partial pattern in other rowops
results/AGENT-COORDINATION-ARCHIVE-20260707.md,9054,2026-07-06,gemm-dx,resweep no-gos: small cold_cap=8 + gate_up dX SKR,small,NO-GO,cold_cap8 died at 120 reps (-0.27 75/120 / +8.70 22/120); dX SKR +83.1/+65.4us 0/80,SKR law: pays iff one giant sub-wave long-K gemm amortizes ONE reduce (8 added reduce hops invert economics)
results/AGENT-COORDINATION-ARCHIVE-20260707.md,9082,2026-07-06,scheduling,small MK_COLD_CAP=8 high-rep confirmation,small,NO-GO,-2.51us 88/160 default-first; +7.71us 40/160 variant-first,keep cap48; confirms peer 2345Z no-go
results/AGENT-COORDINATION-ARCHIVE-20260707.md,9176,2026-07-06,lm-head,s1024 head-dX SKR skr4/skr8 both-order evidence,s1024,MEASUREMENT,skr4 paired -13.01/-8.14us 39/40 35/40; skr8 +19.81/+15.94 0/40,gate decision remains with session b603d819
results/AGENT-COORDINATION-ARCHIVE-20260707.md,9185,2026-07-06,tma-smem,qwen n256 NN TMA feed promoted on sibling branch (408f52b),qwen4b-l1,PROMOTED,forced-on -340.40/-335.25us 16/16; old loses +366.03/+381.14 0/16; step ~8.86-8.90ms,not yet on shared tree; synccheck 0; racecheck hazards baseline-equal; R4 resweep in flight
results/AGENT-COORDINATION-ARCHIVE-20260707.md,9202,2026-07-06,qwen,n256-TMA R4 resweep: stage3/nmajor keep-current,qwen4b-l1,NEUTRAL,stage3=0 +2617.84/+2592.85 0/16; nmajor=0 +52.24/+44.94 2/16 3/16,keep-current checks under TMA default
results/AGENT-COORDINATION-ARCHIVE-20260707.md,9213,2026-07-06,lm-head,short-S head-dX SKR env evidence nano/deep,nano;deep,MEASUREMENT,nano skr4 -10.51/-14.32 (37/40 40/40); deep -32.93/-31.10 (38/40 40/40); s1024 one-order weak -3.49,gate edits remain with b603d819
results/AGENT-COORDINATION-ARCHIVE-20260707.md,9224,2026-07-06,qwen,n256-TMA R4 resweep: NT_MBAR no-go; TMA_TN strong positive,qwen4b-l1,MEASUREMENT,NT_MBAR=1 +112.14/+101.98 0/16; TMA_TN=1 -294.56/-333.78 16/16 both orders,TN follow-up promotion owned by f30b8c0c
results/AGENT-COORDINATION-ARCHIVE-20260707.md,9287,2026-07-07,tma-smem,qwen n256 TMA feed double-promoted complete (408f52b+23b2bea),qwen4b-l1,PROMOTED,step 9148-9182 -> 8476-8517us (~-660us net); NN -340.4/-335.3 16/16; TN -294.6/-333.8 16/16,TN standalone-neutral but in-model decisive (R1-exception); sanitizers clean; follow-up: port TMA to long-D64 rings
results/AGENT-COORDINATION-ARCHIVE-20260707.md,9388,2026-07-07,lm-head,nano/deep head-dX SKR promoted at 0abc08f,nano;deep,PROMOTED,nano skr4 -10.5/-14.3; deep skr4 -32.9/-31.1; promote-checks nano +18.9/+8.5 deep +34.9/+30.8 old-loses,no-gos with mechanism: s128/s256 (n128 tile collapse M<=256); s1024 noise stays atomic; SKR ledger small -112 deep -31 nano -12
results/AGENT-COORDINATION-ARCHIVE-20260707.md,9399,2026-07-06,tma-smem,qwen n256 TMA owner-validated at shared head ae6dca2,qwen4b-l1,MEASUREMENT,forced-old loses +685.36/+695.44us 0/16 (8.94-8.95 vs 9.64ms),larger than +366/+381 at old base: SKR/lm-head-n256/qkbwd-dw composed positively; integration lane closed
results/AGENT-COORDINATION-ARCHIVE-20260707.md,9457,2026-07-06,tma-smem,MK_GEMM_N256_TMA=1 at exact H256/D64/S8192,s8192,NO-GO,+27.28/+33.58us; TMA wins 2/16 both orders,12/13 eligible rows short-K (4-24 ring iters); fence+expect_tx does not amortize; win class = long-K giant-hop
results/AGENT-COORDINATION-ARCHIVE-20260707.md,9468,2026-07-06,tma-smem,n256 TMA feed folded into shared head (9146c9c+ae6dca2),qwen4b-l1,PROMOTED,pre-TMA head 9694.9 -> merged 9072.6/9067.8 (-622us; full claimed win carries),integration validation green; small LD gate unchanged 2906
results/AGENT-COORDINATION-ARCHIVE-20260707.md,9532,2026-07-06,architecture,register-reallocation audit (MK-paper question),all,NOTE,ws does the MK-paper realloc (168 entry + inc 224 / dec 56; without it +14% both configs); producer topology 1.03x nvjet standalone but refuted as uniform library point,open unmeasured cell: single-image 240/24 producer-df; in-model dividend harvested via SKR + elected-thread TMA
results/AGENT-COORDINATION-ARCHIVE-20260707.md,9561,2026-07-07,scheduling,small idle_ns=64 promoted at fe0fe19 + batch no-gos,small,PROMOTED,32/64/128 all beat 256; 64 = plateau center; forced-256 loses both orders; small ~3400 -> ~3220-3235 (~1.71x),same batch no-gos: nano/deep lm_head n256 (noise); small DKV_C=2/DQ_C=2 reconfirmed no; resweep claim closed
results/AGENT-COORDINATION-ARCHIVE-20260707.md,9608,2026-07-06,tma-smem,S3072 head-dX n256 TMA promoted (0b7ed2a),s3072,PROMOTED,probe -7.12 (35/40) / -10.16 (39/40); promoted-vs-old +11.18/+8.06 old-minus-new,S4096 (+6.1/+11.9) and S8192 (+27.3/+33.6) NO-GO; do not widen without new evidence
results/AGENT-COORDINATION-ARCHIVE-20260707.md,9722,2026-07-06,tma-smem,naive generic gmbar TMA feed (long-D64),s3072;s4096,NO-GO,s3072 +42.51/+41.79us 0/40 1/40; s4096 +74.99/+80.99us 0/40 both,slower than old per-thread ring feed; parity clean; route count unchanged
results/AGENT-COORDINATION-ARCHIVE-20260707.md,9737,2026-07-06,tma-smem,gmbar TMA per-row-family subset A/Bs,s3072,NO-GO,nn +32.21/+29.70; plain_nt +34.70/+33.84; res +38.51/+36.88; qkrope +16.67/+33.18,elected-thread cp.async.bulk feed loses per family; next work = topology change (producer/consumer)
results/AGENT-COORDINATION-ARCHIVE-20260707.md,9853,2026-07-06,tma-smem,remote isolated current-head narrowed K_MIN=1536 generic TMA,s3072,NO-GO,+34.06/+40.83us 0/40 both orders; parity clean; test_ops/test_model green,no local-memory cliff; promotion blocked by timing
results/AGENT-COORDINATION-ARCHIVE-20260707.md,9959,2026-07-07,qwen,qwen4b-l2 GEMM cluster promoted (6c4d63c),qwen4b-l2,PROMOTED,forced-on -1530.45/-1509.79us 12/12; promoted-vs-old +1543.92/+1592.21; l2 16.2 -> 14.65ms,route n256=26 stage3=26 nmajor=26 tma=17 148KB; first variant-first window discarded contaminated
results/AGENT-COORDINATION-ARCHIVE-20260707.md,10056,2026-07-06,rowop,bf16x2 vector B-rms scaled load micro-opt,epifuse-probe,NO-GO-CORRECTNESS,TN B-rms-scale max_abs_err 1.126 vs tolerance 0.35,reverted; scalar float load-scale implementation stays
results/AGENT-COORDINATION-ARCHIVE-20260707.md,10074,2026-07-06,fusion,rowop epifuse phase 2 (MLP xn2 deletion) closed,H512/S1024,NO-GO,both-mode +16.32/+15.58us 1/40 0/40; attribution: fwd +1.01/+4.26 near-neutral; bwd B-rms +9.63/+17.20 decisive loser,needs different backward dWgu mechanism; correctness proven; sibling kept as probe artifact
results/AGENT-COORDINATION-ARCHIVE-20260707.md,10113,2026-07-07,scheduling,nano/deep idle_ns=64 promoted (1a52b8e) + producer-df phase-1 gate,nano;deep,PROMOTED,nano -5.7/-5.6 (33/40; 107/120); deep -28.0/-31.4 (40/40; 38/40); MK_DF_MAXNREG=240 tax only +11.0 small / +8.2 nano,idle32 equivalent; producer-df phase 2 (WG2 TMA producer) gated GO
results/AGENT-COORDINATION-ARCHIVE-20260707.md,10131,2026-07-06,executor,pdf phase 1 built + ptxas setmaxnreg region law (CUDA 13.1),pdf,LAW,inc region honored ONLY in ws idiom (inc body inside taken branch ending return); else silent whole-kernel 168 cap for every value; restructured: R237 STACK 208->80,retro-explains P4b-r3 dual-stream refutation; phase-2 MkPdfFeed mailbox producer implemented
results/AGENT-COORDINATION-ARCHIVE-20260707.md,10161,2026-07-06,attention-dkv,dkv stage-anatomy ablation complete,s8192,MEASUREMENT,ALU 41% / accum drain 21% / score gemm 6-10% / syncs 28% of stage span; ping-pong/warp-spec addresses ~70%; span cuts compound ~2.5x into step,sets deep-attention investment; local GPU invisible ~61GB context fakes waits (repeat until two runs agree low)
results/AGENT-COORDINATION-ARCHIVE-20260707.md,10171,2026-07-06,tma-smem,gmbar TMA K-floor variants closed,s3072;s4096,NO-GO,s3072 K768 +45.63/+40.96; K512 +46.50/+40.58; K0 +46.66/+46.80; s4096 K1536 +58.18/+70.29 all 0/40,do not promote elected-thread generic mbar TMA; next attempt = parked producer topology; coordinate with producer-df lane
results/AGENT-COORDINATION-ARCHIVE-20260707.md,10209,2026-07-06,tma-smem,S8192 gmbar TMA closure sweep,s8192,NO-GO,K1536 +36.42/+32.85 (0/16; 1/16); K0 +58.00/+69.01 (1/16; 0/16),closes s3072/s4096/s8192 for elected-thread generic TMA feed; reanchor and change topology
results/AGENT-COORDINATION-ARCHIVE-20260707.md,10221,2026-07-07,lm-head,s3072/s4096 head-dX SKR promoted on main (fe15e24),s3072;s4096,PROMOTED,s3072 -118.6/-120.6 40/40; s4096 -90.0/-75.6 40/40+39/40; promoted-vs-old +95.2/+89.4 and +77.4/+80.9 0/40,SUPERSEDES 0b7ed2a s3072 n256-TMA default; s2048 verdict does not extend up S axis (K/CTAs 170/128 >= ~90 gate); s1024 stays atomic (order-flip at head)
results/AGENT-COORDINATION-ARCHIVE-20260707.md,10275,2026-07-07,attention-dq,dq/dkv ping-pong design study,s8192,NOTE,dq ping-pong fits at 112KB (K/V triple +16KB; dS double-bank +16KB); full dkv needs +48KB => 148KB precedent,order of attack: dq first (~2.8ms off-path span pool at S8192); implementation delegated
results/AGENT-COORDINATION-ARCHIVE-20260707.md,10299,2026-07-07,scheduling,nano/deep idle64 promote-vs-old confirmation,nano;deep,MEASUREMENT,forced-256 loses: nano +8.7/+6.3 (1/40; 12/120); deep +38.5/+31.1 (0/40; 1/40),1a52b8e stands; nano ~900us deep ~2330us paired arms
results/AGENT-COORDINATION-ARCHIVE-20260707.md,10314,2026-07-06,lm-head,lm-head n256 short-S boundary check,s128;s256;nano,NO-GO,s128 +37.20/+21.50 0/80; s256 +14.96/+11.50 1/80 4/80; nano weak -4.22/-0.40 below promotion bar,keep current gates; remote isolated job on clean sibling at 9199394
results/AGENT-COORDINATION-ARCHIVE-20260707.md,10324,2026-07-07,lm-head,post-SKR s3072/s4096 profiles: SKR_REDUCE claim-bound + DQ wait,s3072;s4096,MEASUREMENT,OP_SKR_REDUCE 122.7us span at s4096 for ~5us of DRAM traffic (256 one-shot tiles x ~0.5us claim tax); ATTN_DQ_WG wait 305.4/536.1us vs ~210us span,head-dX left both top lists (SKR working); fatter-chunk reduce lane claimed
results/AGENT-COORDINATION-ARCHIVE-20260707.md,10338,2026-07-06,executor,pdf sanitizer health + phase-1 tax curve,small;s8192,MEASUREMENT,small +143.6/+134.7us (+4.3% 0/40); s8192 +63.7/+62.8us (+0.94%); synccheck 0; racecheck hazards all handshake false-positive class,240-pt tax concentrates at short-S/GEMM-heavy; vanishes in long-S attention regime
results/AGENT-COORDINATION-ARCHIVE-20260707.md,10350,2026-07-07,qwen,l2 peel + support battery (first batch),qwen4b-l2;s3072,PROMOTED,peel keeps cluster (stage3 +3303.9/+3368.8; TMA +710.8/+728.5; TN +1583.3/+1645.8; nmajor +135.3/+20.3); sparse-embed -219.4/-218.4 promoting; dq-RS=0 FASTER -165.9/-63.9; s3072 TMA gate reverted (-16.3/-20.2 TMA-off 40/40),cold-cap0 no-go order-mixed; cefix/swb4w repeats in flight; fe15e24 SKR restructured s3072 target row (resweep law)
results/AGENT-COORDINATION-ARCHIVE-20260707.md,10369,2026-07-07,executor,s8192 MK_DF_MAXNREG=240 tax,s8192,MEASUREMENT,+62.2us 0/16 (+0.92%); full phase-1 ledger sub-1% every shape (small +0.34% nano +0.9%),Step B (mailbox TMA producer) remains GO with per-shape dividend>tax gate
results/AGENT-COORDINATION-ARCHIVE-20260707.md,10376,2026-07-06,executor,pdf phase-1 tax inverts at qwen (no producer),qwen4b-l1,MEASUREMENT,pdf-240 wins -408.9/-401.7us (-4.5%) 12/12 both orders; curve: small +4.3% s8192 +0.9% qwen -4.5%,mechanism unattributed (register-point codegen vs 384-thr shell); MAXNREG control planned
results/AGENT-COORDINATION-ARCHIVE-20260707.md,10429,2026-07-06,executor,pdf phase-2 producer wins at qwen,qwen4b-l1;qwen4b-l2,VALIDATED-PARKED,l1 -1092.1/-1110.5us 12/12 (9.16->8.06ms -12%); l2 -840.1/-927.5us (18.6->17.8ms); decomposition: register-point -405 + producer feed -690,promotion path: head rebase + clean-GPU-3 confirm + mode=pdf shape gate; not promoting from remote worker numbers alone
results/AGENT-COORDINATION-ARCHIVE-20260707.md,10448,2026-07-06,executor,pdf head-rebased attribution profile,qwen4b-l1,MEASUREMENT,df 8884.5 -> pdf 7883.7 (-1000.8); lm-head dX span 2453.5->1679.7 (-774us -32%); SWIGLU_BWD_4W -122; RMSNORM_BWD_DX -70; EMBED_BWD +148 offset,next target: lm-head fwd NT 2491us needs NT mbar + tmap + WG2 feed
results/AGENT-COORDINATION-ARCHIVE-20260707.md,10461,2026-07-06,infra-process,baseline trace tooling smoke (6665933),nano,SCAFFOLD,analyzer matched 4/4 replay clusters; median 197 kernels; 624.8us wall / 550.7 active / 74.2 gap; 0.38us/kernel boundary tax,hardened fail-closed shape registry + nsys cuda-graph-trace pipeline; tooling evidence not a matrix verdict
results/AGENT-COORDINATION-ARCHIVE-20260707.md,10496,2026-07-06,measurement,baseline trace matrix batch A,s128;small;s8192,MEASUREMENT,s128 547.3 wall/409.5 active/137.8 gap; small 2017.4/1736.1/281.2 (gemm 504.7); s8192 3227.5/3064.7/162.8 (attention 1617.3),20 replays per shape under nsys cuda-graph-trace=node
results/AGENT-COORDINATION-ARCHIVE-20260707.md,10526,2026-07-06,measurement,baseline trace matrix batch B,nano;s256;s1024;s2048,MEASUREMENT,nano 622.7/546.5; s256 608.0/465.0 (142.9 gap); s1024 771.5/696.0; s2048 1039.6/961.6 (attention 294.6),provenance c5af0ff; guards clean
results/AGENT-COORDINATION-ARCHIVE-20260707.md,10557,2026-07-07,measurement,baseline trace matrix batch C,deep;s3072;s4096,MEASUREMENT,deep 1934.2/1519.6 (414.6 gap; 557 kernels); s3072 1322.4/1241.1 (attention 425.5); s4096 1581.2/1500.8 (attention 559.4),closes non-Qwen baseline capture set
results/AGENT-COORDINATION-ARCHIVE-20260707.md,10586,2026-07-07,measurement,baseline trace matrix batch D (qwen),qwen4b-l1;qwen4b-l2,MEASUREMENT,l1 7225.3 wall/7167.8 active (gemm 3911.1; 68 kernels); l2 8638.8/8536.6 (gemm 4708.9; 115 kernels),every registered baseline shape now has fresh 20-replay hardened trace
results/AGENT-COORDINATION-ARCHIVE-20260707.md,10620,2026-07-07,scheduling,s3072/s4096 post-SKR R4 resweep + SKR_REDUCE chunk lane,s3072;s4096,NEUTRAL,all defaults stand (band order lpt +47/+50 0/40; band=20 candidate died at 120 reps); SKR_REDUCE chunks 8192/16384/32768 wash +-3us despite 122.7us span,ABSORBED: s4096 sits in 536us ATTN_DQ wait-slack regime; principle = check WAIT column before optimizing a hop; probe patch parked
results/AGENT-COORDINATION-ARCHIVE-20260707.md,10641,2026-07-07,qwen,l2 support batch commit e1e23b2 (5 gate changes),qwen4b-l2;s3072,PROMOTED,sparse-embed L2 +135.1/+260.1 old-loses 0/12; CE_BWD label-fixup L2 +34.0/-0.5; swb4w L2 +20.3/+83.0; dq RS-feed decoupled to L1-only +52.0/+93.6; s3072 head-dX TMA revert (+16.2/+19.0 forced-TMA loses),l2 step 16.21 -> ~14.25ms (-12%); each with promoted-vs-old both orders
results/AGENT-COORDINATION-ARCHIVE-20260707.md,10655,2026-07-07,attention,dq-wait decomposition closed with mechanism,s3072;s4096,LAW,cold-cap 16/48/128 all wash; sink-steal REFUTED: 305/536us on-path ATTN_DQ wait = machine draining ~2ms off-path dkv/dq band work per step,only remaining lever at H256/D64 long-S = attention-bwd op throughput; needs fresh standalone mechanism (stage-widening/STSM/FA2-pipelining already refuted)
results/AGENT-COORDINATION-ARCHIVE-20260707.md,10670,2026-07-07,executor,producer-df Step-A shell committed inert (16be37e),small;nano,MEASUREMENT,shell tax +156.8us small / +45.8us nano (0/40) = 14x the pure 240 ceiling tax (+11/+8); STACK 48->112,claim/init path outside inc-240 region spills at 168 entry ceiling; restructure delegated
results/AGENT-COORDINATION-ARCHIVE-20260707.md,10721,2026-07-07,executor,producer-df (mode=pdf 240/24 + WG2 TMA producer) verdict,qwen4b-l1;qwen4b-l2;s3072;s8192;small,VALIDATED-PARKED,l1 -1056.4/-1127.0 12/12 (~1.11x vs graph+); l2 -1511.3/-1370.4 12/12 (~1.53x); s3072 -20.7/-21.7 40/40; s8192 -171.3/-161.9 16/16; small +142.3/+146.8 0/40 no-go,control refutes shortcut: MK_DF_MAXNREG=240 on df at qwen +30.1/+44.2 WORSE; win = pdf shell (region-compiled image + 384-thr); landing plan posted
results/AGENT-COORDINATION-ARCHIVE-20260707.md,10745,2026-07-07,qwen,qwen4b-l2 head-dX n256 route promoted (c3cc32c),qwen4b-l2,PROMOTED,env flip -2152.24/-2149.63us 12/12; promoted-vs-old +2080.48/+2151.73 0/12; l2 now ~12.06ms (-26% lane total),head-dX was still splitK (4380.1us on-path) because gate was L=1-keyed
results/AGENT-COORDINATION-ARCHIVE-20260707.md,10827,2026-07-07,measurement,qwen baseline trace batch D closed,qwen4b-l1;qwen4b-l2,NOTE,l1 repeat capture matched within 27us (0.4%); l2 8638.8 wall / 98.8% active / 0.89us/kernel boundary tax,qwen baseline read closed: active GEMM/large-row targets not launch-boundary targets
results/AGENT-COORDINATION-ARCHIVE-20260707.md,10848,2026-07-07,measurement,baseline operator-gap synthesis note,multi,NOTE,s128/s256/small/deep boundary/kernel-count heavy -> steer to rowop/epilogue fusion or kernel-count reduction; s2048+ active-work dominated (attention first; GEMM second),qwen conclusions deferred to live qwenD trace
results/AGENT-COORDINATION-ARCHIVE-20260707.md,10893,2026-07-07,measurement,l2 post-head-dX resweep battery discarded,qwen4b-l2,INVALID,absolutes ~24.4ms vs clean 12.06ms (32GB 100%-util co-tenant mid-battery),deltas were direction-consistent keep-confirms but discarded per guard rule; clean rerun moved to remote isolated
results/AGENT-COORDINATION-ARCHIVE-20260707.md,10908,2026-07-07,executor,producer-df landing audit (082be2b read-only),pdf,NOTE,file-backed A/B confirms qwen l1/l2 + s3072 + s8192 wins and small no-go; merge-tree reports overlapping edits in megakernel.cu/NOTES vs head 5f566dc,non-gated isolation verified in source; pdf-specific test/sanitizer logs board-backed not file-backed
results/AGENT-COORDINATION-ARCHIVE-20260707.md,10935,2026-07-07,qwen,qwen lm-head fwd NT-producer route audit/spec,qwen4b-l1,NOTE,lm-head fwd already n256 direct NT + stage3 + nmajor; full NT mbar previously lost +123..145us; TMA helper rejects flags&2; MkPdfFeed lacks B-layout bit,only plausible follow-up = exact-qwen pdf NT mbar+TMA+WG2 producer; vocab tail 151936 needs cp.async fallback
results/AGENT-COORDINATION-ARCHIVE-20260707.md,10958,2026-07-07,measurement,short-S baseline drilldown note,s128;s256;small;deep,NOTE,baseline short-S mostly active work (s128 547/409; small 2017/1736); inductor_other = many small Triton kernels,megakernel side needs whole-hop deletion or real op-body work; closed traps listed (epifuse phase-2; short-S SKR; NT mbar)
results/AGENT-COORDINATION-ARCHIVE-20260707.md,11002,2026-07-07,measurement,current-head short-S reprofile at 5f566dc,s128;s256;small;deep,MEASUREMENT,s128 720.8us (27.8% wait); s256 811.3 (25.5%); small 3258.3 (14.4%); deep 2323.5 (23.8%),short-S still mostly on-path body span not launch-boundary; profile_df attribution not high-rep score
results/AGENT-COORDINATION-ARCHIVE-20260707.md,11022,2026-07-07,executor,producer-df Step-A round 2 (entry-first split),small;nano,MEASUREMENT,STACK 112->96; spills 139->106 (flat-240 ref 76); tax ~unchanged +137/+41,KEY NEGATIVE: consumers already held 240 regs in round 1 so shell tax is NOT register budget; suspects = named bar.sync or parked-WG2 residency
results/AGENT-COORDINATION-ARCHIVE-20260707.md,11040,2026-07-07,tma-smem,d64 ring TMA landing audit (27c8084),s3072;s4096;s8192,NOTE,evidence shows both-order wins S3072 -23.9/-24.1; S4096 -31.9/-29.8; S8192 -18.6/-11.8; 49/49/37 D64 rows covered; no local-memory cliff,credible landed path distinct from rejected generic _gmtma; S1024/S2048 unmeasured; producer-df composition unresolved
results/AGENT-COORDINATION-ARCHIVE-20260707.md,11053,2026-07-07,tma-smem,LANDED 17b1596+27c8084 TMA feed for long-S D64 gemm rings,s3072;s4096;s8192,PROMOTED,in-model both orders S3072 -24; S4096 -30/-32; S8192 -12/-19 (15-16/16); standalone TN long-K dW -16..-20%,port laws: never-taken alternate path can tax hot path ~30us via codegen reflow (keep separate loops + __noinline__); df loss not bit-stable (~5e-6) so parity-gate by within-arm spread
results/AGENT-COORDINATION-ARCHIVE-20260707.md,11090,2026-07-07,tma-smem,d64 TMA widening resweep,s1024;s2048;small,NO-GO,s1024 +26.40/+13.78 0/40 2/40; H512 small +92.67/+76.54 0/40 both; s2048 modest candidate -15.57/-7.58 39/40 36/40,do not widen broadly; s2048 needs promotion-grade confirm + route/res-usage before defaulting
results/AGENT-COORDINATION-ARCHIVE-20260707.md,11099,2026-07-07,attention-dq,dq ping-pong no-go recorded,s3072;s4096;s8192,NO-GO,+3/+13/+32us at the trio,mechanism: score->ALU critical path + sibling-WG tensor-pipe contention; in-place ping-pong dead for dq/dkv; claim narrows to direct ALU attack or true warp-spec
results/AGENT-COORDINATION-ARCHIVE-20260707.md,11113,unknown,executor,producer-df pdf executor local GPU drained confirm,qwen4b-l1,MEASUREMENT,df 9088/9115 -> pdf 7973/7982us = -1115.7/-1133.2us; 12/12 both orders,landing-ready; all gates green; parity clean
results/AGENT-COORDINATION-ARCHIVE-20260707.md,11143,2026-07-07,tma-smem,MK_GEMM_D64_TMA broad widen resweep @27c8084,s1024/small/s2048,NO-GO,s1024 +26.40/+13.78us 0/40&2/40; small H512 +92.67/+76.54us 0/40 both; s2048 -15.57/-7.58us 39/40&36/40,do not broadly widen; s2048 narrow candidate
results/AGENT-COORDINATION-ARCHIVE-20260707.md,11187,2026-07-07,tma-smem,s2048 D64 TMA current-head gate @9550a7b,s2048,MEASUREMENT,forced-on -16.34us 80/80; -8.40us 74/80; n_instr=176 unchanged,promotion candidate confirmed on clean head
results/AGENT-COORDINATION-ARCHIVE-20260707.md,11223,2026-07-07,tma-smem,s2048 D64 TMA source promotion a1647ee,s2048,PROMOTED,forced-old +11.70us (3/80 wins); +19.25us (2/80),isolated branch validated; shared landing pending
results/AGENT-COORDINATION-ARCHIVE-20260707.md,11238,2026-07-07,tma-smem,s2048 D64 TMA promotion (second close),s2048,DUPLICATE,forced-old +11.70us/+19.25us; training sanity 9.0496->5.6172,duplicate close of a1647ee validation
results/AGENT-COORDINATION-ARCHIVE-20260707.md,11262,2026-07-07,attention-dkv,dkv LSE/Drow stage prefetch,s8192,PROMOTED,s8192 -55..-64us (3 clean pairs both orders); s4096/small neutral; +1KB smem,landed; closes 0150Z claim
results/AGENT-COORDINATION-ARCHIVE-20260707.md,11278,2026-07-07,qwen,qwen4b-l2 post-head-dX R4 knob resweep retry @5f566dc,qwen4b-l2,NO-GO,COLD_CAP0 +8.40/+37.95us; nmajor-off +94.51/+67.78us; dqRS-on -1.31/+2.46us noise; n256-TMA-off +868.61/+828.56us 0/16,keep all tested defaults; profile 11873.1us
results/AGENT-COORDINATION-ARCHIVE-20260707.md,11295,2026-07-07,qwen,qwen4b-l2 resweep retry (second close),qwen4b-l2,DUPLICATE,same verdicts; route n_instr=78 n256=27 tma=18,duplicate close of retry job
results/AGENT-COORDINATION-ARCHIVE-20260707.md,11307,2026-07-07,tma-smem,s2048 D64 TMA current-head gate (second close),s2048,DUPLICATE,forced-on -16.34us 80/80; -8.40us 74/80,duplicate of 11187 close
results/AGENT-COORDINATION-ARCHIVE-20260707.md,11352,2026-07-07,attention,MK_ATTN_DS_QUAD_STORE dS quad store,s8192/s4096/small,NO-GO,s8192 +924.88/+912.14us 0/24; s4096 +254.53/+240.90us 0/40; small +236.37/+229.57us 0/40,correctness clean; stack growth; keep bf162 stores
results/AGENT-COORDINATION-ARCHIVE-20260707.md,11382,2026-07-07,measurement,certified scoreboard refresh @9550a7b,multi,MEASUREMENT,deep 1.34 nano 1.42 s256 1.48 s128 1.51 s1024 1.63 small 1.71 s2048 1.77 s3072 1.81 s4096 1.92 s8192 2.13,gap monotone in S from s2048; mk s8192 6733us
results/AGENT-COORDINATION-ARCHIVE-20260707.md,11407,2026-07-07,executor,producer-df df-shell decomposition,nano/small,NO-GO,named-bar 0; 240-ceiling +11/+8us; parked-WG2 residency ~+34us nano 0/40; small +137..+157us x3,LAW: added warpgroups tax step via warp-slot dilution; 256thr/255reg is Pareto point
results/AGENT-COORDINATION-ARCHIVE-20260707.md,11450,2026-07-07,tma-smem,s2048 D64 TMA shared landing,s2048,PROMOTED,commit 010070a ancestor of 589ee3d; D64 ring TMA S in 2048/3072/4096/8192,widening survived producer-df integration
results/AGENT-COORDINATION-ARCHIVE-20260707.md,11476,2026-07-07,tma-smem,s2048 D64 TMA integrated-head validation @589ee3d,s2048,PROMOTED,forced-old +4.14us (24/80 old wins); +8.58us (6/80),keep S2048 in D64 TMA default set
results/AGENT-COORDINATION-ARCHIVE-20260707.md,11487,unknown,executor,producer-df pdf executor + _PDF_MODE landing 589ee3d,qwen/s3072/s8192,PROMOTED,qwen-l1 -1056..-1133us 12/12; l2 -1370..-1511us 12/12; s3072 -21us 40/40; s8192 -165us 16/16; small +145us 0/40 stays df,defaults change only at qwen-l1/l2/s3072/s8192; bit-identical elsewhere
results/AGENT-COORDINATION-ARCHIVE-20260707.md,11515,2026-07-07,qwen,pre-pdf qwen score anchor @81d8222,qwen4b-l1/l2,MEASUREMENT,l1 8942.43 vs 7200.90us (1.242x); l2 12067.87 vs 8680.19us (1.390x),classified pre-pdf baseline only
results/AGENT-COORDINATION-ARCHIVE-20260707.md,11574,2026-07-07,attention,post-lsepre attention band R4 retune,s4096/s8192,NO-GO,s4096 T24 +66/+67 T32 +52/+52 off +138/+148us all 0/40; s8192 rejects T32/T48/off; lpt -11.68/-17.02us 22/24&23/24,LPT flagged as post-pdf recheck candidate
results/AGENT-COORDINATION-ARCHIVE-20260707.md,11600,2026-07-07,scheduling,s8192 attention band LPT post-pdf recheck,s8192,FLIP-PROMOTED,-16.19us 32/32; -19.79us 32/32,supersedes pre-pdf classification; justifies promotion
results/AGENT-COORDINATION-ARCHIVE-20260707.md,11634,2026-07-07,scheduling,s8192 LPT promotion 081adbe validation,s8192,PROMOTED,forced-old dq_first +19.71us (4/32); +11.60us (6/32),branch validated; landing waits on clean shared model.py
results/AGENT-COORDINATION-ARCHIVE-20260707.md,11710,unknown,executor,post-landing shared-tree smoke,qwen4b-l1,MEASUREMENT,7930.3us median no-env vs pre-landing df ~9.0-9.2ms; loss 12.60872 exact,pdf ext auto-selected; lane released
results/AGENT-COORDINATION-ARCHIVE-20260707.md,11720,2026-07-07,qwen,qwen l2 post-head-dX resweep + l1 dq-RS recheck,qwen4b-l1/l2,MEASUREMENT,l2: nmajor keep +63.2/+114.0; dqRS keep +94.0/+78.5; TMA keep +833.2/+801.7 0/16; COLD_CAP0 flip -108.9/-49.7 11/16; profile 11655.8us; l1: dqRS stays +64.9/+68.9; nmajor +51.8/+48.8; profile 8754.9us,cold-cap flip later reversed under pdf; L1/L2 dq-RS asymmetry real
results/AGENT-COORDINATION-ARCHIVE-20260707.md,11749,2026-07-07,lm-head,NT lm-head producer-feed audit @589ee3d,qwen4b-l1,NOTE,lm-head fwd GEMMNT 1024x151936x2560 excluded from n256 TMA via flags; no NT B [N;K] tmap,recommends default-off exact-qwen NT TMA probe with cp.async vocab-tail fallback
results/AGENT-COORDINATION-ARCHIVE-20260707.md,11761,2026-07-07,qwen,qwen l2 cold-cap-0 post-pdf recheck,qwen4b-l2,NO-GO,+17.14us (8/16); +4.93us (5/16); was -108.9/-49.7 pre-pdf,resweep law at commit time; l2 ~11.05-11.09ms under pdf; stashed edit discarded
results/AGENT-COORDINATION-ARCHIVE-20260707.md,11775,2026-07-07,executor,d64 pdf producer-feed probe (peer observation),s3072/s8192,MEASUREMENT,s3072 -18.16/-22.51us 40/40 both; s8192 +111.94/+67.98us 0/24&1/24,shape-split; only exact S3072 is a candidate
results/AGENT-COORDINATION-ARCHIVE-20260707.md,11850,2026-07-07,tma-smem,D64 TMA gate widened to S2048 (session 2853e0de),s2048,PROMOTED,-23.6us 3/3 both orders; s1024/small/nano exclusions upheld,mechanism: fence amortizes at K=S>=2048
results/AGENT-COORDINATION-ARCHIVE-20260707.md,11853,2026-07-07,executor,d64 pdf producer-feed probe close 8c4fd32,s3072/s8192,MEASUREMENT,s3072 2395.95->2377.79us -18.16 40/40 and -22.51 40/40; s8192 +111.94us 0/24 and +67.98us 1/24,no global enable; S3072-only gate is next promotion
results/AGENT-COORDINATION-ARCHIVE-20260707.md,11871,2026-07-07,scheduling,s8192 attention band LPT landing,s8192,PROMOTED,cherry-picked 081adbe as 6f5922b; forced-old +19.71/+11.60us,post-pdf LPT default landed
results/AGENT-COORDINATION-ARCHIVE-20260707.md,11906,2026-07-07,executor,s3072-only D64 pdf feed gate 4a00936,s3072,PROMOTED,forced-old +19.54/+22.93us; old wins 1/48 both orders; parity worst_grad_rel<=0.006289,S8192 guard stays off
results/AGENT-COORDINATION-ARCHIVE-20260707.md,11916,2026-07-07,executor,s3072 D64 pdf feed shared landing,s3072,PROMOTED,landed as patch-equivalent b5c4fa8 + 79aa567; diff vs 4a00936 empty,shared code matches validated branch
results/AGENT-COORDINATION-ARCHIVE-20260707.md,11925,2026-07-07,measurement,mk-scoreboard-589ee3d stale partial log,multi,INVALID,route-only output through S4096 header; no timing; no JOB DONE,do not use as certification evidence
results/AGENT-COORDINATION-ARCHIVE-20260707.md,11934,2026-07-07,executor,s3072 D64 pdf feed landing (second post),s3072,DUPLICATE,default-first 2370.72 vs 2390.26us; variant-first 2371.26 vs 2394.19us; _pd64f REG:168 STACK:176,duplicate landing record with res-usage
results/AGENT-COORDINATION-ARCHIVE-20260707.md,12001,2026-07-07,lm-head,qwen lm-head NT TMA feed 62a0bcc,qwen4b-l1,PROMOTED,landed 6dc7dcb; forced-old +65.78us (4/48); +79.31us (4/48); parity worst_grad_rel=0.001572,qwen4b-l2 stays off after mixed local evidence
results/AGENT-COORDINATION-ARCHIVE-20260707.md,12052,2026-07-07,measurement,full certification @c12d6a6,multi,MEASUREMENT,nano 903.4 (1.44x); small 3248.6 (1.71x); deep 2341.9 (1.32x); s2048 1821.1 (1.74x); s3072 2401.6 (1.79x); s4096 3031.9 (1.93x); s8192 6741.7 (2.15x),26h promotion burst carries no uniform tax; all shapes best-ever
results/AGENT-COORDINATION-ARCHIVE-20260707.md,12090,2026-07-07,measurement,targeted score re-anchor @6f5922b (partial),nano/small/s1024/s2048,MEASUREMENT,nano 904.1/631.0; small 3247.7/1903.1; s1024 1277.6/780.2; s2048 1838.3/1049.2us,four-shape spot re-anchor; deep missed
results/AGENT-COORDINATION-ARCHIVE-20260707.md,12100,2026-07-07,measurement,baseline CE-bf16 hardening arms (peer observation),qwen2/s8192/small,MEASUREMENT,qwen2 +47.74us loss +1.88e-02; s8192 -52.80us (-1.66%) loss -3.17e-03; small +148.02us (+8.35%),no equivalent cheap CE hardening found
results/AGENT-COORDINATION-ARCHIVE-20260707.md,12119,2026-07-07,measurement,certified re-anchor @6f5922b,nano/small/s1024/s2048,MEASUREMENT,nano 1.433x; small 1.707x; s1024 1.638x; s2048 1.752x,vs Jul-5 matrix all improved
results/AGENT-COORDINATION-ARCHIVE-20260707.md,12126,2026-07-07,measurement,baseline CE hardening lane close,qwen-l1/qwen2/s8192/small,NO-GO,ce-bf16 -1.7% s8192 / +0.6% qwen2 / +8.4% small with 1.5e-02-class loss shifts; ce-chunk capture-unsafe; denominators qwen-l1 7236.66 qwen2 8628.48 s8192 3179.63 small 1772.00us,fp32-CE baseline RE-CERTIFIED honest; gaps qwen-l1 1.22x qwen2 1.28x
results/AGENT-COORDINATION-ARCHIVE-20260707.md,12173,2026-07-07,executor,df2-at-qwen-class scope probe,qwen4b-l1/l2,NO-GO,df2 vs pdf +772/+1260us 0/12 both shapes; df2-df at l2 -381/-252us sign-cross,reopen closed per pre-registered rule; pdf+gates port motivation ~300us at l2
results/AGENT-COORDINATION-ARCHIVE-20260707.md,12183,2026-07-07,attention,MK_ATTN_EXP2_PREBIAS global probe 53f95cd,s8192/s4096/small,NO-GO,s8192 +58.10/+43.38us 0/24&1/24; small +7.65/+1.17us; s4096 -3.47/-14.40us 35/40&40/40,no global promotion; S4096 positive (later exact gate); REG stays 255
results/AGENT-COORDINATION-ARCHIVE-20260707.md,12248,2026-07-07,scheduling,hot-embed broad non-qwen guard 9bacf9f,multi,NO-GO,max regression +6.72us s128 and +5.60us s1024; opposite-order wins; no large regression,rejects global hot-embed; supports exact qwen4b-l2 default
results/AGENT-COORDINATION-ARCHIVE-20260707.md,12310,2026-07-07,scheduling,MK_HOT_EMBED_BWD qwen-l2 default ff78aba,qwen4b-l2,PROMOTED,qwen-l2 -169.66/-136.85us 17/24&18/24; forced-cold penalty +292.69us (3/32) / +134.46us (7/32),fast-forwarded 165127f->ff78aba; guard shapes unchanged
results/AGENT-COORDINATION-ARCHIVE-20260707.md,12339,2026-07-07,qwen,qwen current-head refresh @ff78aba,qwen4b-l1/l2,MEASUREMENT,l1 8028.42 vs 7261.79us (1.106x); l2 10736.19 vs 8745.22us (1.228x); l2 wait 1382.5us,EMBED_BWD wait no longer main item; GEMMTN 6144x2560x1024 wait 845.9us exposed
results/AGENT-COORDINATION-ARCHIVE-20260707.md,12430,2026-07-07,executor,qwen pdf+gates prototype cc5fff2,qwen4b-l2,NO-GO,full gates +51.54/-41.82us at 24 reps; embed-only +31.92/-50.02us 48rep; +37.73/+0.00us 200rep,profile-only wins real but full-step wait moved to GEMMTN 6144x2560x1024; no landing
results/AGENT-COORDINATION-ARCHIVE-20260707.md,12509,2026-07-07,attention-fwd,fwd stage ablation,s8192,MEASUREMENT,fwd ALU 42.6% exp-dominated; ~220-320us/step at s8192; dkv/dq 70% ALU+sync with 2.5x wait amplification,lever = producer-warp softmax offload; DCE law correction (accumulator-dead wgmma narrows)
results/AGENT-COORDINATION-ARCHIVE-20260707.md,12519,2026-07-07,measurement,small profile @c12d6a6,small,MEASUREMENT,flat: RMSNORM_BWD_DX 278.1 / wd-dX 273.5 / SWIGLU_BWD_4W 265.9 / DKV 259.9 / FWD 258.8us; 145 hops 86% span,small is chain-depth-bound; claims partials-fed RMSNORM lane
results/AGENT-COORDINATION-ARCHIVE-20260707.md,12536,2026-07-07,measurement,deep re-anchor + s3072 band recheck,deep/s3072,MEASUREMENT,deep 2356.7/1769.2 = 1.332x (was 1.508 Jul-5); s3072 MK_ATTN_BAND=20 noise -3.1 28/40,T16 stands; deep closest shape to parity
results/AGENT-COORDINATION-ARCHIVE-20260707.md,12545,2026-07-07,attention,s3072/s4096 stale-gate resweep,s3072/s4096,NO-GO,fwd-band s3072 +13.3 1/40; s4096 +24.8 2/40; bwd T32/T26 s4096 +57/+63 0/80; qkbwd split-V s3072 +3.5 6/40,all five cells confirm defaults; long-S gap is op-cost
results/AGENT-COORDINATION-ARCHIVE-20260707.md,12554,2026-07-07,measurement,long-S re-anchor,s3072/s4096/s8192,MEASUREMENT,s3072 2362.0/1335.7 = 1.768x; s4096 3039.6/1586.7 = 1.916x; s8192 6608.2/3165.2 = 2.088x,full Jul-7 gauntlet: every shape improved vs Jul-5
results/AGENT-COORDINATION-ARCHIVE-20260707.md,12574,2026-07-07,attention,S4096 exp2-prebias gate d798479,s4096,PROMOTED,forced-old +8.46us default-first / +3.10us variant-first at 500 reps; route guards clean,landed on shared head preserving ff78aba
results/AGENT-COORDINATION-ARCHIVE-20260707.md,12610,2026-07-07,scheduling,MK_HOT_QWEN_WQKV_DW hot leaf,qwen4b-l2,NO-GO,200rep +47.86us default-first / -24.58us variant-first mixed,exposes cold #64 WGU dW ~1537us wait; WGU-only knob wins -216.38/-203.01us locally
results/AGENT-COORDINATION-ARCHIVE-20260707.md,12649,2026-07-07,scheduling,qwen l2 WGU dW hot leaf 2e56bfb,qwen4b-l2,PROMOTED,remote isolated 500rep forced-cold +133.01/+158.11us; post-cherry +135.95/+29.98us at 120 reps,landed on d798479; l1 guard stays cold
results/AGENT-COORDINATION-ARCHIVE-20260707.md,12665,2026-07-07,qwen,qwen l2 post-WGU reprofile @2e56bfb,qwen4b-l2,MEASUREMENT,step 11479.6us; wait 930.7; lm-head fwd 2511.3; dX 2426.4; ATTN_DQ 756.6; WGU dX 691.4us,next probe = lm-head NT TMA recheck
results/AGENT-COORDINATION-ARCHIVE-20260707.md,12704,2026-07-07,lm-head,qwen l2 NT TMA default candidate 6e66893,qwen4b-l2,NO-GO,forced-old +41.97us default-first / -4.21us variant-first,failed both-order promotion gate; branch kept for reference
results/AGENT-COORDINATION-ARCHIVE-20260707.md,12726,2026-07-07,attention,post-prebias S4096 band resweep,s4096,NO-GO,T26 +66.86/+55.63us 0/40; T32 +55.89/+53.28us 0/40; fwd20 +23.06/+19.65us; fwd24 +13.36/+2.88us 20/40 reverse,keep bwd T29 fwd T22; remaining gap is operator-cost
results/AGENT-COORDINATION-ARCHIVE-20260707.md,12808,2026-07-07,executor,exact S4096 pdf+d64feed gate b62c175,s4096,PROMOTED,remote isolated 500rep forced-old df +5.74/+1.65us; local 160rep +8.34/+7.25us; landed 9d61fa1,narrow margin; gate stays exact S4096 only
results/AGENT-COORDINATION-ARCHIVE-20260707.md,12824,2026-07-07,rowop,partials-fed RMSNORM_BWD_DX,small/s4096,NO-GO,small +6/+8us; s4096 +1/+7us,laws: cache-state-weighted fusion arithmetic; flag-gated accumulators spill even when OFF
results/AGENT-COORDINATION-ARCHIVE-20260707.md,12831,2026-07-07,measurement,LD spill gate @4e82bf5,small,MEASUREMENT,small 2906 sectors exact; STACK 48,PASS
results/AGENT-COORDINATION-ARCHIVE-20260707.md,12845,2026-07-07,measurement,S4096 post-pdfd64 profile @9d61fa1,s4096,MEASUREMENT,total 3058.1us; wait 763.1us (25%); ATTN_DQ_WG 535.2 wait + 216.8 span; DKV off-path 880.4us,pdf+d64feed improves total 3075.2->3058.1 but regime unchanged
results/AGENT-COORDINATION-ARCHIVE-20260707.md,12866,2026-07-07,attention,S4096 attention chunk recheck,s4096,NO-GO,DKV2/DQ1 -3.97/+4.45us mixed; 1/2 neutral -0.02/-0.10; 2/2 failed 160rep -3.22/+1.22us,keep DKV_C=1 DQ_C=1; needs body/offload mechanism
results/AGENT-COORDINATION-ARCHIVE-20260707.md,12877,2026-07-07,qwen,qwen re-anchor,qwen4b-l1/l2,MEASUREMENT,l1 8022.0/7189.0 = 1.116x; l2 10673.7/8681.8 = 1.229x (Jul-5: 4.046/4.085),giant-vocab class closed ~4x -> ~1.1-1.2x via multi-session arc
results/AGENT-COORDINATION-ARCHIVE-20260707.md,12885,2026-07-07,gemm-dx,pipe_probe longdx deep-stage refresh @4e82bf5,s8192/small,NO-GO,s8192 lm dX 187.8->177.1us; s8192 mlp dX 44.8->42.6us; small mlp dX 42.6->41.2us standalone,needs high smem; prior whole-model smem208 controls negative
results/AGENT-COORDINATION-ARCHIVE-20260707.md,12942,2026-07-07,executor,s2048 pdf+d64feed gate 413b4a2,s2048,PROMOTED,remote isolated 500rep forced-old df +21.55us (1/500) / +28.83us (0/500); _pd64f REG:168 STACK:160,landed d4758a3
results/AGENT-COORDINATION-ARCHIVE-20260707.md,12966,2026-07-07,executor,pdf chain-canary boundary,deep/nano/s1024,NO-GO,deep +76.32/+92.06us 0/80; nano +37.41/+34.10us 0/80; s1024 -9.57/-1.65us 136/240 not promotion-grade,keep off _PDF_MODE; long-S pdf wins are feed/exposure wins not shell wins
results/AGENT-COORDINATION-ARCHIVE-20260707.md,12983,2026-07-07,measurement,s2048 post-pdfd64 profile @d4758a3,s2048,MEASUREMENT,total 1784.6us; wait 351.6us (19.7%); ATTN_DQ_WG 276.8us top; DKV off-path 464.7us,residual is attention body/protocol composition
results/AGENT-COORDINATION-ARCHIVE-20260707.md,12994,2026-07-07,attention-dkv,MK_ATTN_DKV_ROW_BCAST stale knob,s4096,NOTE,knob only changes extension suffix; no kernel conditional after LSE/Drow prefetch rewrite,do not run timing from this knob; compile-cache no-op
results/AGENT-COORDINATION-ARCHIVE-20260707.md,13020,2026-07-07,attention-dq,s4096 dq scalar store gate,s4096,PROMOTED,float2-off won -10.51us (153/160) / -2.67us (119/160); promoted vs forced-old +6.10 (24/160) / +12.83us (3/160); landed 9308554,DKV float2-atomic-off no-go; DKV direct-atomic-off decisive no-go +97us
results/AGENT-COORDINATION-ARCHIVE-20260707.md,13034,2026-07-07,scheduling,post-burst knob resweep 20 arms,multi,NO-GO,20 arms across idle/band-T/cold-cap at 4 shapes; zero flips; band tables at sharp optima,defaults upheld; knob space closed until next pdf phase
results/AGENT-COORDINATION-ARCHIVE-20260707.md,13039,2026-07-07,measurement,deep-L12 profile @58ce2a6,deep,MEASUREMENT,213 chain hops ~11us/hop; 24% wait; no op-level bucket (top 250us across 12 instrs),shape diagnostic map complete; deep = chain-machinery canary
results/AGENT-COORDINATION-ARCHIVE-20260707.md,13055,2026-07-07,measurement,s4096 post-dqscalar profile @9308554,s4096,MEASUREMENT,total 3033.6us; ATTN_DQ_WG 529.8 wait + 207.3 span = 737.1us; DKV off-path 865.0us,next work = attention body/protocol not epilogue/chunk knobs
results/AGENT-COORDINATION-ARCHIVE-20260707.md,13097,2026-07-07,attention-dq,MK_ATTN_DQ_RS_FEED d64 dq register-A dS feed,s4096,PROMOTED,-34.45us (160/160) / -29.22us (160/160); promoted vs forced-old +31.30/+34.74us (0/160); route 189 unchanged,landed ed49255; exact S4096 gate
results/AGENT-COORDINATION-ARCHIVE-20260707.md,13138,2026-07-07,attention-dq,d64 dq register-feed widen,s8192/s3072,PROMOTED,s8192 -57.41 (80/80) / -66.29us (80/80); forced-old +62.42/+51.84us; s3072 held off (-3.25us 117/160),landed 15ad2c9; S3072 too weak/order-sensitive
results/AGENT-COORDINATION-ARCHIVE-20260707.md,13162,2026-07-07,measurement,s8192 post-rsfeed profile @15ad2c9,s8192,MEASUREMENT,total 6582.3us; wait 2127.6us (32.3%); ATTN_DQ_WG 1869.4 wait + 389.5 span = 2258.9us; FWD 1033.7us,next lane = dq producer/wait protocol or softmax offload
results/AGENT-COORDINATION-ARCHIVE-20260707.md,13190,2026-07-07,measurement,s8192 df attribution @9308554,s8192,MEASUREMENT,ATTN_DQ_WG 2035.3 wait + 427.2 span = 2462.5us on-path; ATTN_FWD 1071.0us span-bound; attention pair ~3.5ms of ~6.6ms,wait moved from dKV to dQ; feeds softmax-offload phase
results/AGENT-COORDINATION-ARCHIVE-20260707.md,13216,2026-07-07,attention-dq,s2048 dq register-feed boundary,s2048,NO-GO,-8.16us (145/160) / -2.13us (86/160),not promotion-grade; keep S2048 off the default
results/AGENT-COORDINATION-ARCHIVE-20260707.md,13232,2026-07-07,measurement,s4096 post-rsfeed profile @ed49255,s4096,MEASUREMENT,total 2998.8us; ATTN_DKV_WG 472.7 wait + 232.0 span = 704.7us new critical bucket; dq off-path 883.9us,next = D64 dKV body/protocol
results/AGENT-COORDINATION-ARCHIVE-20260707.md,13259,2026-07-07,attention-dkv,MK_ATTN_DKV_P_RS_FEED P-only shortcut,s4096,NO-GO,compile fail: CUTE assert Register source operand A must have K-major layout,P^T cannot feed from q-major fragment; needs S^T/P^T K-major reorientation
results/AGENT-COORDINATION-ARCHIVE-20260707.md,13294,2026-07-07,attention-dkv,MK_ATTN_DKV_ST_RS_FEED S^T register feed,s4096,NO-GO,+28.37us (0/40) / +37.97us (1/40); route 189/189; parity clean,correct but slower; resource unchanged; rejection is timing
results/AGENT-COORDINATION-ARCHIVE-20260707.md,13310,2026-07-07,attention,post-dq-feed band resweep,s8192/s4096,NO-GO,s8192 T36/T44 +180/+149us 0/32; dq_first +29us 1/16; s4096 T32/T26 +47/+60us 0/80,defaults robust; arms s8192 ~6490 (~2.05x) s4096 ~2962 (~1.87x)
results/AGENT-COORDINATION-ARCHIVE-20260707.md,13318,2026-07-07,attention-dkv,dKV S^T register feed (second close),s4096,DUPLICATE,+28.37us (0/40) / +37.97us (1/40),duplicate close of 13294
results/AGENT-COORDINATION-ARCHIVE-20260707.md,13337,2026-07-07,measurement,s8192 post-rsfeed profile refresh (0534),s8192,MEASUREMENT,total 6658.0us; ATTN_DQ_WG 2297.6us; off-path DKV 3052.4us,read unchanged after dKV S^T no-go
results/AGENT-COORDINATION-ARCHIVE-20260707.md,13349,2026-07-07,measurement,s8192 post-rsfeed profile (second close),s8192,DUPLICATE,total 6658.0us; dq 2297.6us; FWD 1049.8us,duplicate close of same profile log
results/AGENT-COORDINATION-ARCHIVE-20260707.md,13389,2026-07-07,attention,s8192 exp2-prebias stale-gate recheck,s8192,FLIP-PROMOTED,recheck -45.42/-63.71us (40/40); 160rep -50.14/-63.55us; forced-old +63.52us (5/160) / +51.66us (2/160),flip after dq register-feed landing; landed 3201232
results/AGENT-COORDINATION-ARCHIVE-20260707.md,13417,2026-07-07,measurement,LD spill gate @15ad2c9,small,MEASUREMENT,small 2906 exact; STACK 48,PASS
results/AGENT-COORDINATION-ARCHIVE-20260707.md,13435,2026-07-07,attention,s8192 exp2-prebias landing (second post),s8192,DUPLICATE,landed commit 3201232; S4096/S8192 default-on,duplicate landing record
results/AGENT-COORDINATION-ARCHIVE-20260707.md,13445,2026-07-07,measurement,s8192 post-prebias profile @3201232,s8192,MEASUREMENT,total 6524.5us; ATTN_DQ_WG 2213.6us; FWD 1025.8us,prebias removed ~50-60us; dq wait/protocol still dominates
results/AGENT-COORDINATION-ARCHIVE-20260707.md,13464,2026-07-07,measurement,s8192 critical-path edge dump @3201232,s8192,MEASUREMENT,4 dQ waits follow GEMMNN 8192x256x256; 461-464us wait + 95-97us span on ATTN_DQ_WG C=4 off=60 tail band,LPT emits DKV bands before DQ; suggests dq tie-break probe
results/AGENT-COORDINATION-ARCHIVE-20260707.md,13495,2026-07-07,attention,s2048/s3072 exp2-prebias revalidation,s2048/s3072,NO-GO,s2048 +5.60us (12/40) / +2.03us (14/40); s3072 -2.43us (25/40) / +6.24us (10/40),keep default-off; only S4096/S8192 default-on
results/AGENT-COORDINATION-ARCHIVE-20260707.md,13513,2026-07-07,scheduling,s8192 band dq tie-break probe,s8192,NO-GO,lpt_tail_dq_tie +17.65/+3.30us; lpt_dq_tie +44.13/+39.41us; route shape unchanged,do not promote same-stage dq tie-break ordering
results/AGENT-COORDINATION-ARCHIVE-20260707.md,13540,2026-07-07,measurement,s3072 current profile @3201232,s3072,MEASUREMENT,total 2367.4us; wait 506.0us (21.4%); ATTN_DQ_WG 495.8us; FWD 190.1us,dq-wait dominated but small absolute
results/AGENT-COORDINATION-ARCHIVE-20260707.md,13580,2026-07-07,scheduling,qkv v-bwd kv-slot dependency gate,s3072/s8192,PROMOTED,s8192 -26.70 (159/160) / -36.53us (160/160); s3072 -12.53/-16.10us; forced-old s3072 +21.78/+13.23 s8192 +33.25/+29.74us; s4096 mixed stays off,landed 6b137f5; drops DQ deps for V pass-through
results/AGENT-COORDINATION-ARCHIVE-20260707.md,13601,2026-07-07,measurement,s3072 critical-path edge dump @3201232,s3072,MEASUREMENT,4 dq waits follow GEMMNN 3072x256x256; 72-74us wait + 50-51us span each,no standalone retune justified; carry future fix from S8192 win
results/AGENT-COORDINATION-ARCHIVE-20260707.md,13641,2026-07-07,lm-head,qwen MK_HEAD_DX_SKR=2 n128 split,qwen4b-l1/l2,NO-GO,l1 +1160.78/+1142.38us 0/24; l2 +1314.50/+1185.17us 0/12,replaces 80-tile n256/TMA row with 320 n128 tiles + 640-tile SKR_REDUCE; keep qwen off _HEAD_DX_SKR
results/AGENT-COORDINATION-ARCHIVE-20260707.md,13666,2026-07-07,measurement,s8192 post-qkvslot profile @6b137f5,s8192,MEASUREMENT,total 6639.8us; ATTN_DQ_WG 1928.2 wait + 402.6 span = 2330.8us,still dq wait/protocol dominated
results/AGENT-COORDINATION-ARCHIVE-20260707.md,13696,2026-07-07,attention-dq,s8192 dq row-region gate probe,s8192,NO-GO,-0.66us (18/40) / -5.14us (22/40); confirm -0.93 (93/160) / -4.46us (119/160),n_gated 63->79 as intended but too weak/order-sensitive
results/AGENT-COORDINATION-ARCHIVE-20260707.md,13716,2026-07-07,qwen,qwen lm-head fwd row re-anchor @6b137f5,qwen4b-l1/l2,MEASUREMENT,l1 7785.3us (fwd 2444.5; dX 1644.2; wait 507.6); l2 10269.4us (fwd 2479.6; dX 1668.2),lm-head NT fwd remains top qwen body/protocol target
results/AGENT-COORDINATION-ARCHIVE-20260707.md,13801,2026-07-07,lm-head,qwen lm-head CE partial isolation probe,qwen4b-l1/l2,NO-GO,forced-off l1 +589.70/+574.62us 0/24; l2 +464.37/+728.40us 0/12,keep CE/LSE partials on; bit11 removal rejected; no n128 fallback occurred
results/AGENT-COORDINATION-ARCHIVE-20260707.md,13831,2026-07-07,lm-head,qwen head-dX n256-SKR prototype,qwen4b-l1/l2,NO-GO,l1 sk2 +33.73us (4/16) / +25.71us (1/16); sk3 +149.90us; sk4 +753.74us; l2 sk2 +113.41us (1/12),n256/TMA preserved but split-K still loses; keep direct n256 route
results/AGENT-COORDINATION-ARCHIVE-20260707.md,13894,unknown,lm-head,qwen NT fwd standalone ladder (e5225c66),qwen4b-l1,MEASUREMENT,in-model 2444.5us/326TF; fat-tile-224 2260/352; ST-S3 supertile 256x128 1695.4us/470TF; nvjet 1061.6us/750TF,supertile = missing rung; reg budget fits pdf 240; STX-R2 parity-fails at N=151936
results/AGENT-COORDINATION-ARCHIVE-20260707.md,13911,2026-07-07,attention-dq,s8192 dq fp32-P pack 1e9fe15,s8192,PROMOTED,prototype -63.38/-66.75us (80/80); forced-old +65.23/+64.77us (2/80); s4096 boundary -1.17us neutral,removes bf16(P)->fp32(P) round on RS-feed path; exact S8192 gate
results/AGENT-COORDINATION-ARCHIVE-20260707.md,13975,2026-07-07,lm-head,qwen NT 256x128 supertile port,qwen4b-l1,NO-GO,elected TMA +212.40us 0/4; n-fast +266.90us 0/8; producer feed +97.46us 3/12; +37.42us 4/12; pf n-fast +100.08us 0/8,standalone ladder advantage does not carry into integrated step
results/AGENT-COORDINATION-ARCHIVE-20260707.md,13988,2026-07-07,measurement,s8192 post-dqfp32p profile @1e9fe15,s8192,MEASUREMENT,total 6475.0us; ATTN_DQ_WG 1784.0 wait + 357.5 span = 2141.5us,fp32-P cut dq body cost; structural dq wait pattern unchanged
results/AGENT-COORDINATION-ARCHIVE-20260707.md,14003,2026-07-07,lm-head,qwen NT supertile feasibility lane,qwen4b-l1,SUPERSEDED,none,duplicate ownership; yielded to 064501Z supertile port claim
results/AGENT-COORDINATION-ARCHIVE-20260707.md,14017,2026-07-07,attention-dq,s8192 dq residual protocol audit @1e9fe15,s8192,CLOSED-BY-ANALYSIS,4 dq tail edges 441-443us wait + 88-89us span each,tie-breaks/row-gates/micro-tweaks/w128/pipeline all covered; needs larger ping-pong/rendezvous design
results/AGENT-COORDINATION-ARCHIVE-20260707.md,14035,2026-07-07,attention-fwd,s8192 attention-fwd span audit @1e9fe15,s8192,CLOSED-BY-ANALYSIS,ATTN_FWD 22.3us wait + 1028.8us span,fwd-band T64 survived retune; FA4-B w128 port absorbed/no-go; do not duplicate
results/AGENT-COORDINATION-ARCHIVE-20260707.md,14050,2026-07-07,attention-dq,s3072 dq fp32-P boundary resweep,s3072,PARKED,default-first -7.44us 39/40 parity clean; reverse-order runs stalled/empty,do not promote from one order; rerun variant_first on quiet GPU
results/AGENT-COORDINATION-ARCHIVE-20260707.md,14075,2026-07-07,scheduling,MK_COLD_RELEASE_TAIL phase-adaptive cold-cap,qwen4b-l2,NO-GO,K=16 -195.4/+97.5us order-split; K=24 +158.8/-50.2us; wait 1046.5->542.7us but span +285us,mechanism CONFIRMED; landed default-off instrument 7eff670; residual join wait is dependency-structural
results/AGENT-COORDINATION-ARCHIVE-20260707.md,14090,2026-07-07,measurement,certified long-S re-anchor @1e9fe15,s2048/s4096/s8192,MEASUREMENT,s2048 1818.8/1043.0 = 1.744x; s4096 2982.8/1588.4 = 1.878x; s8192 6331.6/3163.5 = 2.001x,dq-feed/prebias/p-pack cluster bought ~-277us; s8192 at 2x line
results/AGENT-COORDINATION-ARCHIVE-20260707.md,14163,2026-07-07,attention-dq,s8192 dq ping-pong design audit @063a9dd,s8192,CLOSED-BY-ANALYSIS,wt-dqpipe: +42.9/+29.5us and +32.5/+29.4us; off-path dq span 2708.8->2794.0us,do not reopen in-place dq ping-pong; need ALU-stage attack or true producer/consumer topology
results/AGENT-COORDINATION-ARCHIVE-20260707.md,14217,2026-07-07,attention-dq,s3072 dq fp32-P clean reverse rerun @063a9dd,s3072,MEASUREMENT,variant-first -10.29us 77/80; default-first -15.39us 80/80; parity clean,sufficient to open narrow source gate claim
results/AGENT-COORDINATION-ARCHIVE-20260707.md,14242,2026-07-07,attention-dq,s3072 dq fp32-P source gate,s3072,PROMOTED,forced-old +12.46us (3/40 old wins); test_model passed,committed 2a41f6a; default = exact S3072-or-S8192
results/AGENT-COORDINATION-ARCHIVE-20260707.md,14268,2026-07-07,measurement,post-pdf certification @6b137f5 + SKR R4,multi,MEASUREMENT,deep 1.32 nano 1.43 s128/s256 ~1.5 s1024 1.63 small 1.67 s2048 1.73 s3072 1.76 s4096 1.89 s8192 2.05; SKR=0 loses s3072 +124/+122 s4096 +116/+117us 0/40x2,s8192 mk 6733->6426us; SKR gates hold under pdf; s4096 penalty grew vs df
results/AGENT-COORDINATION-ARCHIVE-20260707.md,14306,2026-07-07,measurement,current-head long-S re-anchor @063a9dd,s2048/s4096/s8192,MEASUREMENT,s2048 1813.44/1055.68 = 1.718x; s4096 3008.96/1587.36 = 1.896x; s8192 6452.22/3177.31 = 2.031x,s8192 not confidently at/below 2x in this window
results/AGENT-COORDINATION-ARCHIVE-20260707.md,14315,2026-07-07,measurement,long-S re-anchor @063a9dd (second close),s2048/s4096/s8192,DUPLICATE,same scores; does not cover later 2a41f6a,duplicate close of same remote isolated job
results/AGENT-COORDINATION-ARCHIVE-20260707.md,14339,unknown,executor,e5225c66 release + region-vs-flatcap parting observation,small/nano/qwen,NOTE,small +134us net-of-ceiling with WG2 exited vs flat-cap +11us; qwen swings other way -405 vs +30,setmaxnreg REGION codegen differs from flat cap both directions; lane (c) should diff SASS first
results/AGENT-COORDINATION-ARCHIVE-20260707.md,14353,2026-07-07,measurement,LD spill gate @063a9dd,small,MEASUREMENT,small 2906 sectors,PASS baseline exact
results/AGENT-COORDINATION-ARCHIVE-20260707.md,14362,2026-07-07,executor,small-shell region-vs-flatcap SASS audit @2a41f6a,small/nano,SASS-PROOF,MK_DF_PRODUCER small +156.80us; named-barrier control neutral -1.41/+0.29us; region vs flatcap +720 instrs; +2 USETMAXREG; +34 LDL; +29 STL; same max reg R237,small-shell residual is codegen/body + 384-thread shell specific; not flat-ceiling/barrier-only
results/AGENT-COORDINATION-ARCHIVE-20260707.md,14401,2026-07-07,attention,s8192 attention producer-offload design spec,s8192,NOTE,Phase 0 inert flag; Phase 1 layout proof; Phase 2 feed-only dq/dkv; Phase 3 softmax/dS offload,64x64 attention smem layout must be proven vs CUtensorMap/TMA before WG2 feed
results/AGENT-COORDINATION-ARCHIVE-20260707.md,14463,2026-07-07,tma-smem,attention TMA layout feasibility audit,s8192,CLOSED-BY-ANALYSIS,GEMM SW128 TMA mismatched 504/512 8-column vector positions vs wga_off64 (K-major and MN-major),no SW128 analogue of descriptor-swap; revised branch = WG2 cp.async producer or standalone new-layout proof
results/AGENT-COORDINATION-ARCHIVE-20260707.md,14478,2026-07-07,measurement,FA4 concept map at-shape ground truth,multi,MEASUREMENT,FA4 bwd-main 389 TF/s @s8192 (236us/layer); 285 @s4096; 212 @s3072; 137 @s2048; 304 @qwen4b,flash ~450-550 TF/s claim is machine-filling artifact; s8192 ~1.9x op headroom of which ~1.4x = two-pass recompute
results/AGENT-COORDINATION-ARCHIVE-20260707.md,14503,2026-07-07,tma-smem,cp-reduce drain feasibility audit,s8192/s4096,NOTE,tensor-2D bulk-reduce attempt parity-blocked (fa4c-bulkreduce-round),plausible standalone P2; requires 1-D f32 bulk-group unit probe before D64 DQ C>1 drains; not DQ C==1 or DKV atomics
results/AGENT-COORDINATION-ARCHIVE-20260707.md,14548,2026-07-07,attention-dkv,D64 S/dP split-wait audit @2a41f6a,s8192/s4096,CLOSED-BY-ANALYSIS,waits retire commit batches not individual GMMA; mid-wga_mma64_x2 wait not a mechanism,DQ split-wait rejected first; legit probe = DKV-only MK_ATTN_DKV_SPLIT_WAIT
results/AGENT-COORDINATION-ARCHIVE-20260707.md,14631,2026-07-07,tma-smem,cp.reduce 1-D f32 unit probe @2a41f6a,unit,MEASUREMENT,16KB/32KB tiles; offsets; repeated add; atomic-baseline compare all max_err=0.000e+00 bad=0; SASS UBLKRED.G.S.ADD.F32.RN,correctness-only; unblocks D64 DQ C>1 bulk-reduce drain lane
results/AGENT-COORDINATION-ARCHIVE-20260707.md,14650,2026-07-07,measurement,all-long-S re-anchor @2a41f6a,s2048/s3072/s4096/s8192,MEASUREMENT,s2048 1814.05/1049.15 = 1.729x; s3072 2353.79/1331.68 = 1.768x; s4096 3023.78/1575.46 = 1.919x; s8192 6510.27/3221.06 = 2.021x,s8192 remains top structural frontier
results/AGENT-COORDINATION-ARCHIVE-20260707.md,14723,2026-07-07,executor,pdfg (pdf+gates) executor port,qwen4b-l2,NO-GO,paired vs pdf -24.5us (8/16) / +105.4us (5/16) wash; parity exact; racecheck identical to pdf control,archived on branch megakernel-pdfgates not landed; LAW: executor-regime wins do not compose across executors; l2 join wait unreachable by scheduling
results/AGENT-COORDINATION-ARCHIVE-20260707.md,14743,2026-07-07,gemm-fwd,s2048 qkrope-n128 routing promotion,s2048,PROMOTED,120rep -13.7us (119/120) / -11.1us (114/120); promoted-vs-forced-old +15.9 (3/120) / +16.3us (2/120),resweep-law flip after s2048 pdf-d64 feed; fwd-band20 and idle64 candidates died at 120 reps; landed on main
results/AGENT-COORDINATION-ARCHIVE-20260707.md,14757,2026-07-07,attention-dkv,MK_ATTN_DKV_SPLIT_WAIT source probe,s8192,NO-GO,clean remote isolated +1.18us (16/40) / -2.16us (31/40) order-mixed wash,local GPU A/B discarded (cp-reduce overlap); reopen only after one-pass/producer topology change
results/AGENT-COORDINATION-ARCHIVE-20260707.md,14799,2026-07-07,attention,s3072 bwd-band T20 promotion,s3072,FLIP-PROMOTED,-12.8/-5.4us (38/40; 32/40); forced-T16 loses both orders; T12 no-go +45us; s3072 certified 1.740x,resweep flip post-p-pack; LAW: band budgets couple to per-stage op cost
results/AGENT-COORDINATION-ARCHIVE-20260707.md,14807,2026-07-07,attention-dq,MK_ATTN_DQ_CP_REDUCE dq drain (codex),s8192,NO-GO-CORRECTNESS,test_ops bwd dqkv (wgmma) max_abs_err=1.311e+35; JOB_DONE rc=1; no timing,yields to b1d36305 MK_ATTN_DQ_BULK_RED owner for model debugging
results/AGENT-COORDINATION-ARCHIVE-20260707.md,14821,2026-07-07,gemm-dw,qwen lm dW exclusive anatomy decision,qwen4b-l2,MEASUREMENT,GEMMTN 151936x2560x1024 exclusive 2630.99us cp.async / 2683.14us TMA = 2.6x nvjet 1015.1us; ~700 GB/s ~27% DRAM peak,NOT a floor; TMA==cp.async so feed not limiter; dW-body lane opens ~1.6ms budget
results/AGENT-COORDINATION-ARCHIVE-20260707.md,14858,2026-07-07,gemm-dw,lm-dW anatomy sweep complete,qwen4b-l2,CLOSED-BY-ANALYSIS,stage3 banked (+1.26ms if removed); m-major/claim-quantum neutral; n128 worse; TMA==cp.async; 29.2us/tile vs ~13.5us floor over 90 waves,per-tile fixed costs on tiles>>blocks shape; m128-pair lane spec'd; LAW: measure sink exclusive gap before scheduling around it
results/AGENT-COORDINATION-ARCHIVE-20260707.md,14883,2026-07-07,tma-smem,cp-reduce multi-CTA collision diagnostic,unit,MEASUREMENT,chunks 2/4/8; strides 64/512; both wait forms; all max_err=0.000e+00 bad=0; rc=0,same-row multi-CTA 1-D f32 collision semantics clean; dq failure is integration bug not primitive
results/AGENT-COORDINATION-ARCHIVE-20260707.md,14916,2026-07-07,measurement,current-head long-S re-anchor @6da9267,s2048/s3072/s4096/s8192,MEASUREMENT,s2048 1800.86/1051.49 = 1.713x; s3072 2330.18/1332.19 = 1.749x; s4096 3035.81/1586.75 = 1.913x; s8192 6490.24/3130.46 = 2.073x,s8192 ratio increase vs 2a41f6a is baseline-arm movement not regression
results/AGENT-COORDINATION-ARCHIVE-20260707.md,14975,2026-07-07,tma-smem,tensor cp.reduce descriptor unit repro,unit,CLOSED-BY-ANALYSIS,fp32 SWIZZLE_NONE with L2_128B and L2_256B; 64x8 and 128x8 boxes; all max_err=0 bad=0; SASS UTMAREDG.2D.ADD + UTMACMDFLUSH,descriptor recipe not the blocker; next = replay old wga_off64/half-box layout and issue order
results/AGENT-COORDINATION-ARCHIVE-20260707.md,14993,2026-07-07,gemm-dw,m128-pair dW tile standalone probe,qwen4b-l2,REFUTED,m192n256 3-WG pair +8.1%/+2.4% slower than m128 control; literal m256 pair impossible (254-reg spill arm +378%),dW 2.6x re-decomposes: raw control 2055us => ~575us (~22%) interpreter/route tax + 2.0x steady-state mainloop (907 vs ~1840 GB/s)
results/AGENT-COORDINATION-ARCHIVE-20260707.md,15010,2026-07-07,measurement,long-S re-anchor @6da9267 (second close),s2048/s3072/s4096/s8192,DUPLICATE,same four scores,duplicate close of longs-reanchor-6da9267-0803
results/AGENT-COORDINATION-ARCHIVE-20260707.md,15060,2026-07-07,tma-smem,tensor cp.reduce attention-layout replay,unit,MEASUREMENT,compact stride-64 fp32 exact (max_err=0); padded Cs[row*68+col] bad=448/512 max_err 7.087e+05 for L2_128B and L2_256B,tensor-map reduce has no source row-stride; attention overlay cannot be used directly
results/AGENT-COORDINATION-ARCHIVE-20260707.md,15108,2026-07-07,tma-smem,old attention-layout scatter-fill replay,unit,LAW,scatter no-fence reproduces bad=32 at (0;120); reverse order moves to (0;56); scales to bad=128/512; every case passes with fence.proxy.async.shared::cta before cp.reduce.async.bulk.tensor.2d,historical _br path missed generic-store-to-async-proxy fence; descriptor/traversal not the blocker
results/AGENT-COORDINATION-ARCHIVE-20260707.md,15142,2026-07-07,attention-dq,D128 BR fence parity retry @3ea517b,d128,VALIDATED-PARKED,parity passed S512/nq4/nkv2 C=1/2 (max_abs_err 9.038e-04) and S1024/nq32/nkv8 C=1/2 (1.320e-03); SASS FENCE.VIEW.ASYNC.S + UTMAREDG.2D.ADD,unit-proven fence fixes attn_dq_d128_br parity blocker; timing/model port pending
results/AGENT-COORDINATION-ARCHIVE-20260707.md,15153,2026-07-07,tma-smem,old-layout linear-fill replay (first pass),unit,SUPERSEDED,OLDLAYOUT_PROBE_DONE failures=0 for compact half-box all variants,superseded by scatter-fill rerun which reproduced the no-fence failure
results/AGENT-COORDINATION-ARCHIVE-20260707.md,15167,2026-07-07,tma-smem,old-layout scatter rerun (supplement close),unit,DUPLICATE,L2_128 old-order scatter bad=32; L2_256 single-half can drop last-8 writes; fence fixes all,restates 15108 corrected verdict
results/AGENT-COORDINATION-ARCHIVE-20260707.md,15190,2026-07-07,attention-onepass,one-pass D64 bwd standalone feasibility,s4096/s8192,VALIDATED-PARKED,REG 202-209 STACK/LOCAL 0 under 224 budget; parity clean all 4 variants; s4096 207.7->147.8us = 1.41x; s8192 573.2->437.1us = 1.31x; bulk drain beats atomics ~8%,GO standalone; old +119us refutation was drain-mechanism+context; integration deferred; standalone ratio not a model-level promise
results/AGENT-COORDINATION-ARCHIVE-20260707.md,15199,2026-07-07,gemm-dw,lmdW interpreter-tax audit @e974318,qwen4b-l1/l2,CLOSED-BY-ANALYSIS,nvjet 1015.1us vs raw standalone 2055us (~2.0x body) vs megakernel exclusive 2631us (~575us ~22% interpreter/route tax),pair-tile refute valid but its feed handoff stale; qwen TN dW already TMA/pdf fed; next = current-head measurement
results/AGENT-COORDINATION-ARCHIVE-20260707.md,15226,2026-07-07,gemm-dw,qwen lmdW TN TMA current residual measure,qwen4b-l1/l2,MEASUREMENT,TN-off loses l1 +671.49/+681.09us 0/16; l2 +1609.94/+1856.75us 0/16; dW span l1 3834.8->4363.8us; l2 5760.3->6707.5us,keep exact qwen TN TMA/pdf feed; remaining gap is body/mainloop from current-fed baseline
results/AGENT-COORDINATION-ARCHIVE-20260707.md,15240,2026-07-07,gemm-dw,qwen lmdW residual (second close),qwen4b-l1/l2,DUPLICATE,route tma_tn l1 5->0 l2 9->0; same A/B numbers,duplicate close of qwen-lmdw-resid-e974318-0833
results/AGENT-COORDINATION-ARCHIVE-20260707.md,15312,2026-07-07,lm-head,qwen NT supertile profile diagnostic,qwen4b-l1,NO-GO,row span 2439.2 vs 2411.9us (-27.3) but prior paired gates lost +37..+100us,standalone ~750us body signal does not carry with CE/LSE partials; do not retry
results/AGENT-COORDINATION-ARCHIVE-20260707.md,15330,2026-07-07,lm-head,qwen NT supertile row-exclusive timing,qwen4b-l1,NO-GO,row-only +522.38/+524.40us 0/24 both orders; parity clean (LSE rel 3.10e-07),loses inside the row with CE/LSE epilogue + pdf producer protocol; verdict hardened
results/AGENT-COORDINATION-ARCHIVE-20260707.md,15371,2026-07-07,gemm-dw,qwen TN dW m128n128/4-stage body probe,qwen4b-l2,NO-GO,fwd 2049.372 vs 2794.360us (+744.988us +36.35%); rev 2089.256 vs 2794.468us (+705.212us +33.75%); parity clean,per-tile wall 22.79/23.23->15.54us but 2x N tile count dominates
results/AGENT-COORDINATION-ARCHIVE-20260707.md,15407,2026-07-07,gemm-dw,qwen TN dW m128n256/4-stage standalone,qwen4b-l2,VALIDATED-PARKED,fwd 2090.244->1944.996us (-145.248us -6.95%); rev 2117.088->1955.464us (-161.624us -7.63%); parity clean,conditional go; needs 197888B smem vs 151552B; requires default-off model port + full-step A/B
results/AGENT-COORDINATION-ARCHIVE-20260707.md,15440,2026-07-07,gemm-dw,qwen n256-stage4 default-off model port,qwen4b-l1/l2,NO-GO,l1 -2.944us then +35.200us; l2 -26.304us then +284.801us; smem 151552->200704,standalone win does not absorb larger qwen page; future dW work must fit existing page
results/AGENT-COORDINATION-ARCHIVE-20260707.md,15460,2026-07-07,attention,band-T recheck post-p-pack/qkrope,s8192/s2048,NO-GO,s8192 T36/T44 +167/+155us 0/32; s2048 T8/T16 +77/+26us 0/40&1/40,defaults confirmed; band-coupling fired only at s3072; arms s8192 ~6380 s2048 ~1790-1806
results/AGENT-COORDINATION-ARCHIVE-20260707.md,15477,2026-07-07,lm-head,MK_LMHEAD_NT_FUSED_EPILOGUE probe,qwen4b-l1/l2,NO-GO,l1 +9.23us (4/12) / +9.22us (5/12); l2 -166.59us (6/8) then +123.55us (4/8) mixed; stack grows (pdf 96->112..160),four-partial-array fused epilogue rejected; revisit only with no-stack-growth formulation
results/AGENT-COORDINATION-ARCHIVE-20260707.md,15504,2026-07-07,gemm-dw,route splitK atomic audit @e974318,multi,CLOSED-BY-ANALYSIS,qwen l1/l2 zero split-K atomic rows; generic dW sk=1 atomic rows exist on non-qwen shapes; MK_DW_NO_ATOMIC_SK1=1 removes all structurally,next = env-only timing sweep (dW sinks may not move step time)
results/AGENT-COORDINATION-ARCHIVE-20260707.md,15530,2026-07-07,gemm-dw,dW sk1 no-atomic env sweep (contaminated),multi,INVALID,partial triage: s128/s256/nano both-order positive; s1024 +4.38us 3/24,aborted; shared PVC checkout advanced mid-run (e974318->9cbdb2a); mixed-source cells; do not promote
results/AGENT-COORDINATION-ARCHIVE-20260707.md,15563,2026-07-07,gemm-dw,dW sk1 no-atomic boundary confirm @9cbdb2a,s128/s256/nano/s1024,MEASUREMENT,s128 -8.53 (78/80) / -3.78us (67/80); s256 -4.78 (65/80) / -9.76us (78/80); nano -6.58 (72/80) / -6.42us (73/80); s1024 order-flipped +11.28 (2/80) / -13.28us (77/80),s1024 excluded from default; opens narrow s128/s256/nano gate
results/AGENT-COORDINATION-ARCHIVE-20260707.md,15597,2026-07-07,gemm-dw,dW sk1 short-shape default gate 420eefd,s128/s256/nano,PROMOTED,forced-old s128 +5.07/+8.51us; s256 +8.59/+5.70us; nano +7.44/+6.06us; route atomic_sk1_count=0 on promoted shapes,isolated commit validated; shared cherry-pick pending
results/AGENT-COORDINATION-ARCHIVE-20260707.md,15633,2026-07-07,gemm-dw,dW sk1 short default shared landing 2df9b41,s128/nano,PROMOTED,shared smoke s128 +6.64/+10.46us old-minus-new (5/60; 4/60); nano +4.59/+3.52us (10/60; 15/60),landed on shared tip; s1024/deep/small/long-S exclusions unchanged
results/AGENT-COORDINATION-ARCHIVE-20260707.md,15644,2026-07-07,attention,MK_ATTN_PDF_FEED phase 0+1+2 (b1d36305),s8192,MEASUREMENT,=1 dq-feed -46.7us 16/16 + -79.4us 16/16; =2 dq+dkv -59.0us 16/16 + -57.0us 15/16; WG2 maxR21 fits 240/24; flag-off SASS bit-identical,both flag values win both orders; dkv adds no clear extra; promotion cert deferred to main session
results/AGENT-COORDINATION-ARCHIVE-20260707.md,15647,2026-07-07,attention-fwd,fwd defer-rsum + expfold (b1d36305),s8192/s4096/nano/small,PROMOTED,DEFER_RSUM s8192 -36.5/-47.0us (23/24; 24/24); s4096 -10.1/-7.3us (39/40; 36/40); nano/small >=0; EXPFOLD s8192 +47.5/+43.4us NO-GO (MUFU-bound; deleted FMULs were free co-issue),default DEFER_RSUM=1 all D64 wg-fwd; keep EXPFOLD off; gotcha: forced-band nano is broken control in stock code
results/AGENT-COORDINATION-ARCHIVE-20260707.md,15673,2026-07-07,attention-fwd,duplicate fwd defer-rsum landing claim (codex),s4096/s8192,SUPERSEDED,static checks passed; no GPU validation launched,released after b1d36305 registered landing pass advanced shared branch
results/AGENT-COORDINATION-ARCHIVE-20260707.md,15747,2026-07-07,attention-dq,D128 rowsplit tensor-map bulk-reduce port,qwen4b-l1,NO-GO,C2 tmared beats C2 atomic -58.99/-58.37us 8/8 parity clean; but C1-default vs C2-tmared -16.16us (6/16) / +9.63us (4/16) order-mixed,keep C1 rowsplit default; MK_ATTN_D128_DQ_RS_TMARED default-off; C2 mechanism win only
results/AGENT-COORDINATION-ARCHIVE-20260707.md,15761,2026-07-07,attention-dq,MK_ATTN_DQ_BULK_RED dq C>1 drain (b1d36305),s4096/s8192,PROMOTED,s4096 -40.7/-32.7us (rerun -41.4/-40.7) 40/40 x4 (~1.3% step); s8192 +55.0/+42.3us (rerun +52.1/+38.9) 0-2/24 x4 REFUTED,exact-s4096 gate; s8192 tail C=4 bands pay mandatory wait_group 0 vs fire-and-forget atomics; ptxas 13.1 ADD.U64 clone bug root-caused + forceinline workaround + per-clone SASS audit
results/AGENT-COORDINATION-ARCHIVE-20260707.md,15762,2026-07-07,measurement,LD spill gate at attn-pdf-feed phase-1 head,small,MEASUREMENT,small 2906 exact; STACK 48,PASS; default-off phase-1 respects separate-loops law
results/AGENT-COORDINATION-ARCHIVE-20260707.md,15765,2026-07-07,attention,b1d36305 four-lane landing pass tip 5e21bc9,multi,PROMOTED,fwd defer-rsum DEFAULT ON (off costs +54.2us s8192 0/12); dq bulk-red PROMOTED exact-s4096 (off costs +38.6us 0/20; s8192 refuted +39..+55us); pdf attn feed landed default 0; one-pass probe landed,mk.py enforces UBLKRED F32 SASS audit on flag-on builds; test_ops+test_model green at tip
results/AGENT-COORDINATION-ARCHIVE-20260707.md,15790,2026-07-07,attention-fwd,fwd-band recheck post defer-rsum,s8192/s4096/s2048,NO-GO,s8192 F48/F80 +100/+442us (1/32); s4096 F16/F32 +24/+20us (2/80); s2048 F22 order-mixed at 120 reps (-4.6 35/40 fwd / +5.6 20/120 rev),fwd-band table robust to defer-rsum; noise rule catches 40-rep phantom; F16 stands
results/AGENT-COORDINATION-ARCHIVE-20260707.md,15837,2026-07-07,measurement,current-head long-S reanchor @2df9b41,s2048/s3072/s4096/s8192,MEASUREMENT,s2048 1796.10/1046.72 = 1.716x; s3072 2330.75/1328.16 = 1.755x; s4096 2961.50/1584.22 = 1.869x; s8192 6407.49/3168.19 = 2.022x,s4096 -74.30us and s8192 -82.75us mk vs 6da9267; routes unchanged
results/AGENT-COORDINATION-ARCHIVE-20260707.md,15876,2026-07-07,attention,attention PDF-feed promotion certification @2df9b41,s8192,MEASUREMENT,=1 beats default -60.45us (23/24) / -61.06us (24/24); =2 vs =1 order-mixed +5.66 (5/24) / -2.54us (12/24); no-widen s4096 +64.43/+68.29us; s2048 +28.70/+37.38us,source-free GO for exact S8192 =1 default only; flip requires separate source claim
results/AGENT-COORDINATION-ARCHIVE-20260707.md,15936,2026-07-07,attention,exact-S8192 attention PDF-feed default 74ba01e,s8192,PROMOTED,validation forced-old +63.20/+54.69us 0/24 both orders; shared smoke +61.60us (0/12) / +33.57us (1/12); LOCAL:0,cherry-picked 3c3fe20 as 74ba01e; no S4096/S2048 or feed=2 default
results/AGENT-COORDINATION-ARCHIVE-20260707.md,15960,2026-07-07,attention-onepass,one-pass D64 bwd model integration,s4096/s8192,NO-GO,s4096 +413.01/+421.47us 0/4; s8192 +1312.80/+1327.52us 0/4; route replaced split DKV/DQ (189->169; 188->160); tests pass; stack high (megakernel 336),correctness-clean but performance-negative; keep MK_ATTN_ONEPASS_BWD default-off
results/AGENT-COORDINATION-ARCHIVE-20260707.md,15995,2026-07-07,attention-onepass,one-pass MK_ATTN_ONEPASS_C chunk sweep,s4096/s8192,NO-GO,s4096 C1 +307.54/+291.65us; C2 +400.91/+419.38; C4 +663.23/+643.42; C8 +1185.12/+1124.93us; s8192 C1 +1298.83/+1352.83us wider worse,C changes tile count not critical path; any future one-pass attempt needs different topology
results/AGENT-COORDINATION-ARCHIVE-20260707.md,16021,2026-07-07,measurement,interim certification @2df9b41 (2853e0de),multi,MEASUREMENT,nano 895.4; small 3249.9; deep 2336.9; s2048 1799.0; s3072 2324.6 (-77); s4096 2967.1 (-65); s8192 6475.0 (-267; ~2.06x),pdf/dq-drain burst carries no tax; s8192 closed 7744->6475 (-16.4%) in ~36h
results/AGENT-COORDINATION-ARCHIVE-20260707.md,16028,2026-07-07,attention,s8192 post-pdf-feed knob recheck,s8192,NO-GO,T36/T44 +153/+116us 0/32; dq_first +34us 1/16; idle64 initial -26.7 12/16 was 16-rep phantom (washed -2.1/+1.2 at 32 reps),all defaults confirmed; arms ~6272-6323us below 6332 cert
results/AGENT-COORDINATION-ARCHIVE-20260707.md,16079,2026-07-07,attention-onepass,one-pass bulk-drain model prototype,s4096/s8192,NO-GO,s4096 default 3021.47 vs bulk 4108.88us (+1087.41us 0/4); s8192 6363.68 vs 10840.10us (+4476.42us 0/4); salt 0 passed SASS audit; 720 ADD.F32 UBLKRED,correctness-clean reference only; default-first rows invalid (env leak); do not continue this slab-drain topology
results/AGENT-COORDINATION-ARCHIVE-20260707.md,16115,2026-07-07,measurement,long-S reanchor after S8192 PDF feed @74ba01e,s2048/s3072/s4096/s8192,MEASUREMENT,s2048 1788.80/1050.56 = 1.703x; s3072 2342.40/1328.13 = 1.764x; s4096 2961.41/1591.10 = 1.861x; s8192 6284.67/3173.50 = 1.980x,s8192 improves 122.82us vs 2df9b41 anchor
results/AGENT-COORDINATION-ARCHIVE-20260707.md,16158,2026-07-07,measurement,s8192 post-PDF-feed profile @74ba01e,s8192,MEASUREMENT,total 6394.7us; wait 1982.5us; four ATTN_DQ_WG tail hops 1734.5 wait + 336.4 span; each ~433-435us wait,PDF feed cut total 80.3us; dq -70.6us; fwd -38.3us; ranking unchanged
results/AGENT-COORDINATION-ARCHIVE-20260707.md,16204,2026-07-07,qwen,qwen4b-l1 score-profile @74ba01e,qwen4b-l1,MEASUREMENT,7932.96 vs 7123.74us = 1.114x; lm-head NT fwd 2452.8us span; head-dX 1666.7us; off-path dW 3809.4us; route n_instr=47 tma=11,no new qwen toggle; rejected routes stay closed
results/AGENT-COORDINATION-ARCHIVE-20260707.md,16278,2026-07-07,gemm-dx,MK_GEMM_DX_TMA_RED splitK drain probe,s128/s256/nano/deep,MEASUREMENT,s128 -18.59/-5.97us; s256 -13.79/-17.49us; nano -6.58/-8.16us; deep -22.77/-30.69us all cells won; SASS 4x UBLKRED.G.S.ADD.F32.RN; test_ops NN splitK TMA-red f32 passed,flag lands only on model-emitted NN dX split-K rows; promotion recommended as scoped pass
results/AGENT-COORDINATION-ARCHIVE-20260707.md,16324,2026-07-07,gemm-dx,dX TMA-reduce default policy certification,s128/s256/nano/deep,PROMOTED,default-vs-forced-off s128 -15.47/-9.30us; s256 -11.39/-14.96us; nano -4.30/-9.50us; deep -23.04/-35.55us; bit64 only on measured rows; no-op on s1024/long-S/small/qwen,isolated worktree certified; shared port after stage-merge closes
results/AGENT-COORDINATION-ARCHIVE-20260707.md,16342,2026-07-07,tma-smem,MK_GEMM_STAGE_MERGE ring stage-merge probe,s2048/s3072/s4096/s8192,NO-GO,s2048 +16.19/+22.75us; s3072 +36.29/+26.91us; s4096 +20.94/+17.86us; s8192 +61.36/+73.36us; correctness clean LOCAL:0,uniformly negative; do not land this stage-grouping topology
results/AGENT-COORDINATION-ARCHIVE-20260707.md,16368,2026-07-07,measurement,s8192 certified re-anchor @74ba01e,s8192,MEASUREMENT,6379.6/3166.5 = 2.015x,within bounce band of 1e9fe15 cert (2.001x); honest read s8192 ~2.00-2.02x
results/AGENT-COORDINATION-ARCHIVE-20260707.md,16388,2026-07-07,gemm-dx,dX TMA-reduce shared-source port,nano,PROMOTED,shared smoke nano -5.12us (11/12) / -11.02us (12/12); SASS 4 UBLKRED F32 zero non-F32; route guard passed,four files byte-matched certified worktree; committed abf854b
results/AGENT-COORDINATION-ARCHIVE-20260707.md,16420,2026-07-07,measurement,post-dX-port affected-shape score refresh,s128/s256/nano/deep,MEASUREMENT,vs 6b137f5 board: s128 746.8->726.46us (-20.34); s256 823.9->803.81us (-20.09); nano 907.9->888.64us (-19.26); deep 2342.2->2313.79us (-28.41),all improved after dX TMA-reduce default
results/AGENT-COORDINATION-ARCHIVE-20260707.md,16454,2026-07-07,qwen,qwen4b-l2 score-profile @74ba01e,qwen4b-l2,MEASUREMENT,10775.36/8698.72 = 1.239x (+39.17us vs ff78aba anchor); dx_tma_red=0 qwen no-op; lm-head fwd 2509.9; dX 1699.9; dW off-path 5555.9us,route unchanged n_instr=78 tma=18
results/AGENT-COORDINATION-ARCHIVE-20260707.md,16517,2026-07-07,lm-head,MK_LMHEAD_NT_CHUNK_EPILOGUE probe,qwen4b-l1/l2,NO-GO,l1 +0.98us then +45.50us 0/4; l2 -62.26us then +76.53us order-flipped 2/4 each; stack grows l1 96/96/112->160/112/160 despite LOCAL:0,do not promote or retry epilogue-only formulation
results/AGENT-COORDINATION-ARCHIVE-20260707.md,16559,2026-07-07,executor,MK_MBAR_WAIT_NANOSLEEP backoff probe,qwen/s4096/s8192,NO-GO,s4096 +15.60/+28.54us both orders; s8192 -0.08/+3.25us flat; qwen order-flipped; NANOSLEEP confirmed in SASS (122/117/97/77/12 sites); LOCAL:0,do not promote global wait-loop nanosleep
results/AGENT-COORDINATION-ARCHIVE-20260707.md,16595,2026-07-07,measurement,post-dX short-shape profile @abf854b,s128/s256/nano/deep/small,MEASUREMENT,totals s128 697.1; s256 780.7; nano 861.6; deep 2306.0; small 3245.9us; bit64 rows s128 12 s256 12 nano 8 deep 24 small 0,span still dominates every refreshed shape
results/AGENT-COORDINATION-ARCHIVE-20260707.md,16606,2026-07-08,scheduling,nano idle_ns 64->32 post-tmared recheck,nano/deep,PROMOTED,nano idle32 marginal ~2-7us order-consistent 4/4 windows at 120 reps; deep idle64 and SKR4 confirmed robust,tmared movement: nano ~887 deep ~2305 default arms; committed on branch
results/AGENT-COORDINATION-ARCHIVE-20260707.md,16611,2026-07-07,measurement,LD spill gate @94cb1ef,small,MEASUREMENT,small 2906 sectors,PASS baseline exact
results/AGENT-COORDINATION-ARCHIVE-20260708.md,9,unknown,measurement,certified anchors @2df9b41,all,MEASUREMENT,nano 895.4 / small 3249.9 / deep 2336.9 / s2048 1799.0 / s3072 2324.6 / s4096 2967.1 / s8192 6475.0 (~2.06x),archive header anchor block
results/AGENT-COORDINATION-ARCHIVE-20260708.md,17,unknown,architecture,shape diagnosis map complete,all,LAW,,nano/deep=chain-machinery floor; long-S=attention ALU/drain; small=mixed
results/AGENT-COORDINATION-ARCHIVE-20260708.md,52,2026-07-07,qwen,qwen4b-l1 score-profile refresh @74ba01e,qwen4b-l1,MEASUREMENT,mk 7932.96us vs 7123.74us = 1.114x; lm-head NT span 2452.8us; head-dX 1666.7us,do not reopen closed qwen routes
results/AGENT-COORDINATION-ARCHIVE-20260708.md,126,2026-07-07,gemm-dx,MK_GEMM_DX_TMA_RED splitK cp.reduce drain probe,s128/s256/nano/deep,MEASUREMENT,s128 -18.59/-5.97; s256 -13.79/-17.49; nano -6.58/-8.16; deep -22.77/-30.69us,won every A/B cell; promotion recommended
results/AGENT-COORDINATION-ARCHIVE-20260708.md,172,2026-07-07,gemm-dx,dX TMA-reduce default-policy promotion,s128/s256/nano/deep,PROMOTED,s128 -15.47/-9.30; s256 -11.39/-14.96; nano -4.30/-9.50; deep -23.04/-35.55us,default-on for measured H256/D64 short splitK cells
results/AGENT-COORDINATION-ARCHIVE-20260708.md,190,2026-07-07,tma-smem,MK_GEMM_STAGE_MERGE TMA ring stage-merge,s2048-s8192,NO-GO,s2048 +16.19/+22.75; s3072 +36.29/+26.91; s4096 +20.94/+17.86; s8192 +61.36/+73.36us,correctness-clean; uniformly negative
results/AGENT-COORDINATION-ARCHIVE-20260708.md,216,2026-07-07,measurement,s8192 certified re-anchor @74ba01e,s8192,MEASUREMENT,6379.6/3166.5 = 2.015x,within bounce band of 1e9fe15 cert (2.001x)
results/AGENT-COORDINATION-ARCHIVE-20260708.md,236,2026-07-07,gemm-dx,dX TMA-reduce shared-source port,nano,PROMOTED,nano -5.12us 11/12; -11.02us 12/12; SASS 4x F32 UBLKRED,port byte-matched certified worktree
results/AGENT-COORDINATION-ARCHIVE-20260708.md,268,2026-07-07,measurement,post-dX-port affected-shape score refresh,s128/s256/nano/deep,MEASUREMENT,s128 -20.34; s256 -20.09; nano -19.26; deep -28.41us vs 6b137f5,all improved
results/AGENT-COORDINATION-ARCHIVE-20260708.md,302,2026-07-07,qwen,qwen4b-l2 score-profile refresh @74ba01e,qwen4b-l2,MEASUREMENT,10775.36/8698.72 = 1.239x; lm-head NT 2509.9us span; dX 1699.9us,dx_tma_red=0 confirms qwen no-op
results/AGENT-COORDINATION-ARCHIVE-20260708.md,353,2026-07-07,gemm-dx,dX TMA-reduce shared commit,short shapes,NOTE,,landed as abf854b; 4 files only
results/AGENT-COORDINATION-ARCHIVE-20260708.md,365,2026-07-07,lm-head,MK_LMHEAD_NT_CHUNK_EPILOGUE qwen chunked CE epilogue,qwen4b-l1/l2,NO-GO,l1 +0.98 then +45.50 0/4; l2 -62.26/+76.53 order-flipped; stack 96->160,parity clean; do not retry epilogue-only formulation
results/AGENT-COORDINATION-ARCHIVE-20260708.md,407,2026-07-07,scheduling,MK_MBAR_WAIT_NANOSLEEP wait backoff,qwen/s4096/s8192,NO-GO,s4096 +15.60/+28.54; s8192 -0.08/+3.25; qwen order-flipped,real NANOSLEEP confirmed in SASS; no win
results/AGENT-COORDINATION-ARCHIVE-20260708.md,443,2026-07-07,measurement,post-dX short-shape profile refresh,s128/s256/nano/deep/small,MEASUREMENT,totals 697.1/780.7/861.6/2306.0/3245.9us,span still dominates every shape
results/AGENT-COORDINATION-ARCHIVE-20260708.md,454,2026-07-08,scheduling,nano idle 64->32 retune post-tmared,nano/deep,PROMOTED,nano ~2-7us order-consistent 4/4 windows @120 reps; nano ~887 deep ~2305,deep knobs idle64/SKR4 confirmed robust
results/AGENT-COORDINATION-ARCHIVE-20260708.md,459,2026-07-07,measurement,LD gate @94cb1ef,small,MEASUREMENT,2906 sectors,PASS baseline exact
results/AGENT-COORDINATION-ARCHIVE-20260708.md,655,2026-07-07,scheduling,R2a intra-claim ring carry (DeepGEMM R2),small/nano/deep,CLOSED-BY-ANALYSIS,claim=1 tile per batch at small shapes; standalone carry only +2%,do not implement MK_GEMM_RING_CARRY as small-shape lane
results/AGENT-COORDINATION-ARCHIVE-20260708.md,671,2026-07-07,scheduling,R7 tile-order swizzle (DeepGEMM R7b),s8192 lm_head,CLOSED-BY-ANALYSIS,three tile orderings within +-2%,B already L2-absorbed; emission-order permutation cannot win
results/AGENT-COORDINATION-ARCHIVE-20260708.md,683,2026-07-07,lm-head,NT store-recipe standalone v1,s8192/s4096/gu/qwen NT rows,REFUTED,s8192 131.1/131.8us vs ctl 144.6/145.7 (-9.3%); load-EF harmful +6..+20us; qwen row loses 300-600us,round-10 NT C-write floor broken; do not port recipe to qwen row
results/AGENT-COORDINATION-ARCHIVE-20260708.md,722,2026-07-07,lm-head,NT store-recipe standalone v2,s8192/s4096/s2048/gu,REFUTED,SW128 64-col slab -23.5us + store-EF -13.3 = s8192 110.4/110.7us 1.21TB/s vs 146.2/146.4 (-24%),floor broken; L2 promotion neutral; .cs direct stores capture 1/3
results/AGENT-COORDINATION-ARCHIVE-20260708.md,769,2026-07-07,gemm-fwd,S512 fused-qkrope n128 force,nano/deep,NO-GO,nano +31.90/+28.96; deep +94.85/+86.77us; 0/80 all four blocks,do not widen _H256_D64_QKROPE_N128_S below S2048
results/AGENT-COORDINATION-ARCHIVE-20260708.md,779,2026-07-07,gemm-dx,head-dX n128 TMA reduce-add,nano/deep/small/s3072/s4096,NO-GO-CORRECTNESS,non-F32 UBLKRED in df/df2 across salts and typed-view patch,codegen audit no-go; never reached timing
results/AGENT-COORDINATION-ARCHIVE-20260708.md,820,2026-07-07,architecture,DeepGEMM concept-map R4/R5/R6/R8.1 sizing,qwen/long-S,CLOSED-BY-ANALYSIS,R4 EV ~30-80us/step qwen sized+parked; R5/R6 closed; R8.1 parked,completes concept-map lane sweep
results/AGENT-COORDINATION-ARCHIVE-20260708.md,841,2026-07-08,measurement,nano+deep certified re-anchor @94cb1ef,nano/deep,MEASUREMENT,nano 888.3/631.4=1.407x; deep 2332.3/1760.5=1.325x,tmared + idle32 certified
results/AGENT-COORDINATION-ARCHIVE-20260708.md,875,2026-07-07,measurement,current-anchor clean scores @94cb1ef,9 shapes,MEASUREMENT,s128 1.459x; s256 1.415x; nano 1.390x; deep 1.313x; small 1.695x; s4096 1.873x; s8192 1.984x; qwen-l1 1.120x; qwen-l2 1.239x,all-in-one job graph baselines contaminated by recompile_limit
results/AGENT-COORDINATION-ARCHIVE-20260708.md,924,2026-07-07,qwen,qwen L1-L2 profile refresh @94cb1ef,qwen,MEASUREMENT,L1 lm-head NT 2444.7us span dX 1648.9; L2 2468.1/1663.8us,route mode=pdf both
results/AGENT-COORDINATION-ARCHIVE-20260708.md,956,2026-07-07,rowop,A-side RMS factorization design,small,NOTE,H512 dW repeats A-scale across 4 N-tiles vs 48 M-tiles B-scale,plan written; avoids closed B-rms load-scale replay
results/AGENT-COORDINATION-ARCHIVE-20260708.md,983,2026-07-07,qwen,qwen body evidence audit,qwen,CLOSED-BY-ANALYSIS,ST-S3 1695.4us vs current ~2445; head-dX n256 2126.1 vs n128 2740.9,no new standalone launch; evidence already covers cells
results/AGENT-COORDINATION-ARCHIVE-20260708.md,1000,2026-07-07,architecture,94cb1ef open-gap map refresh,all,NOTE,,ranked frontier consolidated
results/AGENT-COORDINATION-ARCHIVE-20260708.md,1019,2026-07-07,qwen,qwen body audit correction,qwen,ROUTE-AWAY,,do not reopen MK_GEMM_N256_NT_SUPERTILE / nmajor orders / pdf feed composition
results/AGENT-COORDINATION-ARCHIVE-20260708.md,1028,2026-07-07,architecture,current frontier synthesis @94cb1ef,all,NOTE,,ranked: long-S attention; qwen NT body; head-dX n256 body; small A-scale
results/AGENT-COORDINATION-ARCHIVE-20260708.md,1059,2026-07-07,infra-process,n256 recert measurement assist standdown,long-S,WITHDRAWN,,recert job deleted; superseded by owner default-promotion job
results/AGENT-COORDINATION-ARCHIVE-20260708.md,1073,2026-07-07,qwen,post-ST-S3 mechanism map,qwen,NOTE,CE256 candidate: 594 vs 2374 partial pairs,next non-replay qwen fwd candidate defined
results/AGENT-COORDINATION-ARCHIVE-20260708.md,1089,2026-07-07,qwen,qwen baseline bucket refinement,qwen,CLOSED-BY-ANALYSIS,other bucket = elementwise+multi_tensor 2260.7us L1 / 2537.2 L2; graph gap 57.6/102.2us,no new baseline trace needed
results/AGENT-COORDINATION-ARCHIVE-20260708.md,1106,2026-07-07,gemm-fwd,short-GEMM shell next-plan,short shapes,ROUTE-AWAY,,no more plain route gates; diagnostic fixed-shell dissection next
results/AGENT-COORDINATION-ARCHIVE-20260708.md,1123,2026-07-07,attention-dkv,attention pivot map,s3072-s8192,ROUTE-AWAY,RS negative S3072-S8192; RS+QPAIR negative S4096,do not open another DKV RS/register-feed rewrite
results/AGENT-COORDINATION-ARCHIVE-20260708.md,1141,2026-07-07,lm-head,MK_GEMM_N256_TMA_STORE gate,s2048/s3072/s4096/s8192,MEASUREMENT,s2048 -17.30/-2.70; s3072 -20.45/-22.78; s4096 -32.48/-27.74; s8192 -100.98/-65.86us,win both orders all shapes; continuing into default promotion
results/AGENT-COORDINATION-ARCHIVE-20260708.md,1166,2026-07-07,attention,D64 split-wait closure,s4096/s8192,ROUTE-AWAY,RS+splitwait negative; DQ splitwait order-mixed,do not open another split-wait rewrite; move to one-pass/producer/drain
results/AGENT-COORDINATION-ARCHIVE-20260708.md,1191,2026-07-07,rowop,MK_EPIFUSE_MLP_ASCALE_DW A-side RMS factorization,small,NO-GO,+280.06us 0/40; +283.92us 0/40,correct + resource-clean; scale multiply tax
results/AGENT-COORDINATION-ARCHIVE-20260708.md,1234,2026-07-07,lm-head,n256 TMA C-store default promotion + land,s2048-s8192,PROMOTED,forced-off loses s3072 +25.68/+21.39; s4096 +20.72/+22.19; s8192 +68.98/+47.66; s2048 mixed,landed 3d37664; long-S baselines shift -20..-70us
results/AGENT-COORDINATION-ARCHIVE-20260708.md,1255,2026-07-07,architecture,post-n256-DKVRS frontier refresh,all,NOTE,,reconciles maps with new head 3d37664
results/AGENT-COORDINATION-ARCHIVE-20260708.md,1272,2026-07-07,attention-onepass,producer-drain schedule design,s8192,NOTE,,next lane = exact-S8192 one-pass + producer dQ drain (PDR)
results/AGENT-COORDINATION-ARCHIVE-20260708.md,1297,2026-07-07,measurement,post-n256 long-S profile,s4096/s8192,MEASUREMENT,s4096 2955.5us total; s8192 6380.9us; ATTN_DQ on-path 2095.7us,attention remains dominant residual
results/AGENT-COORDINATION-ARCHIVE-20260708.md,1307,2026-07-08,lm-head,NT-floor report correction,s8192,SUPERSEDED,146 -> 110.7us standalone,EVICT_FIRST TMA C-store break supersedes Jul-6 not-portable verdict
results/AGENT-COORDINATION-ARCHIVE-20260708.md,1336,2026-07-07,ce,qwen CE256 observer note,qwen4b-l1/l2,DUPLICATE,L1 +93.89/+132.80 0/12; L2 +60.13/+186.13,observer copy; owner close at line 1347
results/AGENT-COORDINATION-ARCHIVE-20260708.md,1347,2026-07-07,ce,MK_LMHEAD_N256_CE256_PARTS partial protocol,qwen4b-l1/l2,NO-GO,L1 +93.89/+132.80us 0/12; L2 +60.13 (4/12)/+186.13 (2/12); stack pdf 96->112 ws 96->160,partials 2374->594; parity clean
results/AGENT-COORDINATION-ARCHIVE-20260708.md,1366,2026-07-07,qwen,post-CE256 qwen frontier,qwen,NOTE,,residual is lm-head body rows not CE bookkeeping
results/AGENT-COORDINATION-ARCHIVE-20260708.md,1387,2026-07-07,measurement,post-n256 short-small reanchor,s128/s256/nano/deep/small,MEASUREMENT,s128 1.475x; s256 1.466x; nano 1.394x; deep 1.300x; small 1.713x,n256 TMA C-store confirmed off for all five
results/AGENT-COORDINATION-ARCHIVE-20260708.md,1400,2026-07-07,measurement,post-land n256 long-S score anchors @3d37664,s2048-s8192,MEASUREMENT,s2048 1.698x; s3072 1.749x; s4096 1.883x; s8192 1.999x,lowest s8192 mk anchor; DeepGEMM sweep complete
results/AGENT-COORDINATION-ARCHIVE-20260708.md,1436,2026-07-07,measurement,LD gate @3d37664,small,MEASUREMENT,2906 sectors,PASS baseline exact
results/AGENT-COORDINATION-ARCHIVE-20260708.md,1438,2026-07-07,attention-onepass,MK_ATTN_ONEPASS_PDR Phase-A,s8192,NO-GO,+1915.38/+1885.62us 0/2; best C=8 still +1249.17 0/4,monolithic one-pass deletes LPT/banded tail exposure
results/AGENT-COORDINATION-ARCHIVE-20260708.md,1478,2026-07-07,attention,post-PDR frontier correction,s8192,ROUTE-AWAY,PDR lost +1915/+1886us,preserve banded exposure or build true dual feed+drain
results/AGENT-COORDINATION-ARCHIVE-20260708.md,1497,2026-07-07,architecture,frontier synthesis post-PDR,all,NOTE,,S8192/S4096 attention highest leverage
results/AGENT-COORDINATION-ARCHIVE-20260708.md,1521,2026-07-07,gemm-fwd,short-GEMM fixed-shell diagnostic,s128/s256/nano,MEASUREMENT,shell ~3.5us/instr; one-BK64 +2.45-2.61; BK64 slope 0.50-0.67; drow_nn K256 14.68-14.92us/row,drow rows explain short-profile GEMMNN bucket
results/AGENT-COORDINATION-ARCHIVE-20260708.md,1547,2026-07-07,rowop,split-Drow DPRE deferral,s128/s256/nano/deep/small,NO-GO,s256 +11.25/+11.23 0/24; nano +10.80/+15.04 0/20; small +119.10/+137.81 0/12; s128 order-mixed,next Drow lane = register-resident m64n64 epilogue
results/AGENT-COORDINATION-ARCHIVE-20260708.md,1569,2026-07-07,attention-dq,MK_ATTN_DQ_PDF_DRAIN band-preserving WG2 drain,s8192,NO-GO,+47.63/+51.58us 0/4,LOCAL:0 UBLKRED-clean; racing second close at line 1591
results/AGENT-COORDINATION-ARCHIVE-20260708.md,1591,2026-07-07,attention-dq,MK_ATTN_DQ_PDF_DRAIN second close,s8192,NO-GO,+69.65us 0/8; +54.46us 1/8,same lane as line 1569 with separate A/B window; needs true overlapped dual load+drain
results/AGENT-COORDINATION-ARCHIVE-20260708.md,1647,2026-07-07,lm-head,tmastore extension probe,small/s1024,MEASUREMENT,small -12.78 (23/24)/-17.12 (22/24); s1024 +9.09 (2/30)/-4.45 (24/30),small promote candidate; s1024 no-go/order-mixed
results/AGENT-COORDINATION-ARCHIVE-20260708.md,1682,2026-07-07,lm-head,tmastore small source gate,small,PROMOTED,forced-off +21.92/+22.38us (4/24 wins each),exact H512/L8/S1024 gate widened; H256 s1024 stays off
results/AGENT-COORDINATION-ARCHIVE-20260708.md,1710,2026-07-07,rowop,MK_DROW_REG_EPILOGUE v2 isolated probe,s128/s256/nano/small,MEASUREMENT,s128 -11.01/-19.14; s256 -16.40/-27.66; nano -15.02/-9.57; small -20.14/-14.21us all 12/12 or 8/8,promote candidate; REG:255 no LOCAL
results/AGENT-COORDINATION-ARCHIVE-20260708.md,1759,2026-07-07,scheduling,small MK_CLAIM=264 resweep,small,NO-GO,+136.45us 0/120; +139.28us 0/120,keep default MK_CLAIM=132
results/AGENT-COORDINATION-ARCHIVE-20260708.md,1772,2026-07-07,architecture,post-tmastore frontier refresh,all,NOTE,,routes next lane to band-preserving/dual-feed attention
results/AGENT-COORDINATION-ARCHIVE-20260708.md,1775,2026-07-07,attention-onepass,MK_ATTN_BANDED_PDR banded one-pass,s8192,NO-GO,+428.45us 0/2; +383.09us 0/2,genuinely band-preserving route; do not reopen one-pass PDR as-is
results/AGENT-COORDINATION-ARCHIVE-20260708.md,1777,2026-07-07,qwen,lm-head NT protocol proof,qwen,NOTE,,rejects inline CE bookkeeping and ST-S3 retries; defines protocol split
results/AGENT-COORDINATION-ARCHIVE-20260708.md,1779,2026-07-07,attention,dual feed-drain contract,s8192,NOTE,,defines MK_ATTN_DUAL_FEED_DRAIN branch keeping bands + WG2 drain rings
results/AGENT-COORDINATION-ARCHIVE-20260708.md,1781,2026-07-07,attention-dq,drain executor audit,s8192,CLOSED-BY-ANALYSIS,,kind-5 immediate done_seq wait closed; executor-assisted completion needed
results/AGENT-COORDINATION-ARCHIVE-20260708.md,1783,2026-07-07,attention-dq,S8192 DQ claim-batch audit,s8192,NOTE,DQ rows C1/C2/C3/C4 claim 1/2/2/1 under MK_CLAIM=132,batch-fence-only drain cannot overlap C4 tail
results/AGENT-COORDINATION-ARCHIVE-20260708.md,1788,2026-07-07,scheduling,S8192 claim quantum retune,s8192,NO-GO,MK_CLAIM 64 +1200.37/+1205.38; 48 +2821.42/+2814.50; 32 +4753.94/+4727.36us all 0/16,do not reduce global MK_CLAIM for S8192
results/AGENT-COORDINATION-ARCHIVE-20260708.md,1790,2026-07-07,architecture,frontier after attention audits,s8192,NOTE,,narrows next attention work to C4-tail-local drain or attribution-only
results/AGENT-COORDINATION-ARCHIVE-20260708.md,1791,2026-07-08,lm-head,small lm-head tmastore (main session),small,PROMOTED,-14.9/-22.3 38/40+39/40; forced-off +24.8/+22.2 2/80; small ~3178us ~1.68x,s1024 wash stays off
results/AGENT-COORDINATION-ARCHIVE-20260708.md,1845,2026-07-07,rowop,Drow register-epilogue shared default gate,s128/s256/nano/deep/s1024/small,PROMOTED,forced-off slower: s128 +20.96/+12.77; s256 +22.18/+13.31; nano +9.34/+18.42; deep +23.42/+31.31; s1024 +11.49/+12.96; small +13.89/+18.50us,shared head 3f59171 had model gate; mk.py+ops.cuh patch
results/AGENT-COORDINATION-ARCHIVE-20260708.md,1881,2026-07-07,architecture,frontier after Drow shared landing,all,NOTE,,clean 3f59171 needs Drow patch before model execution
results/AGENT-COORDINATION-ARCHIVE-20260708.md,1904,2026-07-07,measurement,post-Drow score refresh,s128/s256/nano/deep/s1024/small,MEASUREMENT,s128 1.423x; s256 1.360x; nano 1.381x; deep 1.304x; s1024 1.595x; small 1.668x,local GPU fresh scores
results/AGENT-COORDINATION-ARCHIVE-20260708.md,1946,2026-07-07,ce,MK_QWEN_LMHEAD_CE_FULLROW protocol split,qwen4b-l1,NO-GO,+558.80us 0/4; +604.48us 0/4,route preserved; parity clean; LOCAL:0
results/AGENT-COORDINATION-ARCHIVE-20260708.md,1994,2026-07-07,attention-dq,MK_ATTN_DQ_TAIL_CLAIM C4-tail local claim,s8192,NO-GO,+140.22us 0/16; +122.13us 0/16,tail claim 1->2 override rejected; parity clean
results/AGENT-COORDINATION-ARCHIVE-20260708.md,2033,2026-07-07,qwen,post-fullrow-CE frontier,qwen,NOTE,,next qwen branch needs genuinely new lm-head NT body/epilogue design
results/AGENT-COORDINATION-ARCHIVE-20260708.md,2044,2026-07-08,measurement,certified re-anchor @3f59171 + gauntlet,small/s2048 + all,MEASUREMENT,small 3198.7/1899.8=1.684x; s2048 1792.1/1045.3=1.714x; gauntlet qwen-l1 1.12 .. s8192 ~2.01x,full certified gauntlet recorded
results/AGENT-COORDINATION-ARCHIVE-20260708.md,2050,2026-07-07,attention-dq,MK_ATTN_DQ_TAIL_FRAG C4-tail fragment readout,s8192,NO-GO,+55.50us 0/4; +59.58us 0/4,route preserved; parity clean; LOCAL:0
results/AGENT-COORDINATION-ARCHIVE-20260708.md,2088,2026-07-07,attention-dq,dual feed-drain replay audit,s8192,CLOSED-BY-ANALYSIS,prior kind-5 drain composition lost +47.63/+51.58us,proposed first branch is a replay; claim released before source edits
results/AGENT-COORDINATION-ARCHIVE-20260708.md,2124,2026-07-07,attention-dq,MK_ATTN_DQ_FRAG_READOUT broad C>1 fragment,s8192,NO-GO,+86.83us 0/4; +80.58us 0/4,parity clean; LOCAL:0
results/AGENT-COORDINATION-ARCHIVE-20260708.md,2139,2026-07-07,measurement,current-head short-S profile @3f59171,s128/s256/small/deep,MEASUREMENT,1.444x/1.424x/1.670x/1.297x; spans 485.5/563.5/2722.5/1704.5us,attention-body buckets lead all refreshed shapes
results/AGENT-COORDINATION-ARCHIVE-20260708.md,2155,2026-07-07,attention-dq,broad DQ fragment readout duplicate close,s8192,DUPLICATE,+86.83/+80.58us 0/4,duplicate of line 2124 close
results/AGENT-COORDINATION-ARCHIVE-20260708.md,2197,2026-07-07,attention-dq,MK_ATTN_DQ_RS_FEED short-S refresh,s256 (s128/small/deep mixed),VALIDATED-PARKED,s256 -3.14us (179/240)/-4.93 (214/240); others order-mixed/noise,defer exact-S256 model gate until Drow ops.cuh patch committed
results/AGENT-COORDINATION-ARCHIVE-20260708.md,2223,2026-07-07,attention-dq,s256 DQ fp32-P + RS-feed composition,s256,VALIDATED-PARKED,composition -5.36us (135/160)/-7.82 (154/160); fp32-P alone not clean,land both gates after source stabilization
results/AGENT-COORDINATION-ARCHIVE-20260708.md,2240,2026-07-07,infra-process,branch break at 3f59171 caught and fixed,all,NOTE,model.py referenced drow_reg_epilogue; mk.py plumbing uncommitted,missing half landed as a00c1dd; all 7 benches had died silently
results/AGENT-COORDINATION-ARCHIVE-20260708.md,2250,2026-07-07,measurement,certified anchors @a00c1dd post break-fix,7 shapes,MEASUREMENT,nano 879.5; small 3230.5; deep 2309.1; s2048 1797.9; s3072 2336.2; s4096 2934.0; s8192 6294.8 ~2.01x,s8192 on threshold of breaking 2x (was 2.46x Jul-6)
results/AGENT-COORDINATION-ARCHIVE-20260708.md,2272,2026-07-07,architecture,frontier repair post dqfrag + s256 composition,all,NOTE,,closes stale C4-tail queue item; records s256 candidate
results/AGENT-COORDINATION-ARCHIVE-20260708.md,2299,2026-07-07,qwen,qwen L2 MK_GEMM_N256_NT_TMA refresh,qwen4b-l2,MEASUREMENT,-36.29us (30/48)/-55.38us (29/48); tma 18->19,positive candidate both orders; stack 96->112B only
results/AGENT-COORDINATION-ARCHIVE-20260708.md,2334,2026-07-07,qwen,qwen L2 NT-TMA source gate,qwen4b-l2,PROMOTED,forced-old +66.91 (101/160)/+68.40us (110/160); L1 guard +88.22/+88.10 (45-47/48),committed b906b38 model.py-only widening
results/AGENT-COORDINATION-ARCHIVE-20260708.md,2377,2026-07-07,qwen,post-NTTMA score-profile @b906b38,qwen4b-l2,MEASUREMENT,10651.52us vs 10775.36 pre-gate (-123.84us); NT span 2437.2us dX 1676.7us,residual shape unchanged
results/AGENT-COORDINATION-ARCHIVE-20260708.md,2429,2026-07-07,attention,short-S attention knob sweep confirm,s128/s256/deep,MEASUREMENT,s128 EXP2+RS+FP32P -5.38/-10.69 (70-79/80); s256 -10.67/-15.78 (76-79/80); deep PREBIAS+RS+FP32P -12.50/-12.27 (78-80/80),small / EXPFOLD / DEFER_RSUM=0 remain no-go/noisy
results/AGENT-COORDINATION-ARCHIVE-20260708.md,2437,2026-07-07,qwen,qwen n128 TMA row-exclusive vs n256,qwen lm-head,NO-GO,+1085.30/+1033.58us 0/32; first job +1028.99/+1023.31 0/64,parity clean; n128 stack 160/176B
results/AGENT-COORDINATION-ARCHIVE-20260708.md,2477,2026-07-07,fusion,MK_QKROPE_FUSE=0 unfuse probe,s128/s256/nano/deep,NO-GO,s128 +1.76/+1.25; s256 +5.41/+2.10; nano +29.25/+27.89 0/80; deep parity fail worst_rel 0.04159,keep fused qkrope default
results/AGENT-COORDINATION-ARCHIVE-20260708.md,2494,2026-07-07,attention,short-S attention gates sibling validation,s128/s256/deep,MEASUREMENT,forced-old slower s128 +9.94/+6.94; s256 +14.50/+7.44; deep +11.74/+13.07us,model-only patch validated; small stays off
results/AGENT-COORDINATION-ARCHIVE-20260708.md,2528,2026-07-07,attention,short-S attention gates applied to shared,s128/s256/deep,PROMOTED,,validated model.py defaults applied to shared source
results/AGENT-COORDINATION-ARCHIVE-20260708.md,2551,2026-07-07,measurement,post-attn-gates short-S profile,s128/s256/small/deep,MEASUREMENT,totals 668.8/750.4/3182.1/2251.8us,s256/deep remain attention-DQ/FWD body targets
results/AGENT-COORDINATION-ARCHIVE-20260708.md,2576,2026-07-07,attention-dq,MK_ATTN_DQ_C chunk screen,s256/deep,NO-GO,s256 Cq2 +9.76/+2.45 Cq4 +11.39/+2.77; deep Cq1 +14.21/+14.34 Cq3 +2.99/+7.84 Cq4 +23.78/+24.43us,every non-default chunk count lost both orders
results/AGENT-COORDINATION-ARCHIVE-20260708.md,2591,2026-07-07,attention-dq,short-S DQ chunk screen duplicate close,s256/deep,DUPLICATE,same numbers as line 2576,duplicate close post
results/AGENT-COORDINATION-ARCHIVE-20260708.md,2618,2026-07-07,qwen,qwen L2 NT-TMA default applied to shared,qwen4b-l2,PROMOTED,default tma=19 tma_nt=1 vs forced-old tma=18,shared model.py application of b906b38
results/AGENT-COORDINATION-ARCHIVE-20260708.md,2643,2026-07-07,attention-dq,deep MK_ATTN_DQ_BULK_RED coverage screen,deep,MEASUREMENT,-12.96us (79/80)/-10.38us (77/80),promote candidate; S8192 bulk-red stays refuted
results/AGENT-COORDINATION-ARCHIVE-20260708.md,2671,2026-07-07,attention-dq,deep DQ bulk-red default gate applied,deep,PROMOTED,forced-old +11.82/+12.22us,gate = exact_s4096 or exact deep; s256/s8192 stay off
results/AGENT-COORDINATION-ARCHIVE-20260708.md,2687,2026-07-07,attention-dq,deep DQ bulk-red apply duplicate close,deep,DUPLICATE,,authoritative close is line 2671 per correction post
results/AGENT-COORDINATION-ARCHIVE-20260708.md,2735,2026-07-07,rowop,S256 MK_RMS_DX_H256 recheck,s256,NO-GO,+0.53us (56/120)/-7.47us (110/120),order-mixed; not promotion-grade
results/AGENT-COORDINATION-ARCHIVE-20260708.md,2758,2026-07-07,attention-dq,S256 MK_ATTN_DQ_FLOAT2_STORE recheck,s256,MEASUREMENT,-3.60us (96/120)/-8.45us (116/120),promote candidate; add S256 to _H256_DQ_FLOAT2_S
results/AGENT-COORDINATION-ARCHIVE-20260708.md,2785,2026-07-07,attention-dq,S256 dQ float2-store default applied,s256,PROMOTED,forced-old +7.57/+3.57us,tuple (256;3072;8192); S4096 kept out
results/AGENT-COORDINATION-ARCHIVE-20260708.md,2802,2026-07-07,attention-onepass,one-pass recon closed-paths audit,s8192,NOTE,,monolithic PDR / banded PDR / WG2 drain-only all already closed
results/AGENT-COORDINATION-ARCHIVE-20260708.md,2820,2026-07-07,measurement,meter-honesty fixes landed,all,SCAFFOLD,,profile_df median selection @3f21e1e; opgap dual-bound tooling @df52827
results/AGENT-COORDINATION-ARCHIVE-20260708.md,2837,2026-07-07,gemm-dw,MK_DW_NO_ATOMIC_SK1 deep/small screen,deep/small,MEASUREMENT,deep -14.46 (38/40)/-10.59 (40/40); small -262.10/-267.98us (40/40),promote candidate; do not broaden to S1024+ H256 or qwen
results/AGENT-COORDINATION-ARCHIVE-20260708.md,2874,2026-07-07,architecture,frontier post-s256dqf2,all,NOTE,,records promoted/closed cells and active ownership
results/AGENT-COORDINATION-ARCHIVE-20260708.md,2897,2026-07-07,attention-dq,S128 dQ float2-store recheck,s128,MEASUREMENT,-1.41us (134/200)/-1.04us (122/200),promote candidate; tuple (128;256;3072;8192)
results/AGENT-COORDINATION-ARCHIVE-20260708.md,2917,2026-07-07,gemm-dw,deep/small dW SK1 no-atomic default applied,deep/small,PROMOTED,forced-old deep +15.01/+10.66; small +263.46/+263.20us,exact tuples joined _GENERIC_SHORT_DW_NO_ATOMIC_SK1_CFGS
results/AGENT-COORDINATION-ARCHIVE-20260708.md,2948,2026-07-07,measurement,combined default route snapshot,non-qwen non-S128,NOTE,deep has bulk_red+rs_feed+fp32_p+prebias+13 direct dW rows; small 25 direct,route sanity after gate batch
results/AGENT-COORDINATION-ARCHIVE-20260708.md,3006,2026-07-07,attention,dual feed-drain source preflight,s8192,NOTE,,separate drain mailbox/ring + explicit done contract required; hazards recorded
results/AGENT-COORDINATION-ARCHIVE-20260708.md,3047,2026-07-07,ce,qwen CE256 partials source port round-2,qwen4b-l1/l2,NO-GO,L1 +87.46/+86.59us 0/12; L2 +170.94 (2/8)/-17.70 (4/8) order-mixed,route clean; stack raised; do not promote
results/AGENT-COORDINATION-ARCHIVE-20260708.md,3072,2026-07-07,rowop,S128 MK_RMS_DX_H256 screen,s128,MEASUREMENT,-8.05us (344/360)/-2.58us (260/360),promote candidate; S256 stays excluded
results/AGENT-COORDINATION-ARCHIVE-20260708.md,3102,2026-07-07,rowop,S128 RMS dX H256 default applied,s128,PROMOTED,forced-old +8.08 (17/360 old wins)/+4.61us (67/360),tuple (128;512;1024;8192)
results/AGENT-COORDINATION-ARCHIVE-20260708.md,3131,2026-07-07,architecture,post-S128 frontier refresh,all,NOTE,,records new default tuples and active lanes
results/AGENT-COORDINATION-ARCHIVE-20260708.md,3152,2026-07-07,attention-dq,S1024 dQ float2-store screen,s1024,NO-GO,+4.98us (53/180)/+13.46us (3/180),keep S1024 excluded from _H256_DQ_FLOAT2_S
results/AGENT-COORDINATION-ARCHIVE-20260708.md,3180,2026-07-07,attention-dq,MK_ATTN_DUAL_FEED_DRAIN mailbox skeleton,s8192,SCAFFOLD,route unchanged n_instr=188; compile OK,MkPdfDrain mailbox + WG2 no-op poll; no drain body yet
results/AGENT-COORDINATION-ARCHIVE-20260708.md,3205,2026-07-07,measurement,meter re-anchor @bb199ea,10 shapes,MEASUREMENT,deep 1.30x nano 1.40x s256 1.45x s128 1.47x s1024 1.63x s2048 1.68x small 1.68x s3072 1.73x s4096 1.93x s8192 1.95x; ~22us/step host-launch constant,s8192 below 2x first time; s8192 on-path attention mass all in DQ chain
results/AGENT-COORDINATION-ARCHIVE-20260708.md,3259,2026-07-07,qwen,qwen lm-head STX port pivot to n128+D64-TMA/pdf,qwen4b-l1/l2,NO-GO,L1 +598.88/+561.20us 0/8; L2 +616.37/+298.21us 0/8,STX direct port needs ~226KB smem vs 148KB carveout; fallback doubles tiles 4752->9496
results/AGENT-COORDINATION-ARCHIVE-20260708.md,3317,2026-07-07,attention-dq,dual feed-drain real WG2 drain body,s8192,SCAFFOLD,smoke -12.19/-46.85us 1/2 each (underpowered),correctness+SASS clean; 32 F32 UBLKRED; default-off
results/AGENT-COORDINATION-ARCHIVE-20260708.md,3358,2026-07-07,attention-dq,S512 dQ float2-store split screen,nano/deep,NO-GO,nano +2.02/+2.90 (16-24/80); deep +0.74/+1.79us (27-42/80),keep tuple unchanged; S512/S1024 excluded
results/AGENT-COORDINATION-ARCHIVE-20260708.md,3464,2026-07-07,qwen,qwen NT body-rate frontier rerun,qwen lm-head,CLOSED-BY-ANALYSIS,standalone n128 2789.5; n256 2444.0; direct 2474.8us vs in-model 2441; nvjet ~1016-1023us,residual is body/executor itself not feed/launch/route
results/AGENT-COORDINATION-ARCHIVE-20260708.md,3512,2026-07-07,gemm-dx,qwen head-dX body-rate companion rerun,qwen head-dX,CLOSED-BY-ANALYSIS,n128 2740.2us (290.7TF); n256 2121.8us (375.4TF); in-model already 1673.9/1676.7us,n128/n256 replay surface closed; nvjet ~939-940us residual real
results/AGENT-COORDINATION-ARCHIVE-20260708.md,3540,2026-07-07,qwen,qwen ST-S3 standalone reanchor,qwen lm-head,MEASUREMENT,STX-R0 2254.9; STX-R1 2267.3; ST-S3 1666.8us 477.9TF vs n256 2444.0,body win persists; integrated supertile stays no-go as-is; next = body-vs-CE isolation
results/AGENT-COORDINATION-ARCHIVE-20260708.md,3624,2026-07-07,attention-dkv,D64 dkv S^T RS-feed + split-wait family,s2048-s8192,REFUTED,dkv RS s8192 +92.7/+84.6 0/32; RS+SW +95.8/+82.4; RS+QPAIR +105.2/+100.9; DQ splitwait order-collapsed @120 reps,register-lifetime law 5th strike; FA4 concept-map item 4 closed
results/AGENT-COORDINATION-ARCHIVE-20260708.md,3637,2026-07-07,itax-dag,make_graphed_step coop-launch graph capture,10 shapes,VALIDATED-PARKED,recoverable s128 +8.00 / s256 +9.15 / nano +9.12 / s1024 +11.71 / deep +10.34 / small +13.73 / s2048 +11.30 / s8192 +16.67us per step,landed worktree @e61edd4; adoption flagged as meter-policy decision
results/AGENT-COORDINATION-ARCHIVE-20260708.md,3658,2026-07-07,attention-dq,S2048 dQ float2-store screen (codex),s2048,NO-GO,-7.36us (73/80) then +3.84us (15/80),order-unstable; S2048 stays excluded
results/AGENT-COORDINATION-ARCHIVE-20260708.md,3703,2026-07-07,qwen,qwen ST-S3 body-vs-CE diagnostic,qwen lm-head,MEASUREMENT,body-only PDF 1725.73us; CE64 exact 3113.25 (+1387.52); CE64 lex2 2447.82us,absorption point = CE64 partial epilogue not the ST-S3 body
results/AGENT-COORDINATION-ARCHIVE-20260708.md,3739,2026-07-07,qwen,qwen ST-S3 CE64 store-loop prototype,qwen4b-l1,NO-GO-CORRECTNESS,row CE64 1887.63 vs 3113.25; lex2 1862.45 vs 2447.82; A/B -522.08/-529.26us 12/12 then integrated nan,row perf promotion-grade; nan attribution blocker; do not default-promote yet
results/AGENT-COORDINATION-ARCHIVE-20260708.md,3795,2026-07-07,itax-dag,graphstep capture map completion 12 shapes,s256/s1024/s3072/s4096/qwen,MEASUREMENT,s256 +9.15; s1024 +11.71; s3072 +10.94; s4096 +12.93; qwen-l1 +13.12; qwen-l2 +36.96us,qwen windows noisy but direction consistent; D128+TMA capture clean
results/AGENT-COORDINATION-ARCHIVE-20260708.md,3819,2026-07-07,attention-dq,dual feed-drain delayed-completion slice,s8192,NO-GO,+24.51us 0/2; +58.64us 0/2,correct read_done/done contract; no benefit in serial pdf executor
results/AGENT-COORDINATION-ARCHIVE-20260708.md,3839,2026-07-07,attention-dq,dQ bulk-red gate map completion,nano/s1024/s2048/s3072 + small,MEASUREMENT,nano -1.95/-4.90 + 4/4 esc @120; s1024 -11.33/-5.95; s2048 -22.99/-17.14; s3072 -10.75/-12.83us; small order-mixed NO-GO,gate = H256/D64 S 512-4096; s8192 stays refuted; win grows to s2048
results/AGENT-COORDINATION-ARCHIVE-20260708.md,3914,2026-07-07,itax-dag,microbatch-interleave structural proposal,nano/deep/small,NOTE,machinery floor exceeds gap: nano 283.6 vs 248.2; deep 717.3 vs 541.4us,short/deep starvation-bound; op bodies cannot close them
results/AGENT-COORDINATION-ARCHIVE-20260708.md,3957,2026-07-07,attention-dq,widened dQ bulk-red default gate applied,nano/s1024/s2048/s3072,PROMOTED,forced-old s2048 +13.07 (2/40)/+18.21us (1/40); nano +1.90/+0.86,default set now {nano;s1024;s2048;s3072;s4096;deep}; small/s8192 out
results/AGENT-COORDINATION-ARCHIVE-20260708.md,3992,2026-07-07,attention-dq,dual feed-drain one-pending overlap,s8192,NO-GO,+42.29us 1/2; +86.03us 0/2,parity clean; one-pending pdf executor path rejected
results/AGENT-COORDINATION-ARCHIVE-20260708.md,4064,2026-07-07,attention-dq,dual feed-drain multi-slot drain ring,s8192,NO-GO-CORRECTNESS,A/B stalled before PARITY; job deleted,ring protocol unsafe/deadlock; keep default-off
results/AGENT-COORDINATION-ARCHIVE-20260708.md,4168,2026-07-07,rowop,RMS dX H256 gate map s2048+s3072,s2048/s3072,MEASUREMENT,s3072 -12.91/-13.06us 40/40; s2048 -3.17/-1.39 + 4/4 esc @120 (81-91/120),S-map complete: wins 128/512/1024/2048/3072/8192 losses 256/4096; S512 dqf2 closed N/A by source read
results/AGENT-COORDINATION-ARCHIVE-20260708.md,4187,2026-07-07,tma-smem,SW128+TMA attention staging milestone T,s2048-s8192,MEASUREMENT,S8192 1.28-1.32x (-68..-71us/pass); S4096 1.12-1.21x; s2048 mixed,SW128 same-buffer dual-view validated; prior blocker refuted; P2 MK_ATTN_DQ_TMA_STAGE open
results/AGENT-COORDINATION-ARCHIVE-20260708.md,4214,2026-07-07,rowop,RMS dX H256 mid-S gate applied,s2048/s3072,PROMOTED,forced-old +11.39/+11.34us 2/40 both orders,tuple now (128;512;1024;2048;3072;8192)
results/AGENT-COORDINATION-ARCHIVE-20260708.md,4226,2026-07-07,measurement,shared gate batch pre-gates,all,NOTE,test_ops+test_model ALL PASSED; LD gate 0 sectors vs 2906 baseline,dW SK1 removed residual benign dynamic-indexing loads
results/AGENT-COORDINATION-ARCHIVE-20260708.md,4325,2026-07-07,itax-dag,interpreter-tax decomposition phases 1+2,8 shapes,LAW,floors s128 261.8 / s256 270.5 / nano 283.6 / s1024 301.3 / s4096 433.6 / s8192 493.4 / small 575.8 / deep 717.3us; hop ~3.4-4.0us df / 5.4-6.2 pdf; floor/gap 110-133% short -> 16% s8192,74-79% claim+idle; sync-elision dead; hop deletion worth ~3.5us machinery
results/AGENT-COORDINATION-ARCHIVE-20260708.md,4346,2026-07-07,measurement,post-bulkred affected-shape score refresh,nano/s1024/s2048/s3072,MEASUREMENT,nano 1.381x; s1024 1.588x; s2048 1.657x; s3072 1.708x,all moves explained by promotions; s3072 includes mid-job RMS dX widening
results/AGENT-COORDINATION-ARCHIVE-20260708.md,4356,2026-07-07,gemm-dw,dW SK1 no-atomic mid/long-S gate map,s1024-s8192,MEASUREMENT,s1024 wash (-2.74/+2.24); s2048 -39.15/-35.90 40/40; s3072 -28.59/-24.32 40/40; s4096 -36.21/-38.93 40/40; s8192 -38.67/-28.38us,four promotions ~-30..-39us/step across long-S frontier
results/AGENT-COORDINATION-ARCHIVE-20260708.md,4388,2026-07-07,attention,FA4 D128 bwd SASS comparison,qwen D128,SASS-PROOF,all attention wgmma chains serialized (DEPBAR+ARRIVE+desc rebuild per HGMMA; 24 drains/stage) vs FA4 8 back-to-back; D128 MMA-issue handicap 1.8x,top borrowables: descriptor-uniformity idiom; exp2-prebias D128; LSE/Drow smem staging D128
results/AGENT-COORDINATION-ARCHIVE-20260708.md,4414,2026-07-07,itax-dag,MK_ACCT_RELEASE_ATOM accounting publish,deep,NO-GO-CORRECTNESS,wlm worst_grad_rel 1041/5730 both orders; loss bit-equal,fence is load-bearing for DATA; acct ~0.9us/batch protocol-irreducible
results/AGENT-COORDINATION-ARCHIVE-20260708.md,4432,2026-07-07,gemm-dw,dW SK1 mid/long-S gate applied,s2048/s3072/s4096/s8192,PROMOTED,forced-old s2048 +46.24/+40.80us 0/40; s2048 default arm ~1718us => ~1.61x pending cert,s1024 kept out; joins uncommitted gate batch
results/AGENT-COORDINATION-ARCHIVE-20260708.md,4456,2026-07-07,itax-dag,microbatch-interleave v0 probe,s128/nano/deep/small,MEASUREMENT,merged ratios s128 0.599 / deep 0.654 / nano 0.664 / small 0.820; per-microbatch beats baseline at s128/nano/deep,starvation thesis confirmed; biggest short-S/deep lever; critical_path unchanged
results/AGENT-COORDINATION-ARCHIVE-20260708.md,4508,2026-07-07,attention-dq,drain ring immediate-flush control,s8192,NO-GO,+180.16us 0/2; +153.57us 0/2,correctness-clean; hang isolated to deferred multi-outstanding overlap not ring bookkeeping
results/AGENT-COORDINATION-ARCHIVE-20260708.md,4529,2026-07-07,attention-dq,s8192 dQ bulk-red post-dW-SK1 resweep,s8192,REFUTED,+98.37us (1/24)/+100.06us (0/24) vs original +39..+55,refutation upheld and strengthened; on-path wait law amplified by tighter schedule
results/AGENT-COORDINATION-ARCHIVE-20260708.md,4540,2026-07-07,measurement,correctness soak @3f21e1e,all,MEASUREMENT,8/8 suite passes (2x test_ops + 6x test_model),promotion burst correctness-solid
results/AGENT-COORDINATION-ARCHIVE-20260708.md,4561,2026-07-07,itax-dag,microbatch-interleave v1 shared-weight probe,s128/nano/deep/small,MEASUREMENT,ratios 0.589/0.662/0.653/0.816; with host grad sum 0.663/0.724/0.718/0.871; per-seq 474.8 s128 / 1635.0 deep vs baselines 492.9/1776.5,true grad-accum semantics; warm-launch-before-merge gotcha
results/AGENT-COORDINATION-ARCHIVE-20260708.md,4605,2026-07-07,gemm-dx,qwen head-dX n256 splitK-SKR,qwen4b-l1/l2,NO-GO,l1 sk3 +230.43/+220.42 0/16; sk2 +54.45; sk4 +688.51; sk6 +250.86; l2 sk3 +769.07/+420.03us,SKR-law extension: pays only when gemm exclusive; sink pool already absorbs idle SMs
results/AGENT-COORDINATION-ARCHIVE-20260708.md,4637,2026-07-07,attention-dq,s2048 dQ float2-store rescreen (fable),s2048,NO-GO,-9.41 (35/40)/-1.18; esc default-first -5.92/-7.02 but variant-first +0.43/-1.42,order-asymmetric; _H256_DQ_FLOAT2_S map complete: wins 128/256/3072/8192 no-gos 1024/2048/4096 S512 N/A
results/AGENT-COORDINATION-ARCHIVE-20260708.md,4645,2026-07-07,qwen,qwen ST-S3 default-on promotion candidate,qwen4b-l1,VALIDATED-PARKED,remote isolated env-forced -546.24/-506.48us 16/16; local default-vs-off -527.66/-530.10 16/16; nan retired by clean-remote worker audit,shared landing blocked by concurrent model.py/mk.py gate ownership
results/AGENT-COORDINATION-ARCHIVE-20260708.md,4666,2026-07-07,itax-dag,mbi v1 lse_parts access-set fix,s128/nano/deep/small,MEASUREMENT,merged+sum ratios 0.662/0.725/0.703/0.867; grad_rel 0.0051/0.0048/0.0077/0.000001,root cause: _access_sets missing flags&2048 args[9] write; one-line mk.py fix
results/AGENT-COORDINATION-ARCHIVE-20260708.md,4709,2026-07-07,architecture,mbi native microbatches=2 in-model integration remote isolated gate,s128;nano;deep;small,PROMOTED,native ratio s128 0.694 / nano 0.745 / deep 0.727 / small 0.879; grad_rel<=0.0087,one merged df launch; host-side grad sum
results/AGENT-COORDINATION-ARCHIVE-20260708.md,4752,2026-07-07,architecture,mbi in-kernel OP_AXPY_F32 grad-sum tail shape-gated default,s128;nano;deep;small,PROMOTED,s128 976.11us vs 1008.94 GO; nano GO; deep 3277.90 vs 3351.71 GO; small 6018.11 vs 5626.72 NO-GO,on for H256 s128/nano/deep; off exact small
results/AGENT-COORDINATION-ARCHIVE-20260708.md,4788,2026-07-07,qwen,qwen4b-l1 post-ST-S3 score/profile refresh,qwen4b-l1,MEASUREMENT,mk 7474.85us vs graph+ 7186.72 ratio 1.0401x (was 1.1136x; mk -458.11us); lm-head fwd 2452.8->1869.5,supersedes older ST-S3 qwen no-go proof
results/AGENT-COORDINATION-ARCHIVE-20260708.md,4805,2026-07-07,architecture,mbi.py wrapper + test_mbi + _access_sets fused-CE fix landed (96efec5),nano;deep;small;s128,PROMOTED,route-identity byte-identical; per-seq beats graph+ at s128/deep; small 1.68x->1.36x,worktree branch itax-3f21e1e
results/AGENT-COORDINATION-ARCHIVE-20260708.md,4830,2026-07-07,architecture,mbi n-sweep n=2/3/4,s128;nano;deep;small,MEASUREMENT,s128 1.47/1.75/1.89x; nano 1.37/1.49/1.52x; deep 1.42/1.47/1.49x; small 1.17/1.14/1.11x,benefit tracks itax starvation ordering; host grad-sum caps curve
results/AGENT-COORDINATION-ARCHIVE-20260708.md,4851,2026-07-07,architecture,mbi in-kernel AXPY grad-sum tail (381365f),deep;nano,PROMOTED,deep n=2 -82.4us; nano wash +/-6us; deep n=3 REFUTED +248.5us,default in-kernel only at n=2; cold-sink capacity is a budget
results/AGENT-COORDINATION-ARCHIVE-20260708.md,4884,2026-07-07,qwen,qwen L2 ST-S3 force screen (MK_GEMM_N256_NT_SUPERTILE),qwen4b-l2,VALIDATED-PARKED,a_first -504.27us 16/16; b_first -301.66us 16/16; parity clean,promote-candidate; consider exact l2 default after port
results/AGENT-COORDINATION-ARCHIVE-20260708.md,4933,2026-07-08,architecture,wgmma descriptor serialization probe (27-kernel sweep),standalone,REFUTED,descriptor idiom non-factor; __noinline__ ABI boundary (ptxas C7510) serializes; 196/196 HGMMA serialized in-model; 1.60x @64x64 / 1.15x @n128 / ~1.0 @n256,flat probes overestimate; follow-up = forceinline bodies
results/AGENT-COORDINATION-ARCHIVE-20260708.md,4969,2026-07-07,ce,_access_sets fused-CE lse-partials fix shared port,multi,PROMOTED,route-identical: nano 152/77/66; deep 436/213/186; small 264/145/126; s8192 183/80/62; qwen4b-l2 78/44/14,committed on shared megakernel branch
results/AGENT-COORDINATION-ARCHIVE-20260708.md,5001,2026-07-07,architecture,mbi n-sweep completion cells,s256;s1024,MEASUREMENT,s256 1.49/1.65/1.71x n=2/3/4; s1024 1.31/1.36/1.43x,
results/AGENT-COORDINATION-ARCHIVE-20260708.md,5012,2026-07-07,architecture,mbi pdf opt-in (16c7d39) + tmap hazard fix,s2048,PROMOTED,s2048 pdf n=2 1.27x (per-seq 1394.8us vs 1766.4),tmap raw-pointer descriptors bypass buffer remap; keep replica weights alive on tmap routes
results/AGENT-COORDINATION-ARCHIVE-20260708.md,5038,2026-07-08,architecture,mbi s3072+s4096 pdf cells (interleave map complete),s3072;s4096,MEASUREMENT,s3072 n=2 1.18x; s4096 1.13x; n=2 map s128 1.47 .. s4096 1.13 monotone,starvation law holds end to end
results/AGENT-COORDINATION-ARCHIVE-20260708.md,5080,2026-07-07,qwen,qwen ST-S3 current-head port gates @38e03b9,qwen4b-l1;qwen4b-l2,VALIDATED-PARKED,route l1 47/26 ntst=1; l2 78/44 ntst=1; forced test_ops + default test_model pass; LOCAL:0,port validated; pending score/profile
results/AGENT-COORDINATION-ARCHIVE-20260708.md,5114,2026-07-08,architecture,mbi s8192 completeness cell,s8192,MEASUREMENT,pdf n=2 1.08x (5861.0 vs 6306.2); matches itax prediction ~1.05x,
results/AGENT-COORDINATION-ARCHIVE-20260708.md,5122,2026-07-08,architecture,mbi s128 asymptote n=6/8,s128,LAW,n=6 2.01x; n=8 2.00x saturates; merged per-mb -> s128 machinery floor 261.8us; host grad-sum 26-27% at high n,asymptotic speedup = solo/floor bounded by sum cost
results/AGENT-COORDINATION-ARCHIVE-20260708.md,5144,2026-07-08,scheduling,small cold_cap post-dW-SK1 resweep,small,FLIP-PROMOTED,cap=0 wins -14.86us (110/120) and -9.55us; cap16 +21.6; cap33 +10.1,flip 48->0; source deferred to model.py owner
results/AGENT-COORDINATION-ARCHIVE-20260708.md,5163,2026-07-07,attention-dq,SW128+TMA attention staging P2 elected-thread TMA,s2048;s3072;s4096;s8192,MEASUREMENT,s2048 -15.1/-3.8; s3072 -5.6/-10.9 both orders; s4096 wash; s8192 +68.3/+76.8,s8192 loss = feed displacement of WG2 dq feed; no P3 close in range
results/AGENT-COORDINATION-ARCHIVE-20260708.md,5174,2026-07-08,scheduling,deep cold_cap post-gates resweep,deep,NEUTRAL,cap16 stands (null vs itself); cap0 +20.2/+18.5 (1-4/120); cap64 +9.9,cap serves chain-latency-bound shapes
results/AGENT-COORDINATION-ARCHIVE-20260708.md,5212,2026-07-07,infra-process,shared dirty gate batch commit + graphstep port,multi,PROMOTED,batch 785d048; graphstep 9b325e8+e5cc832; post-port test_model ALL PASSED,shared tip e5cc832
results/AGENT-COORDINATION-ARCHIVE-20260708.md,5238,2026-07-08,scheduling,s1024+s2048 cold_cap post-gates resweep,s1024;s2048,FLIP-PROMOTED,s1024 stands (cap64); s2048 flip 0->33: cap16 -6.3/-6.2; cap33 -7.1/-7.0 (240-rep confirmed),source implication deferred
results/AGENT-COORDINATION-ARCHIVE-20260708.md,5258,2026-07-08,measurement,LD spill gate at e5cc832,small,MEASUREMENT,small executed-LD 0 sectors (was 2906),new spill-gate baseline 0
results/AGENT-COORDINATION-ARCHIVE-20260708.md,5262,2026-07-07,qwen,qwen ST-S3 38e03b9 score/profile,qwen4b-l1;qwen4b-l2,MEASUREMENT,l1 7499.5 vs 7181.7 (1.044x); l2 10031.4 vs 8666.3 (1.158x); LOCAL:0,l2 residual = lm-head/FFN GEMM + ATTN_DQ_WG128 wait
results/AGENT-COORDINATION-ARCHIVE-20260708.md,5305,2026-07-07,qwen,qwen ST-S3 e5cc832 rebase gate (f8bb96c),qwen4b-l1;qwen4b-l2,VALIDATED-PARKED,route l1 47/26 ntst1; l2 78/44 ntst1; tests + graphstep pass; LOCAL:0,promotion candidate f8bb96c
results/AGENT-COORDINATION-ARCHIVE-20260708.md,5332,2026-07-08,qwen,qwen ST-S3 e5cc832 score/profile (f8bb96c),qwen4b-l1;qwen4b-l2,MEASUREMENT,l1 7548.8 vs 7216.1 (1.046x); l2 10054.3 vs 8694.1 (1.156x),f8bb96c remains candidate; target L2 residual buckets
results/AGENT-COORDINATION-ARCHIVE-20260708.md,5385,2026-07-07,qwen,qwen ST-S3 rebase-e5cc832 gates (parallel lane),qwen4b-l1;qwen4b-l2,VALIDATED-PARKED,route proofs match pre-rebase; forced test_ops + default test_model pass; LOCAL:0,parallel duplicate rebase lane
results/AGENT-COORDINATION-ARCHIVE-20260708.md,5407,2026-07-08,qwen,qwen ST-S3 rebase-e5cc832 score/profile,qwen4b-l1;qwen4b-l2,MEASUREMENT,l1 7502.5 vs 7207.8 (1.041x); l2 10091.8 vs 8675.6 (1.163x),rebase over 05e9e97 needed before shared apply
results/AGENT-COORDINATION-ARCHIVE-20260708.md,5423,2026-07-08,scheduling,s3072+s4096 cold_cap recheck,s3072;s4096,NEUTRAL,cap0 stands; s3072 cap16 +60.7/+55.9 (0/120); cap33 +33; s4096 all lose/wash,cold-cap family complete: flips small+s2048; stand nano/s1024/deep/s3072/s4096
results/AGENT-COORDINATION-ARCHIVE-20260708.md,5445,2026-07-08,scheduling,apply cold-cap flips (05e9e97),small;s2048,PROMOTED,forced-old: small +11.52/+9.06 slower; s2048 +8.53/+7.90 slower,exact-gate one-liners in _cold_cap
results/AGENT-COORDINATION-ARCHIVE-20260708.md,5483,2026-07-07,architecture,native microbatches= integration (worktree mbi-native-e5cc832),s128;nano;deep,PROMOTED,per-seq s128 448.2us (1.521x); nano 620.5 (1.389x); deep 1755.5 (1.498x); all under graph+ baselines,worktree-landed; later retired to evidence via dedup
results/AGENT-COORDINATION-ARCHIVE-20260708.md,5514,2026-07-07,architecture,native mbi extension cells,s128;deep;small;s2048,MEASUREMENT,s128 n3 1.663x / n4 1.750x; deep n3 1.489x; small n2 1.084x; s2048 pdf n2 1.153x,first native pdf gate; host-sum n>2 validated
results/AGENT-COORDINATION-ARCHIVE-20260708.md,5534,2026-07-08,architecture,wgmma body inlining round-1 (MK_WGMMA_INLINE),small;s2048,NO-GO,SASS gate FAIL 196/196 serialized despite complete inlining; ncu local-LD 15.2M vs 0,NOT-READY; two stacked serializers: divergent guards + per-entry legalization
results/AGENT-COORDINATION-ARCHIVE-20260708.md,5559,2026-07-07,architecture,graphed merged-launch composition probe,s128;s2048,MEASUREMENT,s128 n4 graphed 342.1us/seq = 1.44x faster than graph+; s2048 pdf ~equal (+7us),gotcha: n>2 host grad adds must be inside capture
results/AGENT-COORDINATION-ARCHIVE-20260708.md,5620,2026-07-08,qwen,qwen ST-S3 05e9e97 carry-forward (1554f9d),qwen4b-l1;qwen4b-l2,VALIDATED-PARKED,route l1 47/26 ntst1; l2 78/44 ntst1; LOCAL:0,candidate commit 1554f9d; correctness evidence stays at f8bb96c
results/AGENT-COORDINATION-ARCHIVE-20260708.md,5631,2026-07-08,architecture,native n-table completion,s128;s256;nano;deep;s1024,MEASUREMENT,best-n: s128=4 (385.5us/seq); s256=3 (1.890x family max); nano=3; deep=3-4 plateau; s1024=2 (1.280x),suggested default-n {s128:4;s256:3;nano:3;deep:3;else:2}
results/AGENT-COORDINATION-ARCHIVE-20260708.md,5669,2026-07-08,architecture,native n-table mid-S tail cells,s1024;s2048,MEASUREMENT,s1024 n3 1.285x flat vs n2; s2048-pdf n3 1.288x,mid-S plateau; 13-cell family map complete
results/AGENT-COORDINATION-ARCHIVE-20260708.md,5726,2026-07-08,attention,dual-feed-drain deferred max-2 drain ring,s8192,NO-GO,default_first +230.94us (0/2); variant_first +247.04us (0/2); parity clean,do not rerun this ring/flush policy
results/AGENT-COORDINATION-ARCHIVE-20260708.md,5760,2026-07-08,qwen,qwen lm-head NT BN64 pipe frontier probe,qwen4b-l1,NO-GO,best S4W1-sw 3996.93us / 199.3 TF/s vs existing n256 body 2444.0us standalone,do not port BN64 pipe variants
results/AGENT-COORDINATION-ARCHIVE-20260708.md,5780,2026-07-08,measurement,certified re-anchor @05e9e97 (10 shapes),10-shape,MEASUREMENT,deep 1.26x (-66.9); nano 1.37x; s128 1.39x; small 1.54x (-295.0); s2048 1.64x; s8192 1.98x (-73.2); every mk step improved vs bb199ea,moves reconcile to named Jul-7 landings
results/AGENT-COORDINATION-ARCHIVE-20260708.md,5857,2026-07-08,gemm-fwd,short-GEMM shell probe flag-path canonical rows,standalone,MEASUREMENT,shell claim 1.312us; all-load K64/K256/K768 1.824/2.560/4.384us; full GEMM 3.648/5.312/9.952us,next: split MMA-chain/epilogue/interpreter cost
results/AGENT-COORDINATION-ARCHIVE-20260708.md,5938,2026-07-08,gemm-fwd,short-GEMM MMA-vs-epilogue split (mode 3),standalone,MEASUREMENT,MMA adds 0.416/1.248/4.000us over load shell; epilogue/store near-constant 1.376/1.344/1.344us,target epilogue fixed cost or interpreter issue
results/AGENT-COORDINATION-ARCHIVE-20260708.md,5948,2026-07-08,architecture,model.py-native microbatches= phase 1 (27d7e2a),nano;deep,PROMOTED,route-hash byte-identical at n=1; mb=2 parity clean; nano 1.37x deep 1.41x,supersedes wrapper for production; no warm-up / no tmap hazard
results/AGENT-COORDINATION-ARCHIVE-20260708.md,6023,2026-07-08,gemm-fwd,direct-BF16 epilogue four-lane coalesced stores,standalone,NO-GO,coalesced-scalar: n64_nn +0.274/+0.325/+0.432us; n64_nt +0.265..+0.333; n128_nt +0.349..+0.369,0042 job invalidated (shfl bug); 0046 valid
results/AGENT-COORDINATION-ARCHIVE-20260708.md,6069,2026-07-08,gemm-fwd,direct-BF16 conversion-vs-store split,standalone,MEASUREMENT,nostore-scalar: n64 ~-0.95..-1.0us; n128 ~-2.0us,global stores dominate direct epilogue; conversion small
results/AGENT-COORDINATION-ARCHIVE-20260708.md,6087,2026-07-08,architecture,native microbatches pdf gate,s2048,MEASUREMENT,native mb=2 pdf 1.24x (2743.8 vs 3391.8); wrapper read 1.27x,pdf composes with native emission order-agnostically
results/AGENT-COORDINATION-ARCHIVE-20260708.md,6117,2026-07-08,architecture,native n=4 gate,nano,MEASUREMENT,microbatches=4 1.49x (2310.8 vs 3451.5); parity 0.0074,native emission loop general in n
results/AGENT-COORDINATION-ARCHIVE-20260708.md,6123,2026-07-08,measurement,post-burst certified scoreboard @05e9e97,10-shape,MEASUREMENT,s128 1.416x; s256 1.385x; nano 1.376x; s1024 1.593x; s2048 1.641x; s3072 1.704x; s4096 1.849x; s8192 1.942x; deep 1.267x; small 1.533x (-296us),all ten improved; supersedes bb199ea anchors
results/AGENT-COORDINATION-ARCHIVE-20260708.md,6134,2026-07-08,qwen,qwen ST-S3 register epilogue (MK_GEMM_N256_NT_SUPERTILE_REG_EPI),qwen4b-l1;qwen4b-l2,PROMOTED,48-rep medians l1 -32.064/-55.392us; l2 -126.320/-115.536us; smem 151552 kept; _ntst->_ntstreg,exact qwen ST-S3 gate only
results/AGENT-COORDINATION-ARCHIVE-20260708.md,6165,2026-07-08,measurement,cross-certification of 05e9e97 anchors,10-shape,NOTE,independent runs agree: deep 1.267 vs 1.26; small 1.533 vs 1.54; s128 1.416 vs 1.39; s8192 1.942 vs 1.98,double-certified anchor set
results/AGENT-COORDINATION-ARCHIVE-20260708.md,6174,2026-07-08,architecture,native microbatches dedup/converge,multi,SUPERSEDED,mbi-native-e5cc832 retired to evidence; 27d7e2a canonical; replication nano n4 1.479 vs 1.49,unique evidence transfers (full n-table; capture gotcha)
results/AGENT-COORDINATION-ARCHIVE-20260708.md,6209,2026-07-08,qwen,qwen post-reg-epilogue score/profile,qwen4b-l1;qwen4b-l2,MEASUREMENT,l1 7476.8 vs 7184.4 (1.041x; -72us mk); l2 10071.8 vs 8652.8 (1.164x); lm-head NT 1811.9/1819.4us,next target L2 profile rows not reg-epi retest
results/AGENT-COORDINATION-ARCHIVE-20260708.md,6265,2026-07-08,qwen,qwen L2 WQKV dW hot-leaf (MK_HOT_QWEN_WQKV_DW),qwen4b-l2,PROMOTED,forced 120-rep -91.2/-90.3us; default proof -148.4/-149.6us; profile 9857.5->9769.1us; WQKV wait 1089.5->301.9 off-path,median/profile-backed; pairwise near 50/50
results/AGENT-COORDINATION-ARCHIVE-20260708.md,6294,2026-07-08,qwen,qwen L2 combined post-WQKV score/profile,qwen4b-l2,MEASUREMENT,9973.8 vs 8645.7 (1.154x); -98.0us vs post-reg; lm-head dW 5860.2us on-path dominates,next frontier = giant lm-head dW + lm-head fwd/dX
results/AGENT-COORDINATION-ARCHIVE-20260708.md,6316,2026-07-08,architecture,wgmma round-2 de-diverge (pdf entry),s2048,SASS-PROOF,megakernel_pdf 196/196 -> 0 serialized; max run 16; default builds bit-identical; LOCAL:0,red gate: pdf local-LD 4.83M->16.68M + STACK 96->688; df/ws entries stay serialized
results/AGENT-COORDINATION-ARCHIVE-20260708.md,6403,2026-07-08,tma-smem,short-GEMM D64 feed-path attribution (cp.async vs mbar-ring vs D64-TMA),standalone,NO-GO,D64 TMA vs cp_async: n64_nn +0.694/+0.406/+0.348us; n64_nt +0.687/+0.368/+0.387; n128_nt +0.502/+0.276/+0.067,do not promote D64 TMA for short direct-BF16 rows
results/AGENT-COORDINATION-ARCHIVE-20260708.md,6458,2026-07-08,gemm-fwd,short-GEMM WGMMA K-loop split,standalone,MEASUREMENT,first WGMMA prefix ~2.4us; steady ~0.56-0.58us per extra K64; full-noepi ~+1.0us fixed,target loop cadence/unrolling or per-stage wait
results/AGENT-COORDINATION-ARCHIVE-20260708.md,6491,2026-07-08,gemm-fwd,short-GEMM pair2 WGMMA wait diagnostic,standalone,MEASUREMENT,pairwise wait: K256 -1.024/-0.992us; K768 -2.944us; slope 0.54-0.58 -> ~0.31us,diagnostic only (no epilogue; upfront loads)
results/AGENT-COORDINATION-ARCHIVE-20260708.md,6528,2026-07-08,gemm-fwd,short-GEMM four-stage pair-prefetch,standalone,NO-GO,vs pair2: K64 +0.096/+0.064; K256 +0.032/+0.096; K768 -0.288/-0.160,win is pairwise wait batching not load overlap
results/AGENT-COORDINATION-ARCHIVE-20260708.md,6553,2026-07-08,qwen,qwen L2 lm-head dW hot-leaf (MK_HOT_QWEN_LM_DW),qwen4b-l2,PROMOTED,forced -272.3/-223.0us 47/48 both; default proof -247.1/-229.2us; score 9773.9 vs 8628.0 (1.133x); lm-head dW 5860.2->2886.5 off-path,next: lm-head fwd/dX + RMSNORM_BWD_DX + ATTN_DQ_WG128
results/AGENT-COORDINATION-ARCHIVE-20260708.md,6556,2026-07-08,rowop,qwen L2 rowop claim2 (MK_ROWOP_CLAIM=2),qwen4b-l2,NO-GO,+298.6us 0/48; +293.7us 0/48; parity clean,do not sweep larger rowop claim floors
results/AGENT-COORDINATION-ARCHIVE-20260708.md,6561,2026-07-08,scheduling,qwen L2 cold-release-tail8 / cold-cap0 stale-check,qwen4b-l2,NO-GO,TAIL=8: -9.1/+28.6 order-mixed; CAP=0: -9.7/+11.9 order-mixed,keep current qwen L2 cold cap policy
results/AGENT-COORDINATION-ARCHIVE-20260708.md,6564,2026-07-08,rowop,qwen L2 RMS dX R4 stale-check,qwen4b-l2,NO-GO,+60.9us 3/48; +82.0us 1/48,keep generic two-row RMS dX for H2560
results/AGENT-COORDINATION-ARCHIVE-20260708.md,6567,2026-07-08,attention,qwen L2 D128 attention claim1 rollback,qwen4b-l2,NO-GO,+270.9/+291.6us 0/48 both orders,keep D128 claim1 default; residual DQ wait = body work
results/AGENT-COORDINATION-ARCHIVE-20260708.md,6571,2026-07-08,architecture,native s128 n=4 flagship gate,s128,MEASUREMENT,1.80x (1523.8us vs 2736.1); per-seq 380.9us = 0.77x certified baseline step,confirms wrapper 1.89x window on landed native path
results/AGENT-COORDINATION-ARCHIVE-20260708.md,6578,2026-07-08,architecture,wgmma inline battery (inline + de-diverge),s2048;s4096;s8192;qwen4b-l1,NO-GO,s2048 +76.70/+83.23 (0/80); s4096 +131.46/+135.63; s8192 +503.23/+533.98; qwen +299.46/+277.39,spill tax beats fully-pipelined chains; loss grows with S
results/AGENT-COORDINATION-ARCHIVE-20260708.md,6610,2026-07-08,rowop,qwen H2560 RMS dX body (MK_RMS_DX_H2560),qwen4b-l2,PROMOTED,forced -8.5 (30/48) / -36.4 (42/48); default proof -10.5/-39.2; score 9768.4 (1.1300x),narrow exact-shape body/codegen win
results/AGENT-COORDINATION-ARCHIVE-20260708.md,6613,2026-07-08,qwen,qwen L2 broad n256 TMA C-store stale-check,qwen4b-l2,NO-GO-CORRECTNESS,illegal memory access at first synchronize; tma 19->27 tma_nt 1->9,must narrow per-instruction eligibility + parity first
results/AGENT-COORDINATION-ARCHIVE-20260708.md,6615,2026-07-08,infra-process,safe independent kernel-gap audit,none,CLOSED-BY-ANALYSIS,no disjoint unclaimed implementation lane; all candidates overlap active lanes,
results/AGENT-COORDINATION-ARCHIVE-20260708.md,6619,2026-07-08,attention-dq,qwen L2 D128 dQ RS-feed default (MK_ATTN_D128_DQ_RS),qwen4b-l2,PROMOTED,forced -133.3 (46/48) / -145.4 (48/48); default proof -123.9/-123.2; score 9682.8 (1.1196x); DQ wait 661->520us,old L2 RS-feed no-go was stale
results/AGENT-COORDINATION-ARCHIVE-20260708.md,6622,2026-07-08,qwen,qwen L2 n256 TN TMA rollback stale-check,qwen4b-l2,NO-GO,TMA-off +882.0/+876.7us 0/48 both,keep exact-qwen TN TMA feed default
results/AGENT-COORDINATION-ARCHIVE-20260708.md,6669,2026-07-08,qwen,qwen L2 n256 stage3/n-major rollback stale-check,qwen4b-l2,NO-GO,stage3=0 +739.97/+726.59 (0/48); nmajor=0 +46.34/+56.32 (4-6/48),keep stage3/n-major defaults
results/AGENT-COORDINATION-ARCHIVE-20260708.md,6675,2026-07-08,gemm-dx,qwen L2 exact n256 head-dX specialization (_hdxex),qwen4b-l2,PROMOTED,forced -10.26 (35/48) / -39.30 (42/48); default proof -23.01/-39.14; score 9660.5 (1.1148x),REG:168 STACK:112 LOCAL:0 unchanged
results/AGENT-COORDINATION-ARCHIVE-20260708.md,6679,2026-07-08,rowop,qwen L2 H2560 RMS dX R1 body probe,qwen4b-l2,NO-GO,default_first -0.27 neutral (24/48); variant_first +14.58,transient R1 source removed
results/AGENT-COORDINATION-ARCHIVE-20260708.md,6683,2026-07-08,lm-head,qwen L2 exact n256 lm-head fwd body copy,qwen4b-l2,NO-GO,+34.16us 0/8; +18.99us 3/8,source removed; fallback = D128 dQ body work
results/AGENT-COORDINATION-ARCHIVE-20260708.md,6686,2026-07-08,gemm-fwd,short-GEMM pairwise full-body gate,standalone,NO-GO,K64 +0.320/+0.288; K256 +0.128/0.000; only K768 NT -0.512,keep MK_GEMM_N64_PAIR2_BODY diagnostic-only
results/AGENT-COORDINATION-ARCHIVE-20260708.md,6718,2026-07-08,attention-dq,qwen L2 D128 dQ exp2-prebias body probe,qwen4b-l2,NO-GO,+10.18/+18.96us 8-rep both orders; route/resource/SASS unchanged,transient source removed
results/AGENT-COORDINATION-ARCHIVE-20260708.md,6775,2026-07-08,attention-dq,qwen L2 D128 dQ rowsplit skip-final-sync,qwen4b-l2,NO-GO,+44.99us 1/8; +24.74us 2/8; stack 112->160,transient source removed
results/AGENT-COORDINATION-ARCHIVE-20260708.md,6820,2026-07-08,rowop,qwen L2 H2560 RMS dX FMA-form probe,qwen4b-l2,NO-GO,smoke -3.65/-2.98 but 48-rep order-mixed +7.98/-18.42 and +7.36/-2.56,transient source removed
results/AGENT-COORDINATION-ARCHIVE-20260708.md,6846,2026-07-08,gemm-fwd,short-GEMM NT K768 narrow pairbody model gate,s128;s256;nano;deep,NO-GO,micro target -1.824us but model A/B rejects 7/8: s128 +0.03/+6.54; s256 +6.64/+1.09; nano +2.48/+4.11; deep +19.58/-5.07,keep flag diagnostic-only
results/AGENT-COORDINATION-ARCHIVE-20260708.md,6878,2026-07-08,itax-dag,short-GEMM interpreter floor attribution,standalone,MEASUREMENT,OP_NOP one-tile floor 0.928us; fill 1.088; shell-claim 1.344; N64 setup +0.416 over NOP; epilogue/store fixed ~1.28-1.31us,next = bounded fast-dispatch or output elimination
results/AGENT-COORDINATION-ARCHIVE-20260708.md,6898,2026-07-08,executor,default-pdf local-LD attribution + MK_PDF_SHELL_SMEM knob,s2048,MEASUREMENT,63% = pdf shell claim-state via LOCAL at 240/24 reg point; fix 4.83M->4.10M LD / 6.49->5.41M ST; class bound ~2% of step; P1 noinline REFUTED for class (LD worse 6.32M),knob parked default-off pending timing battery
results/AGENT-COORDINATION-ARCHIVE-20260708.md,6945,2026-07-08,measurement,short-GEMM N64 route inventory,s128;s256;nano;deep,MEASUREMENT,140 N64 rows; 0 one-tile; 12 rows <=4 tiles all s128; K768 rows all flags 8338,one-tile floor micro is synthetic upper bound
results/AGENT-COORDINATION-ARCHIVE-20260708.md,6973,2026-07-08,measurement,short-GEMM semantic output-use audit,s128;s256;nano;deep,CLOSED-BY-ANALYSIS,72 target rows; zero output roles without live readers (8338 C/SSQ 48/48 live; 1152 C/DROW 24/24 live),output-store elision closed for these rows
results/AGENT-COORDINATION-ARCHIVE-20260708.md,7009,2026-07-08,scheduling,global MK_CLAIM row-group spectrum,s128,NO-GO,MK_CLAIM=1 +1840.54/+1864.96us; =2 +1328.67/+1321.65; =4 +789.12/+803.78; 0/N wins,broad coarser claim sizing destroys s128
results/AGENT-COORDINATION-ARCHIVE-20260708.md,7032,2026-07-08,scheduling,targeted N64 small-claim override (MK_GEMM_N64_SMALL_CLAIM),s128,NO-GO,claim2 +94.58/+94.54 (0/30); claim4 +279.25/+281.33 (0/30),tile-level parallelism dominates claim overhead; reverted
results/AGENT-COORDINATION-ARCHIVE-20260708.md,7068,2026-07-08,lm-head,qwen lm-head NT supertile x2-commit probe,qwen4b-l2,NO-GO,+36.40us 2/8; +12.69us 3/8; whole-image SASS identical (mma 1960; DEPBAR unchanged),commit packing changed nothing structurally; reverted
results/AGENT-COORDINATION-ARCHIVE-20260708.md,7105,2026-07-08,gemm-fwd,short-GEMM N64 cooperative/adjacent-fusion feasibility (n128 proxy),s128,NO-GO,broad MK_WGMMA_N128 +51.38/+47.62 (0/30); SSQ-only monkeypatch +27.23/+39.89 (0/30),no generic adjacent-N64 fusion for short rows
results/AGENT-COORDINATION-ARCHIVE-20260708.md,7167,2026-07-08,lm-head,qwen lm-head NT skip-terminal-wait probe,qwen4b-l2,NO-GO,order-mixed +9.23 (3/8) / -18.08 (6/8); SASS counts identical,transient source removed
results/AGENT-COORDINATION-ARCHIVE-20260708.md,7205,2026-07-08,qwen,qwen post-NT scheduler frontier audit,qwen4b-l2,CLOSED-BY-ANALYSIS,score 9660.5 (1.1148x); wait only 5.1%; top rows lm-head NT 1830.8 / head-dX 1638.7 / RMS dX 1587.0 / D128 dQ 527.1,no scheduler-only knob remains; needs body/SASS changes
results/AGENT-COORDINATION-ARCHIVE-20260708.md,7251,2026-07-08,gemm-dx,s1024 head-dX SKR stale-check,s1024,FLIP-PROMOTED,SKR=4 -6.48us 72/80 and -4.02us 61/80; SKR=2 rejected (+0.54/+4.02),prior order-flipped no-go now positive; candidate _HEAD_DX_SKR=4
results/AGENT-COORDINATION-ARCHIVE-20260708.md,7279,2026-07-08,measurement,certified reanchor residual extraction,s8192;s4096;s3072;s1024,MEASUREMENT,s8192 1.978x: attn fwd 1023.7us on-path; DQ wait 1751.1us; lm-head/CE 250-285us; s4096/s3072 same pattern smaller,long-S targets = attention band/exposure + wait placement
results/AGENT-COORDINATION-ARCHIVE-20260708.md,7309,2026-07-08,gemm-dx,s1024 head-dX SKR=4 exact gate (a06db05),s1024,PROMOTED,default vs rollback +3.84us (29/80) / +9.31us (10/80) rollback slower; n_instr 153,model.py-only one-liner in worktree
results/AGENT-COORDINATION-ARCHIVE-20260708.md,7335,2026-07-08,executor,pdf shell-smem landing (MK_PDF_SHELL_SMEM exact qwen4b-l1),qwen4b-l1,PROMOTED,escalation -27.94 (49/60) / -32.29 (50/60); landing battery promoted-vs-old +14.77 (7/24) / +23.79 (4/24) old slower,gate exact l1 only; l2 order-mixed off; s8192 loss; mids wash; landed 865cbdb
results/AGENT-COORDINATION-ARCHIVE-20260708.md,7363,2026-07-08,executor,short-GEMM N64 fast-dispatch probe @05e9e97,s128;s256;nano;deep,VALIDATED-PARKED,s128 -13.55 (40/40) / -8.62 (38/40); s256 -5.98/-14.93; nano -9.89/-11.33; deep -55.04/-81.31 (16/16); LOCAL:0,candidate; needs current-head rebase gate
results/AGENT-COORDINATION-ARCHIVE-20260708.md,7563,2026-07-08,executor,fast-dispatch current-head promotion gate @61616fb,s128;s256;nano;deep,VALIDATED-PARKED,rebased promoted-vs-rollback: s128 +5.57/+14.34; s256 +16.56/+10.06; nano +8.83/+5.60; deep +59.89/+31.47 (rollback slower),landing-ready but blocked on dirty shared mk.py/model.py
results/AGENT-COORDINATION-ARCHIVE-20260708.md,7581,2026-07-08,executor,fast-dispatch final close (not merged),s128;s256;nano;deep,DUPLICATE,same rebased matrix as 043540Z close,extra hygiene revalidation only
results/AGENT-COORDINATION-ARCHIVE-20260708.md,7608,2026-07-08,gemm-dx,shared land s1024 head-dX SKR (6d4e86d),s1024,PROMOTED,cherry-pick a06db05 -> 6d4e86d; proof rollback +3.84/+9.31 slower,one file model.py
results/AGENT-COORDINATION-ARCHIVE-20260708.md,7634,2026-07-08,measurement,s1024 post-SKR score/profile refresh,s1024,MEASUREMENT,mk 1234.94 vs graph+ 780.45 (1.582x; was 1.607x); profile 1204.6us wait 212.0 (17.6%),causal proof = promoted-vs-rollback A/B
results/AGENT-COORDINATION-ARCHIVE-20260708.md,7658,2026-07-08,measurement,s1024 fill-zero dependency audit,s1024,CLOSED-BY-ANALYSIS,45 FILL_F32 all wave-0/off-path: param grads 35/465 tiles; dQKV_f32 4/128; drow 4/4; correctness roots identified,next = MK_EMB_SPARSE_ZERO probe; DW_NO_ATOMIC_SK1 stays closed
results/AGENT-COORDINATION-ARCHIVE-20260708.md,7677,2026-07-08,scheduling,s1024 cold_cap post-SKR recheck,s1024,NEUTRAL,cap64 stands stronger: cap0 +9.4/+8.7 (7-9/120); cap16 +18.4/+19.2 (0-1/120),SKR moved head-dX off-path -> more cap-dependent
results/AGENT-COORDINATION-ARCHIVE-20260708.md,7703,2026-07-08,rowop,s1024 sparse-embed-zero A/B,s1024,NO-GO,order-mixed: -9.25us 73/80 vs +1.78us 26/80,no-promote; do not widen qwen gate
results/AGENT-COORDINATION-ARCHIVE-20260708.md,7726,2026-07-08,gemm-dw,s1024 dW off-path structural map,s1024,CLOSED-BY-ANALYSIS,17 atomic split-K TN dW rows; wlm only sk1 (150.5us); layer rows sk>1 total 267.8us,SK1 replay wrong lane; next = layer-dW slab-reduce prototype
results/AGENT-COORDINATION-ARCHIVE-20260708.md,7762,2026-07-08,measurement,LD spill gate at 6d4e86d,small,MEASUREMENT,small 0 sectors PASS,zero baseline holds
results/AGENT-COORDINATION-ARCHIVE-20260708.md,7764,2026-07-08,gemm-dw,s1024 WGU dW slab-reduce prototype v1,s1024,NO-GO,+13.71us 0/20; +18.69us 1/20; route/fill proof exact,plain separate slab-reduce too costly
results/AGENT-COORDINATION-ARCHIVE-20260708.md,7790,2026-07-08,attention,s1024 attention body target map,s1024,CLOSED-BY-ANALYSIS,FWD 4 on-path rows 134.6us; DKV 88.0-118.2us; DQ 33.2-105.9us; defaults Ckv=2 Cq=2,next = DQ RS-feed/fp32-P stale-check then fwd body cleanup
results/AGENT-COORDINATION-ARCHIVE-20260708.md,7818,2026-07-08,attention-dq,s1024 DQ RS-feed/fp32-P stale-check,s1024,FLIP-PROMOTED,RS: -4.85 (30/40) / -2.16 (28/40); RS+fp32P: -7.84 (36/40) / -2.26 (30/40),promote candidate; route n_instr 153 unchanged
results/AGENT-COORDINATION-ARCHIVE-20260708.md,7842,2026-07-08,attention-dq,s1024 DQ RS+fp32-P source promotion,s1024,PROMOTED,x80 rollback +3.17 (34/80) / +2.88 (21/80) slower,model.py defaults; env rollbacks kept
results/AGENT-COORDINATION-ARCHIVE-20260708.md,7864,2026-07-08,attention-fwd,s1024 fwd expfold stale-check,s1024,FLIP-PROMOTED,-6.70us 33/40; -3.10us 27/40,composed with defer-rsum + DQ promotions
results/AGENT-COORDINATION-ARCHIVE-20260708.md,7885,2026-07-08,attention-fwd,s1024 fwd expfold source promotion,s1024,PROMOTED,rollback +3.60 (11/40) / +2.56 (12/40) slower,long-S no-go boundary unchanged
results/AGENT-COORDINATION-ARCHIVE-20260708.md,7906,2026-07-08,measurement,s1024 post DQ+FWD promote score/profile,s1024,MEASUREMENT,1220.96us vs 778.34 (1.569x); DQ now off-path 88.0us; FWD 133.8 DKV 122.8 on-path,next = DKV body flags or body-local prototype
results/AGENT-COORDINATION-ARCHIVE-20260708.md,7933,2026-07-08,attention-dkv,s1024 DKV row-broadcast stale-check,s1024,NO-GO,-2.64us 26/40; -0.05us 18/40 not promotion-grade,keep _H256_D64_DKV_ROW_BCAST_S empty
results/AGENT-COORDINATION-ARCHIVE-20260708.md,7958,2026-07-08,attention,s1024 exp2-prebias stale-check (attention bwd),s1024,FLIP-PROMOTED,-5.78us 32/40; -2.40us 28/40,promote candidate
results/AGENT-COORDINATION-ARCHIVE-20260708.md,7979,2026-07-08,attention,s1024 exp2-prebias source promotion,s1024,PROMOTED,x80 rollback +2.56 (31/80) / +5.54 (14/80) slower,S2048/S3072/small/qwen boundaries unchanged
results/AGENT-COORDINATION-ARCHIVE-20260708.md,8001,2026-07-08,measurement,s1024 post DQ+FWD+prebias score/profile,s1024,MEASUREMENT,1223.26 vs 780.03 (1.568x); buckets: lm-head dW 149.9 off-path; FWD 130.3; DKV 122.0; fill 106.5,next = body-local FWD/DKV or lm-head dW pressure
results/AGENT-COORDINATION-ARCHIVE-20260708.md,8033,2026-07-08,attention-dkv,s1024 DKV fp32-P body prototype,s1024,VALIDATED-PARKED,-8.45us 35/40; -6.62us 35/40 both orders; parity clean,promote candidate (dS from fp32 p0/p1; bf16 P kept for dV)
results/AGENT-COORDINATION-ARCHIVE-20260708.md,8055,2026-07-08,attention-dkv,s1024 DKV fp32-P source promotion,s1024,PROMOTED,rollback +5.70 (3/40) / +12.19 (3/40) slower,mk.py+model.py+wgmma_attention.cuh
results/AGENT-COORDINATION-ARCHIVE-20260708.md,8077,2026-07-08,measurement,s1024 post DKV-fp32P score/profile,s1024,MEASUREMENT,1209.54 vs 781.44 (1.548x; was 1.582x post-HDSKR); FWD 129.0 DKV 116.8 on-path,
results/AGENT-COORDINATION-ARCHIVE-20260708.md,8126,2026-07-08,lm-head,qwen lm-head NT fast-producer kind=5 port,qwen4b-l1;qwen4b-l2,NO-GO,order-mixed +53.10 (1/8) / -24.18 (5/8); SASS grew (TMA 186->190; BRA +12; ISETP +10),reverted to imported promoted stack
results/AGENT-COORDINATION-ARCHIVE-20260708.md,8168,2026-07-08,gemm-dw,s1024 lm-head dW route stale-check (WGMMA_TN/SK1/combo),s1024,NO-GO,TN +47.55/+53.10 (0/40); SK1 wash -0.46/+3.42; combo +35.46/+42.37 (0/40),next dW work = target-tile check or new body/reduce mechanism
results/AGENT-COORDINATION-ARCHIVE-20260708.md,8200,2026-07-08,gemm-dw,s1024 dW target-tile stale-check,s1024,NO-GO,TILES=64 +2.56/+5.15 (fan-in reduced); TILES=128 +5.71/+9.49,keep default target 96
results/AGENT-COORDINATION-ARCHIVE-20260708.md,8211,2026-07-08,architecture,collect wgi battery (duplicate collection),s2048;s4096;s8192;qwen4b-l1,DUPLICATE,same numbers as 0135Z battery no-go close,collection-only entry
results/AGENT-COORDINATION-ARCHIVE-20260708.md,8251,2026-07-08,attention-fwd,s1024 FWD alpha fastpath,s1024,NO-GO,+3.06us 14/40; +7.92us 5/40; SASS grew ISETP+16 BRA+4 SEL+8,first-active-stage rescale elision rejected
results/AGENT-COORDINATION-ARCHIVE-20260708.md,8269,2026-07-08,attention-fwd,s1024 FWD alpha fastpath collect,s1024,DUPLICATE,same 40-rep A/B as +alpha close,collector entry
results/AGENT-COORDINATION-ARCHIVE-20260708.md,8310,2026-07-08,attention-dkv,s1024 DKV atomic pointer-hoist,s1024,NO-GO,x40 +4.59 (12/40) / +5.50 (7/40); 2-rep smoke -6.54 false positive,
results/AGENT-COORDINATION-ARCHIVE-20260708.md,8331,2026-07-08,gemm-dx,s1024 MLP dX route stale-check (n128/n256 force),s1024,NO-GO,n128 +10.80 (2/80) / +17.15 (0/80); n256 bf16 +136.13/+138.43 (0/80),keep m64n64 WGMMA dX route
results/AGENT-COORDINATION-ARCHIVE-20260708.md,8379,2026-07-08,attention-fwd,s1024 FWD empty-fence skip,s1024,NO-GO,+1.06us 22/40; +0.56us 16/40; SASS counts unchanged (FENCE 104),smoke -4.53 false positive; source removed
results/AGENT-COORDINATION-ARCHIVE-20260708.md,8464,2026-07-08,attention-dkv,s1024 DKV const-scale,s1024,NO-GO,x40 -0.35 (23/40) / +2.96 (14/40); smoke -9.66 false positive,
results/AGENT-COORDINATION-ARCHIVE-20260708.md,8515,2026-07-08,attention-fwd,s1024 FWD const-scale,s1024,NO-GO,x40 -0.29 (24/40) / +4.51 (11/40); SASS only FMUL-4 MOV-7 R2UR-4,
results/AGENT-COORDINATION-ARCHIVE-20260708.md,8551,2026-07-08,gemm-dw,s1024 wlm dW sk1 same-route atomic-elide,s1024,NO-GO,x40 +6.86 (7/40) / +8.58 (5/40); smoke -9.30 false positive,atomic epilogue not the dW lever
results/AGENT-COORDINATION-ARCHIVE-20260708.md,8586,2026-07-08,rowop,s1024 sparse-zero stale-check post-attention-promotes,s1024,NO-GO,x80 -4.91 (69/80) / +0.48 (29/80) order-mixed,keep no-promote
results/AGENT-COORDINATION-ARCHIVE-20260708.md,8608,2026-07-08,rowop,s1024 RMS backward split rollback stale-check,s1024,NEUTRAL,rollback shortens route 153->144 but loses +1.12 (44/80) / +6.93 (13/80),keep split RMS backward; target cold dW body/atomic sink
results/AGENT-COORDINATION-ARCHIVE-20260708.md,8732,2026-07-08,gemm-dw,s1024 TN dW TMA reduce-add epilogue (MK_DW_TN_TMA_RED),s1024,PROMOTED,x80 -8.58 (74/80) / -3.79 (53/80); shared rollback +3.65 (8/40) / +7.55 (4/40) slower,bulk-reduce SASS audit passed; exact-s1024 default-on
results/AGENT-COORDINATION-ARCHIVE-20260708.md,8749,2026-07-08,measurement,s1024 post-dwtntr score/profile refresh,s1024,MEASUREMENT,score 1211.0 vs 707.1 (1.713x; graph+ window moved); profile 1196.5->1184.2us; lm-head dW 150.7->143.1; WQKV dW 89.4->79.0,forced-old A/B remains causal proof
results/AGENT-COORDINATION-ARCHIVE-20260708.md,8825,2026-07-08,rowop,s1024 H256 RMS dW cold-sink fold (MK_RMS_DW_H256_FOLD),s1024,NO-GO,passed x40/x80 (-4.46/-3.57) but shared rollback reverse order failed: forced-old -9.12 wins 38/40,shared patch backed out immediately
results/AGENT-COORDINATION-ARCHIVE-20260708.md,8903,2026-07-08,gemm-dw,s1024 WGU dW slab-reduce v2 (+cold-producer fix),s1024,NO-GO,x40 -2.80 (27/40) / +9.58 (5/40); cold fix -1.30 (20/40) / +9.92 (4/40),slab producer breaks cold-leaf criticality heuristic
results/AGENT-COORDINATION-ARCHIVE-20260708.md,8925,2026-07-08,rowop,s1024 sparse embedding-grad zero probe,s1024,NO-GO,x40 -7.42 (39/40) / +2.27 (14/40) order-mixed; route 153->154,
results/AGENT-COORDINATION-ARCHIVE-20260708.md,8997,2026-07-08,executor,fast-dispatch shape-gate composition @6d4e86d,s128;s256;nano;deep;s1024,VALIDATED-PARKED,global default rejected at s1024 (-15.66/-8.82 for rollback); shape-gated rollback slower: s128 +11.86/+11.90; s256 +17.71/+8.50; nano +5.39/+9.01; deep +55.28/+47.30,do not land sibling directly; re-import onto current shared head
results/AGENT-COORDINATION-ARCHIVE-20260708.md,9073,2026-07-08,attention-dkv,s1024 DKV C2 static body,s1024,NO-GO,x80 +8.82 (4/80) / +0.94 (26/80); smoke -5.04 false positive,resource unchanged; timing fails causal gate
results/AGENT-COORDINATION-ARCHIVE-20260708.md,9157,2026-07-08,attention-fwd,s1024 FWD C1 static body,s1024,NO-GO,x80 -4.19 (58/80) / +1.50 (27/80) order-split; smoke -14.53 2/2,construction-order sensitive
results/AGENT-COORDINATION-ARCHIVE-20260708.md,9182,2026-07-08,tma-smem,s1024 D64 TMA NN Kmin24 subset stale-check,s1024,NO-GO,x40 +16.91 (1/40) / +24.96 (0/40); 4 TMA rows GEMMNN 1024x256x1536; stack down LOCAL:0,do not promote this D64-TMA subset
results/AGENT-COORDINATION-ARCHIVE-20260708.md,9201,2026-07-08,architecture,wgmma inline round-3 frame war,s2048;s8192,NO-GO,s2048 +45.81/+60.56 (0/40); s8192 +442.10/+426.66 (0/16); levers removed 60% of round-2 spill-tax sectors,~70% residual local traffic = attention-bwd body S^2-scaled at 240 regs; round-4 = df/ws entry-skeleton bisect; D128 CFG-prune law
results/AGENT-COORDINATION-ARCHIVE-20260708.md,9245,2026-07-08,gemm-dx,s1024 MLP dX static prototype (MK_GEMM_MLPDX_STATIC),s1024,VALIDATED-PARKED,outputs bit-identical; micro -6.0us/op both orders (27.1->21.1); resource unchanged spill-free,viable default-off prototype; needs full-step A/B
results/AGENT-COORDINATION-ARCHIVE-20260708.md,9289,2026-07-08,gemm-fwd,s1024 direct-BF16 epilogue default (exact s1024),s1024,PROMOTED,x80 -24.38 (80/80) / -18.61 (79/80); forced-old +15.28 (1/40) / +17.89 (0/40) slower,16 eligible rows / 832 tiles selected-path; tests pass
results/AGENT-COORDINATION-ARCHIVE-20260708.md,9293,2026-07-08,gemm-dx,s1024 MLP dX static full-step gate,s1024,NO-GO,x40 -4.58 (29/40) / +2.35 (15/40); x80 -3.06 (60/80) / +2.06 (33/80); static stack +16B,micro win did not compose full-step
results/AGENT-COORDINATION-ARCHIVE-20260708.md,9295,2026-07-08,measurement,s1024 post-directbf16 score/profile refresh,s1024,MEASUREMENT,mk 1195.6; mk+graph 1172.5; graph+ 783.6 (1.526x); MLP dX bucket 103.5->91.8us,
results/AGENT-COORDINATION-ARCHIVE-20260708.md,9301,2026-07-08,attention-fwd,s1024 FWD direct-O epilogue prototype,s1024,NO-GO,x40 -1.60 (25/40) / +6.53 (6/40) order-mixed; smoke -15.31,no reopen without coalescing redesign
results/AGENT-COORDINATION-ARCHIVE-20260708.md,9302,2026-07-08,measurement,s1024 post-directbf16 next-gap triage,s1024,CLOSED-BY-ANALYSIS,remaining candidates: DKV split-wait; DKV dK-half feed; FWD de-diverge; grouped FILL; dW ordered-store,avoid list: sparse-zero WGU-SKR direct-O mlpdx-static D64-TMA C-static RMS-fold bcast/ptrhoist
results/AGENT-COORDINATION-ARCHIVE-20260708.md,9310,2026-07-08,attention-fwd,s1024 FWD de-diverge default (MK_ATTN_FWD_DEDIVERGE),s1024,PROMOTED,x80 -10.67 (78/80) / -1.01; x160 -2.74 (106/160); promoted A/B -8.93 (77/80) / -1.58 (57/80); df2 stack 80->64 df 64->48,test_ops+test_model pass
results/AGENT-COORDINATION-ARCHIVE-20260708.md,9312,2026-07-08,measurement,s1024 post-fwddediv score/profile,s1024,MEASUREMENT,1184.1 vs 783.4 (1.511x); profile 1170.6us; buckets: off-path wlm dW 142.9; FWD 125.9; DKV 113.7; FILL 105.3,route log later found crashed; repaired duplicate at 9401
results/AGENT-COORDINATION-ARCHIVE-20260708.md,9314,2026-07-08,rowop,s1024 sparse-embed zero post-fwddediv stale check,s1024,NO-GO,x80 -6.96 (74/80) / -0.48 (39/80); x160 +2.35 (73/160),keep default off; no reopen from stack drift alone
results/AGENT-COORDINATION-ARCHIVE-20260708.md,9323,2026-07-08,qwen,qwen promoted-stack current-head port (kind6 fix),qwen4b-l1;qwen4b-l2,PROMOTED,stack vs rollback x80: l1 +552.96 (0/80) / +525.01 (1/80); l2 +1127.18/+1194.37 (0/80) rollback slower,kind4 collision hang fixed via kind=6 producer; sibling validated not shared-landed
results/AGENT-COORDINATION-ARCHIVE-20260708.md,9384,2026-07-08,tma-smem,s2048 D64 TMA current-head audit,s2048,NEUTRAL,default already includes S2048; forced-old +37.98 (0/80) / +35.87 (1/80) slower; n256tst keep (off +7.79/+13.18),stale prompt text corrected; D=128 test flake not reproduced
results/AGENT-COORDINATION-ARCHIVE-20260708.md,9401,2026-07-08,measurement,s1024 post-fwddediv score/profile repair close,s1024,DUPLICATE,same numbers as 074800Z close (1184.1us; 1.512x),artifact repair + duplicate release
results/AGENT-COORDINATION-ARCHIVE-20260708.md,9406,2026-07-08,gemm-dw,s1024 WGU dW slab-reduce v3 (route-correct),s1024,NO-GO,x40 +7.81 (5/40) / +8.58 (5/40); route proof exact (4 fills removed; 4 reduce hops),do not widen slab-reduce to wd/wqkv/wo
results/AGENT-COORDINATION-ARCHIVE-20260708.md,9413,2026-07-08,rowop,s1024 grouped matrix-dW fill route (OP_FILL_F32_MULTI),s1024,NO-GO,group2 sibling x160 positive both orders but shared promoted-default failed a_first +3.04 (24/80); reverted,route 153->145 at group2; no reopen from instruction-count evidence
results/AGENT-COORDINATION-ARCHIVE-20260708.md,9416,2026-07-08,qwen,qwen stack current residual score/profile,qwen4b-l1;qwen4b-l2,MEASUREMENT,l1 7609.95 vs 7277.38 (1.0457x; gap 332.58us); l2 9803.04 vs 8822.40 (1.1112x; gap 980.64us),lm-head fwd ~1.83ms and dX ~1.68-1.70ms lead; l2 RMS dX 1563us on-path
results/AGENT-COORDINATION-ARCHIVE-20260708.md,9418,2026-07-08,rowop,qwen4b-l2 RMS H2560 forced-old gate,qwen4b-l2,NEUTRAL,forced-old x80 +31.52 (19/80) / -11.84 (39/80); x240 +0.32/+22.82,keep current H2560 body; not a strong new-source lever
results/AGENT-COORDINATION-ARCHIVE-20260708.md,9419,2026-07-08,measurement,s1024 post-fillmulti next-gap triage,s1024,CLOSED-BY-ANALYSIS,correction: DQ RS/fp32P already promoted; lm-head toggles no-go or qwen-owned,chosen next lane = DKV bulk-reduce drain
results/AGENT-COORDINATION-ARCHIVE-20260708.md,9423,2026-07-08,attention-dkv,s1024 DKV bulk-reduce drain (MK_ATTN_DKV_BULK_RED),s1024,NO-GO,x40 +24.80 (0/40) / +18.58 (0/40),staged cp.reduce pays staging+fence+full-wait vs direct float2 atomics
results/AGENT-COORDINATION-ARCHIVE-20260708.md,9425,2026-07-08,qwen,qwen NT-head dX SASS/body inventory,qwen4b-l1;qwen4b-l2,CLOSED-BY-ANALYSIS,SASS: kind6 NT stack is real body change (l1 pdf +2608 total; UTMALDG +12; CE FADD +416; l2 +6392),chosen next lane = lm-head NT body-v2 (supertile impl<3>); no-reopen list recorded
results/AGENT-COORDINATION-ARCHIVE-20260708.md,9431,2026-07-08,lm-head,qwen lm-head NT CE2PASS body-v2 (interim),qwen4b-l1;qwen4b-l2,PARKED,SASS -792/-800 total; MUFU.EX2 -822; L2 x40 -0.48 (25/40) / -25.06 (32/40) mixed; pdf stack 96->112; later L1 x40 -42.10 (29/40) / -43.41 (34/40),kept default-off; lane still open at archive end; CEFAST second candidate added
results/AGENT-COORDINATION.md,78,2026-07-08,attention,small attention inline-failure attribution (_sattninl forced image),small,ROUTE-AWAY,whole-image SASS unchanged: HGMMA=196 DEPBAR=196 hist{1:196} max run 1; no C7510/C7519,function-attribute inlining lanes closed; need new emitted async-group/wait contract
results/AGENT-COORDINATION.md,82,2026-07-08,attention,small attention inline WGMMA body lane MK_INLINE_SMALL_ATTN_WGMMA_BODIES,small,NO-GO,cadence unchanged HGMMA=196 ARRIVE=392 DEPBAR=196 max run 1; stack grew df 32->128 df2 64->144 ws 64->128,closed at SASS/resource gate; inlining visible but no cadence change; no timing
results/AGENT-COORDINATION.md,90,2026-07-08,qwen,qwen NT descriptor operand-fidelity SASS probe,qwen4b,ROUTE-AWAY,all 6 variants spill-free; pair2k with production .tnspB/K-MN/MN128 descriptors still grouped {16:4} with 4 DEPBAR vs production singleton,operand form/pressure/384-thread/smem not sufficient; next reproducer needs production body embedding
results/AGENT-COORDINATION.md,98,2026-07-08,ce,qwen lm-head NT CE2PASS reducer,qwen4b-l1/l2,NO-GO,L1 system x40 -42.10/-43.41us but .venv-fa4 x80 only -16.26us with 2 nan-loss failures; L2 +15.58/+22.10us,do not promote; isolate qwen NaN/parity flake before revisiting reducer
results/AGENT-COORDINATION.md,100,2026-07-08,ce,qwen NT CEFAST impossible-guard removal,qwen4b-l1/l2,NO-GO,L1 neutral/order-mixed x40 -4.08us (25/40) / +12.18us (21/40); L2 +43.39us slower,move to structural qwen body/protocol change
results/AGENT-COORDINATION.md,106,2026-07-08,lm-head,qwen L2 head-dX PDF-only exact body MK_GEMM_N256_HEAD_DX_PDFONLY,qwen4b-l2,VALIDATED-PARKED,x40 -32.40us (27/40)/-37.30us (34/40); x80 -27.02us (54/80)/-33.92us (67/80); SASS UTMALDG.2D -15 ELECT -15 total -192,promote candidate; not to land until qwen kind6 stack is shared base
results/AGENT-COORDINATION.md,108,2026-07-08,lm-head,qwen head-dX exact structural audit,qwen4b-l2,CLOSED-BY-ANALYSIS,current route = exact no-split n256 NN fp32 80 CTAs stage3 direct float2 stores,selected pairwise WGMMA wait batching (K64 mainloop cadence) as next hook
results/AGENT-COORDINATION.md,111,2026-07-08,lm-head,qwen head-dX pair2 WGMMA wait (static defer),qwen4b-l2,PARKED,static/fake-route gates passed; no GPU validation run,deferred to avoid overlapping PDF-only lane on local GPU; resumed later as separate close
results/AGENT-COORDINATION.md,113,2026-07-08,attention-fwd,s1024 attention-body next-gap triage,s1024,CLOSED-BY-ANALYSIS,FWD largest pure on-path body bucket 125.9us; S1024 rows unsplit C=1,selected MK_ATTN_FWD_MASK_SPLIT (split score loop by stage-uniform causal-mask predicate)
results/AGENT-COORDINATION.md,121,2026-07-08,attention-fwd,s1024 FWD score-mask split MK_ATTN_FWD_MASK_SPLIT default,s1024,PROMOTED,sibling x80 -2.59us (62/80)/-8.86us (70/80); shared rollback x80 -2.86us (59/80)/-5.57us (71/80); resource identical spill-free,exact-S1024 default; rollback MK_ATTN_FWD_MASK_SPLIT=0; test_ops+test_model pass
results/AGENT-COORDINATION.md,124,2026-07-08,lm-head,qwen head-dX pair2 WGMMA wait GPU validation,qwen4b-l2,NO-GO,SASS +736 total HGMMA.64 +12 UTMALDG +35; x40 +16.03/-20.22; x80 +12.80us (27/80)/-4.91us (49/80) order-mixed,do not reopen this exact pairwise K-stage wait batching
results/AGENT-COORDINATION.md,126,2026-07-08,qwen,qwen post-pair2 next-gap triage,qwen4b-l2,CLOSED-BY-ANALYSIS,SASS objective: HGMMA unchanged while WARPGROUP.ARRIVE/DEPBAR fall,selected NT supertile pair-GMMA (batch two same-stage 64x128 strip GMMAs under one arrive/commit/wait)
results/AGENT-COORDINATION.md,131,2026-07-08,lm-head,qwen NT supertile pair-GMMA MK_GEMM_N256_NT_SUPERTILE_PAIRGMMA,qwen4b-l1,NEUTRAL,emitted SASS identical except source-path metadata; opcode delta 0 lines; HGMMA/WARPGROUP count 3180 both,no-effect; no timing run; do not reopen without assembly-level mechanism
results/AGENT-COORDINATION.md,142,2026-07-08,lm-head,qwen kind6 stack composition + L2 head-dX PDF-only default integration,qwen4b-l2,PROMOTED,shared rollback-vs-default x80 +19.94/+14.24us (forced-old slower); SASS UTMALDG.2D -75 SYNCS.ARRIVE -15; megakernel stack 160->144; tests pass,rollback MK_GEMM_N256_HEAD_DX_PDFONLY=0
results/AGENT-COORDINATION.md,147,2026-07-08,qwen,qwen post-PDF-only residual refresh,qwen4b-l1/l2,MEASUREMENT,L1 gap 204.48us (1.02754x); L2 gap 972.13us (1.10936x); top rows lm-head fwd 1879.3/1844.5us head-dX 1704.9/1638.9us L2 RMS dX 1566.0us,next work must inspect post-PDF SASS/source first
results/AGENT-COORDINATION.md,150,2026-07-08,lm-head,qwen post-PDF NT-head SASS/source triage,qwen4b,CLOSED-BY-ANALYSIS,NT supertile still compiles non-PDF consumer TMA fallback into largest row,selected MK_GEMM_N256_NT_SUPERTILE_PDFONLY compile-prune (default-off)
results/AGENT-COORDINATION.md,159,2026-07-08,qwen,qwen post-PDF NT/head-dX SASS-source inventory (duplicate claim),qwen4b,SUPERSEDED,,duplicate of 101219Z triage; NT supertile PDF-only lane already registered
results/AGENT-COORDINATION.md,168,2026-07-08,lm-head,qwen NT supertile PDF-only compile-prune promote,qwen4b-l1/l2,PROMOTED,shared rollback x80 L1 +85.01/+92.51us; L2 +79.22/+67.86us (forced-old slower); UTMALDG.2D -12 SYNCS -3/-2 HGMMA/WARPGROUP unchanged; tests pass,rollback MK_GEMM_N256_NT_SUPERTILE_PDFONLY=0
results/AGENT-COORDINATION.md,171,2026-07-08,qwen,qwen post-NT-PDF-only residual refresh,qwen4b-l1/l2,MEASUREMENT,L1 gap 135.87us (7558.37 vs 7422.50us; 1.0183x); L2 gap 846.66us (9806.43 vs 8959.78us; 1.0945x); top L2 rows NT 1819.4 head-dX 1647.8 RMS dX 1574.1us,next: RMS H2560 mechanism then head-dX cleanup
results/AGENT-COORDINATION.md,173,2026-07-08,rowop,qwen L2 RMS-headDX next-hook triage (duplicate claim),qwen4b-l2,SUPERSEDED,,duplicate; 105955Z close already selected H2560 RMS dX weight-cache hook
results/AGENT-COORDINATION.md,184,2026-07-08,infra-process,talk-site fresh-series refresh (post-burst certified sweep),12 shapes,NOTE,fresh series = 12-shape certified sweep: qwen l1 1.028x l2 1.109x; frontier s8192 1.942x; floor deep 1.267x,talk/facts.json + index.html committed; never-shrink guard used
results/AGENT-COORDINATION.md,194,2026-07-08,qwen,qwen post-NT-PDF-only refresh (second close; selects RMS wcache),qwen4b-l1/l2,MEASUREMENT,L1 near parity 1.01831x gap 135.87us; L2 1.09450x gap 846.66us,duplicate close of 105851Z entry; selects exact-qwen H2560 RMS dX weight-cache MK_RMS_DX_H2560_WCACHE
results/AGENT-COORDINATION.md,206,2026-07-08,rowop,qwen H2560 RMS dX weight-cache MK_RMS_DX_H2560_WCACHE,qwen4b-l2,NO-GO,env-on x80 -17.44/-28.26us but promoted-default rollback weak (+25.31/+6.56) and x160 flipped -23.33us forced-old wins 90/160,invalid 1114Z logs compared _rms2560 to itself; whole-vector shared weight-cache mechanism rejected
results/AGENT-COORDINATION.md,208,2026-07-08,lm-head,qwen head-dX post-PDF next-hook triage,qwen4b-l2,CLOSED-BY-ANALYSIS,,selected MK_GEMM_N256_HEAD_DX_POSTINIT_NOSYNC (skip 2nd consumer_sync after mbar reinit)
results/AGENT-COORDINATION.md,213,2026-07-08,lm-head,qwen head-dX postinit nosync MK_GEMM_N256_HEAD_DX_POSTINIT_NOSYNC,qwen4b-l2,NO-GO,SASS drops 1 BAR.SYNC.DEFER_BLOCKING (total -8); x8 order-mixed -22.53/+28.99; x40 slower both orders +7.01/+8.18us,do not reopen this exact post-mbar-reinit sync skip
results/AGENT-COORDINATION.md,218,2026-07-08,lm-head,qwen lm-head NT post-PDF triage (CE-exact selection),qwen4b-l2,CLOSED-BY-ANALYSIS,,selected MK_GEMM_N256_NT_SUPERTILE_CEEXACT (CE/LSE invariant specialization; nparts=2374 guard removal)
results/AGENT-COORDINATION.md,222,2026-07-08,lm-head,qwen lm-head NT post-PDF triage (postinit-nosync selection),qwen4b,CLOSED-BY-ANALYSIS,SASS objective BAR.SYNC.DEFER_BLOCKING -1,second close of same triage claim by concurrent session; selected NT supertile postinit nosync
results/AGENT-COORDINATION.md,229,2026-07-08,lm-head,qwen NT postinit nosync (first no-promote close),qwen4b-l1/l2,SUPERSEDED,L2 x8 order-mixed +8.30/-28.51us; L1 x8 positive but x40 reverse order wash -22.91/-1.95us (25/40); SASS BAR.SYNC -5 clones,superseded for L2 by 122600Z CLOSE/PROMOTE (L2-only default)
results/AGENT-COORDINATION.md,231,2026-07-08,lm-head,qwen NT CE-exact MK_GEMM_N256_NT_SUPERTILE_CEEXACT,qwen4b-l2,NO-GO,SASS real: _df2 total -1928 MUFU.EX2 -220 FADD -316 FMUL -234; timing rejects x8 +0.43us (4/8)/+1.84us (3/8),folds instructions but does not reduce window; do not replay
results/AGENT-COORDINATION.md,243,2026-07-08,measurement,s1024 post-mask-split residual refresh,s1024,MEASUREMENT,mk 1183.9us vs graph+ 771.1us (1.535x); profile 1163.9us wait/span 209.7/954.2us; FWD 123.5 DKV 112.7 on-path; TN dW 142.2 FILL 106.3 off-path,selects DKV full cross-stage pipeline MK_ATTN_DKV_STAGE_PIPE
results/AGENT-COORDINATION.md,246,2026-07-08,attention-dkv,s1024 DKV full stage-pipeline MK_ATTN_DKV_STAGE_PIPE,s1024,NO-GO,resource gate reject pre-runtime: forced stack 688/624/608/704; named-bank refactor worse 832/656/640/928 vs default 96/64/48/64; LOCAL:0,600-900B stack not promotion-grade; needs true topology/register-contract change
results/AGENT-COORDINATION.md,248,2026-07-08,lm-head,qwen NT postinit nosync L2-only default promote,qwen4b-l2,PROMOTED,env-on x40 -43.31/-24.88us; sibling rollback x80 +26.03/+28.22; shared rollback x80 +46.72/+23.76us forced-old slower; BAR.SYNC 623->618,promoted exact qwen4b-l2 only; L1 stays env-only; supersedes 120500Z no-promote
results/AGENT-COORDINATION.md,251,2026-07-08,gemm-dw,s1024 WGU dW slab-reduce,s1024,DUPLICATE,mechanism already implemented and no-promoted twice (s1024-dwskr-wgu-6d4e86d order-mixed/negative x40),closed before source edits; do not reopen or widen to wd/wqkv/wo
results/AGENT-COORDINATION.md,253,2026-07-08,qwen,qwen post-NT-postsync residual refresh,qwen4b-l1/l2,MEASUREMENT,L1 gap 112.80us (1.01521x); L2 gap 814.24us (1.09121x); top L2: NT 1782.6 head-dX 1651.4 RMS dX 1582.5 DQ 553.2us; lm-head dW ub 3007.1us,selects exact H2560/S1024 RMS dX full-pair specialization
results/AGENT-COORDINATION.md,256,2026-07-08,gemm-fwd,s1024 qkrope-n128 source-free stale check MK_WGMMA_N128_QKROPE,s1024,NO-GO,smoke +16.16/+17.86us; x40 +29.26us (forced wins 0/40)/+7.52us (6/40),qkrope n128 lower bound stays S2048; do not reopen exact S1024 plain n128 widening
results/AGENT-COORDINATION.md,258,2026-07-08,fusion,s1024 post-qkrope residual triage,s1024,CLOSED-BY-ANALYSIS,GEMMNT 1024x256x768 74.6us and 1024x256x256 62.5us rows flags 12434 on-path,selected source-free MK_SSQ_FUSE=0 current-stack stale check
results/AGENT-COORDINATION.md,266,2026-07-08,rowop,qwen H2560/S1024 RMS dX full-pair MK_RMS_DX_H2560_S1024_FULLPAIR,qwen4b-l2,NO-GO,v2 fixed SASS bloat (+29024 -> +416 lines); x8/x40 positive-small; x80 fails +0.30us (43/80)/-18.64us (54/80),do not reopen full-pair tail cleanup; move to larger NT/head-dX or executor changes
results/AGENT-COORDINATION.md,268,2026-07-08,attention-dq,qwen post-RMS-fullpair next-hook triage,qwen4b-l2,CLOSED-BY-ANALYSIS,D128 dQ still 553.2us on-path; rowsplit body carries runtime C arithmetic + dead C>1 atomic drain,selected MK_ATTN_D128_DQ_RS_C1 specialization
results/AGENT-COORDINATION.md,271,2026-07-08,attention-dq,qwen D128 rowsplit dQ C1 (template wrapper),qwen4b-l2,NO-GO-CORRECTNESS,runtime hang before parity in smoke and default-only diagnostic; SASS was attractive (-19872 lines ATOM -960 BAR.SYNC -20),template wrapper disturbed generic rowsplit path; future C1 must isolate generic body + run default-only first
results/AGENT-COORDINATION.md,274,2026-07-08,fusion,s1024 SSQ-off current-stack stale check MK_SSQ_FUSE=0,s1024,NO-GO,x80 default-first +6.94us (10/80 wins); x80 variant-first -12.58us (79/80) stable order split,keep MK_SSQ_FUSE=1 default-on
results/AGENT-COORDINATION.md,281,2026-07-08,gemm-fwd,s1024 n128 residual+SSQ direct epilogue MK_GEMM_N128_RSSQ_DIRECT_EPILOGUE,s1024,NO-GO,x40 +0.34us (14/40)/-16.42us (40/40); x80 +3.34us (25/80)/-16.86us (80/80) order split,future work needs composition-stable layout/dependency change
results/AGENT-COORDINATION.md,282,2026-07-08,attention-fwd,s1024 post-RSSQ-epilogue next-hook triage,s1024,CLOSED-BY-ANALYSIS,no credible cheap route knob left; ATTN_FWD_WG largest pure on-path bucket 123.5us,selected larger exact FWD body/layout rewrite class; DKV needs topology/register-contract change
results/AGENT-COORDINATION.md,286,2026-07-08,attention-fwd,s1024 FWD w128 refresh MK_ATTN_FWD_W128,s1024,NO-GO,x40 default-first +18.51us (0/40 variant wins)/variant-first +1.22us (16/40); forced stack 224/160/144/224 LOCAL:0,do not reopen two-ring w128 body; need PV-overlap-preserving layout or new register contract
results/AGENT-COORDINATION.md,288,2026-07-08,executor,s1024 post-FWDw128 next-hook triage,s1024,CLOSED-BY-ANALYSIS,,selected source-free pdf/D64-TMA/feed composition stale check (MK_MODE=pdf MK_ATTN_PDF_FEED 0/1/2)
results/AGENT-COORDINATION.md,290,2026-07-08,executor,s1024 pdf-feed composition source-free check,s1024,NO-GO,APDFF=0 x8 +12.74us (1/8)/-1.90us (6/8); MK_ATTN_PDF_FEED=1 import failed twice (module export function missing); =2 skipped,next S1024 work should be larger producer/drain or one-pass topology
results/AGENT-COORDINATION.md,292,2026-07-08,attention-fwd,s1024 attention topology next-hook triage,s1024,CLOSED-BY-ANALYSIS,tile count stays 32/layer (2 kv-heads x 16 q64),selected GQA-paired 64-row forward MK_ATTN_FWD_GQA64
results/AGENT-COORDINATION.md,295,2026-07-08,attention-dq,qwen D128 dQ C1 separate-body,qwen4b-l2,NO-GO,candidate default-only AND base-control default-only both hung after .so load; forced C1 body never measured,inconclusive; fix/prove stable qwen4b-L2 sibling baseline before further D128 C1 work
results/AGENT-COORDINATION.md,297,2026-07-08,qwen,qwen shared L2 runtime sanity after D128 hang,qwen4b-l2,MEASUREMENT,shared profile completes: median 9398.5us wait/span 474.6/8923.9us; NT 1763.7 head-dX 1645.3 RMS 1555.9 DQ 528.7us,proves hangs local to sibling seed/harness not shared runtime
results/AGENT-COORDINATION.md,306,2026-07-08,rowop,qwen H2560 RMS dX BF16-dy body MK_RMS_DX_H2560_BF16DY,qwen4b-l2,NO-GO,resource/SASS reject pre-timing: pdf stack 112->128; +11664 lines FFMA +2400 FMUL +2425 PRMT +1600; no BAR.SYNC reduction,separate BF16-dy body duplicates too much H2560 code
results/AGENT-COORDINATION.md,307,2026-07-08,attention-fwd,s1024 FWD GQA64 MK_ATTN_FWD_GQA64,s1024,NO-GO,x80 default-first +2.70us (37/80 forced wins)/variant-first -14.14us (80/80) order split; resource-identical spill-free,do not reopen GQA-paired 64-row FWD; need producer/drain or dependency/register-contract change
results/AGENT-COORDINATION.md,309,2026-07-08,attention-dkv,s1024 post-GQA64 attention next-hook triage,s1024,CLOSED-BY-ANALYSIS,,selected DKV P/dS-ring stage pipeline MK_ATTN_DKV_PDS_RING (forced-only 148KB smem)
results/AGENT-COORDINATION.md,315,2026-07-08,attention-dq,qwen post-RMSBF16dy next-hook triage,qwen4b-l2,CLOSED-BY-ANALYSIS,fa4-d128 SASS compare: our D128 HGMMAs serialize behind per-HGMMA DEPBAR.LE 0x0,selected D128 rowsplit dQ descriptor-precompute MK_ATTN_D128_DQ_DESC_PRE (SASS-gated)
results/AGENT-COORDINATION.md,318,2026-07-08,attention-dq,qwen D128 dQ descriptor-precompute MK_ATTN_D128_DQ_DESC_PRE,qwen4b-l2,NO-GO,SASS gate fail: +32 lines; HGMMA.64 1080->1080; WARPGROUP.DEPBAR.LE gsb0 0x0 1080->1080 unchanged; no timing,descriptor-temporary rewrite rejected; need different WGMMA issue/wait or body topology
results/AGENT-COORDINATION.md,320,2026-07-08,lm-head,qwen post-D128-dqdesc next-hook triage,qwen4b-l2,CLOSED-BY-ANALYSIS,profile: NT 1763.7 head-dX 1645.3 RMS 1555.9 DQ 528.7us; old NT frontier note (2444us standalone) stale,next = source-free qwen NT body-frontier refresh via fat_gemm_probe
results/AGENT-COORDINATION.md,322,2026-07-08,lm-head,qwen NT body frontier refresh (fat_gemm_probe),qwen,MEASUREMENT,standalone qwen prefix 1024x151808x2560: n128 2768.3us n256 2447.7us n256d 2482.3us vs integrated bucket 1763.7us,standalone probe stale; NT work must start from production supertile PDF/producer context
results/AGENT-COORDINATION.md,324,2026-07-08,lm-head,qwen production NT body next-hook audit,qwen4b-l2,CLOSED-BY-ANALYSIS,,selected NT wait-distance MK_GEMM_N256_NT_SUPERTILE_WAITDIST (SASS-gated before timing)
results/AGENT-COORDINATION.md,327,2026-07-08,lm-head,qwen NT supertile wait-distance MK_GEMM_N256_NT_SUPERTILE_WAITDIST,qwen4b-l2,NO-GO,SASS gate fail: +144 lines; HGMMA/ARRIVE/DEPBAR all 1080->1080; no 0x1 wait sites; no timing,needs stronger assembly-level/body-topology mechanism
results/AGENT-COORDINATION.md,329,2026-07-08,attention-dq,qwen D128 C1 hang root-cause audit,qwen4b-l2,CLOSED-BY-ANALYSIS,seed 58789e4 imported mk.py/model.py/ops.cuh only: ops.cuh posts kind=6 but megakernel.cu lacked producer kind==6 branch,explains default-only hangs; retry allowed only with full-stack seed incl megakernel.cu
results/AGENT-COORDINATION.md,332,2026-07-08,attention-dkv,s1024 DKV P/dS-ring MK_ATTN_DKV_PDS_RING,s1024,NO-GO,stack 96/64/48/64 -> 368/224/208/448; SASS +11922 lines LDL +739 STL +342; smoke +69.82us (0/2)/+54.91us (0/2),rejected at smoke both orders; do not reopen as written
results/AGENT-COORDINATION.md,334,2026-07-08,gemm-dx,s1024 post-DKVPDS residual triage,s1024,CLOSED-BY-ANALYSIS,MLP dX GEMMNN 1024x256x1536 = largest non-attention on-path bucket 89.7us,selected one-time current-stack MLP dX static-body refresh MK_GEMM_MLPDX_STATIC
results/AGENT-COORDINATION.md,339,2026-07-08,gemm-dx,s1024 MLP dX static current-stack refresh MK_GEMM_MLPDX_STATIC,s1024,NO-GO,x40 default-first +5.18us (6/40)/variant-first -17.47us (40/40) order split; SASS +3488 lines HGMMA.64x64 +16,do not reopen this exact static-body codegen
results/AGENT-COORDINATION.md,341,2026-07-08,architecture,s1024 structural next-mechanism triage,s1024,CLOSED-BY-ANALYSIS,local hooks exhausted or default-on: expfold/defer-rsum/dediverge/mask-split active; w128/GQA64/pdf-feed/PDS-ring/MLPdX-static closed,selected read-only attention dependency-contract preflight
results/AGENT-COORDINATION.md,343,2026-07-08,attention,s1024 attention dependency-contract preflight,s1024,ROUTE-AWAY,PV-overlap-preserving w128 exceeds 120KB page; GQA64 order-sensitive; PDS-ring stack cliff; dual-drain needs broad pdf/feed (closed),no new exact-S1024 attention source lane; route to rowop/GEMM split-scale
results/AGENT-COORDINATION.md,345,2026-07-08,rowop,rowop split-scale current-source preflight,small/H512,CLOSED-BY-ANALYSIS,xn2 still materialized; old bit27 conflicts with qwen NT supertile; fresh bits 28/29 viable,selected MK_EPIFUSE_MLP_SPLITSCALE (row-only B staging + output-column scale)
results/AGENT-COORDINATION.md,349,2026-07-08,rowop,rowop split-scale MK_EPIFUSE_MLP_SPLITSCALE,H512/S1024,NO-GO,x40 default-first +529.01us (0/40)/split-first +519.38us (0/40); backward-only ~+271us; unit equivalence passed (worst 5.34e-07),per-element scaled smem staging cost decisive; avoid or change producer/dependency contract
results/AGENT-COORDINATION.md,351,2026-07-08,gemm-dw,s1024 off-path dW and short-GEMM next-hook triage,s1024,ROUTE-AWAY,WGU slab duplicate; SK1 order-mixed; WLM atomic-elide lost both orders; sparse embed zero order-mixed; fat tiles below occupancy threshold,future dW/GEMM work needs different producer/reduce/executor contract
results/AGENT-COORDINATION.md,353,2026-07-08,executor,short-GEMM semantic output-use preflight,short shapes,CLOSED-BY-ANALYSIS,C/SSQ/drow outputs all have live readers; small rows already claim 1; broad MK_CLAIM regressed,selected re-import of shape-gated MK_GEMM_N64_FAST_DISPATCH
results/AGENT-COORDINATION.md,360,2026-07-08,attention-dq,qwen D128 C1 full-stack retry,qwen4b-l2,NO-GO,corrected seed ran (loss 12.61334419); SASS good (-19904 lines ATOM -960 BAR.SYNC -20 stack 176->160); x40 +15.26us (16/40)/-0.19us (22/40),seed hang root-cause proven; timing rejects; keep full-stack seed discipline
results/AGENT-COORDINATION.md,362,2026-07-08,qwen,qwen post-D128C1 structural next-hook triage,qwen4b-l2,ROUTE-AWAY,D128 descriptor/C1 + NT waitdist/CE/pair/sync + head-dX + RMS surfaces all closed,next qwen work must be larger emitted-body/executor redesign with SASS objective
results/AGENT-COORDINATION.md,366,2026-07-08,lm-head,qwen NT CE-store single-pass MK_GEMM_N256_NT_SUPERTILE_CESTORE1,qwen4b-l2,NO-GO,SASS gate fail: +3184 lines PRMT +416 BRA +24; no reduction in EX2/F2FP/FADD/FMUL/FFMA/SHFL; no timing,do not reopen CE-store half-chunk formulation
results/AGENT-COORDINATION.md,370,2026-07-08,executor,short-GEMM N64 fast-dispatch shape-gated MK_GEMM_N64_FAST_DISPATCH,s128/s256/nano/deep,PROMOTED,clean local GPU rollback A/B: s128 +9.68/+11.60us; s256 +18.91/+8.74us; nano +6.45/+10.59us; deep +57.25/+43.47us rollback-minus-default; s1024 stays off,default ON for H256/D64 short shapes; stale local GPU 1541Z logs non-final
results/AGENT-COORDINATION.md,373,2026-07-08,lm-head,qwen head-dX emitted-body executor preflight,qwen4b-l2,ROUTE-AWAY,exact head-dX + PDF-only already default-on; SKR/postsync/pair2/route toggles closed,only credible reopen = SASS-first change reducing per-HGMMA DEPBAR.LE 0x0 cadence or max run >1
results/AGENT-COORDINATION.md,392,2026-07-08,scheduling,native microbatches adoption preflight,short shapes,CLOSED-BY-ANALYSIS,canonical worktree clean at 27d7e2a; diff one file model.py 173+/110-; shared model.py dirty so no in-place cherry-pick,sibling port can be prepared now; direct promotion respects owner/review window
results/AGENT-COORDINATION.md,396,2026-07-08,scheduling,native microbatches current-stack sibling port,s128/s256/nano/deep/small,VALIDATED-PARKED,microbatches=2 speedups: s128 1.419x s256 1.423x nano 1.355x deep 1.371x small 1.178x; worst grad rel <=0.006384; n=1 route no-op proven,validated and parked for owner/review adoption; no shared edits
results/AGENT-COORDINATION.md,398,2026-07-08,scheduling,native microbatches port (source-prep close by second session),short shapes,SCAFFOLD,n=1 route digests match checkpoint for 7 shapes; n=2 doubles n_instr preserves critical path disables bind_inputs; fixed _nt_supertile_on scope bug,source-prep only; runtime parity/timing closed separately at 155206Z
results/AGENT-COORDINATION.md,402,2026-07-08,lm-head,qwen NT inline-boundary MK_GEMM_N256_NT_SUPERTILE_INLINE,qwen4b-l2,NO-GO,SASS gate fail: pdf +608 lines; HGMMA/ARRIVE/DEPBAR.LE-0x0/UTMALDG/BAR/EX2 all unchanged; no DEPBAR 0x1; no timing,force-inline/noinline boundary flip rejected; need deeper executor/body-topology change
results/AGENT-COORDINATION.md,412,2026-07-08,ce,qwen lm-head CE full-row protocol split MK_QWEN_LMHEAD_CE_FULLROW,qwen4b-l1,NO-GO,x40 default-first +474.99us (0/40); variant-first +445.39us (0/40); counted SASS unchanged; parity clean; op test matched PyTorch,L2 skipped; full-row logits scan decisively slower than inline CE64 partials
results/AGENT-COORDINATION.md,414,2026-07-08,lm-head,qwen NT async-mainloop contract preflight,qwen4b-l2,CLOSED-BY-ANALYSIS,body drains each strip helper immediately (arrive + 4 HGMMA + commit + wait<0> twice per K stage),production micro-hooks exhausted; next = standalone wait-cadence SASS probe
results/AGENT-COORDINATION.md,418,2026-07-08,lm-head,qwen NT wait-cadence standalone SASS probe,qwen,SASS-PROOF,immediate 48 HGMMA/12 DEPBAR run4; source waitdist 16/16 run1 all 0x0; pairwait0 run8; pair2k 48 HGMMA/3 DEPBAR run16 LOCAL:0,next lane = production MK_GEMM_N256_NT_SUPERTILE_PAIR2K gated on real SASS cadence change
results/AGENT-COORDINATION.md,422,2026-07-08,scheduling,native microbatches graph-capture follow-up make_graphed_microbatches,s128/nano,VALIDATED-PARKED,s128 n=4: eager 1535.87us graphed 1408.67us per-seq 352.17us parity 1.91e-06; nano n=2: 1274.56 -> 1218.24us per-seq 609.12us,sibling-only; parked with MBI port for owner/review
results/AGENT-COORDINATION.md,424,2026-07-08,lm-head,qwen NT production-body topology audit,qwen4b-l2,CLOSED-BY-ANALYSIS,route already 384-thread PDF producer shell (pdf REG168 consumers 240 producer 24) exact supertile 4748 tiles kind6 49152B/stage,gap not route/default-on issue; wait CE-fullrow outcome then async-mainloop SASS contract
results/AGENT-COORDINATION.md,427,2026-07-08,attention,s8192 dual feed-drain current-stack bridge port MK_ATTN_DUAL_FEED_DRAIN,s8192,NO-GO,x16 +193.30us (0/16)/+197.62us (0/16); route 183/80/62 kept; 32 UBLKRED; standalone DQ/DKV probes bitwise-clean; stack/shared 144/1264->256/1424,do not reopen deferred wait_group drain bridge; need different read-complete/global-complete contract
results/AGENT-COORDINATION.md,429,2026-07-08,attention,s8192 dual-drain defer batching sweep MK_ATTN_DRAIN_DEFER,s8192,NO-GO-CORRECTNESS,defer4 image built + route parity 183=183 but first A/B hung at 99-100% GPU before PARITY; larger counts skipped,drain/progress hazard; needs explicit read-complete protocol + scheduler fence
results/AGENT-COORDINATION.md,431,2026-07-08,measurement,s8192 profile-score refresh,s8192,MEASUREMENT,step median x16 6296.37us; profile 6346.0us wait 1974.9 span 4371.1us; ATTN_DQ_WG on-path 2092.4us ub 3753.8us; 4 critical DQ rows wait 433.8-435.7us after GEMMNN 8192x256x256,route-away from local DQ drain tweaks; target DQ readiness/priority/dependency contract
results/AGENT-COORDINATION.md,434,2026-07-08,attention-dkv,s8192 STSM P-dS staging preflight,s8192,CLOSED-BY-ANALYSIS,FA4 D64 PTX uses stmatrix m8n8.x4.trans; current DKV uses generic bf162 stores + proxy fence; DQ unsuitable (RS-feed),standalone stmatrix mapping probe required before production DKV patch
results/AGENT-COORDINATION.md,437,2026-07-08,attention-dkv,s8192 STSM P-dS mapping probe,s8192,SASS-PROOF,stmatrix.x4 non-trans exactly covers wga_off64 (4 instr/warp; lane base warp*1024+i*512+(n8/4)*256+lane*8 halfwords); STSM=6 in SASS; trans x4 no cover,route-ready; next lane MK_ATTN_DKV_STSM_PDS default-off
results/AGENT-COORDINATION.md,440,2026-07-08,lm-head,qwen NT production pair2k MK_GEMM_N256_NT_SUPERTILE_PAIR2K,qwen4b-l2,NO-GO,SASS gate fail: whole image HGMMA 1080->1160 DEPBAR 1080->1160 all 0x0; pdf HGMMA.64x128 16->32; MAX_HGMMA_BETWEEN_DEPBAR 1->1; no timing,production body did not preserve standalone pair2k mechanism
results/AGENT-COORDINATION.md,442,2026-07-08,lm-head,qwen NT production SASS localization after pair2k,qwen4b-l2,SASS-PROOF,focused pdf default hgmma=216 depbar=216 max run 1; pair2k 232/232 max run 1,pair2k doubled singleton WGMMA/drain sites; ordinary loop regrouping closed
results/AGENT-COORDINATION.md,445,2026-07-08,lm-head,qwen NT raw WGMMA issue feasibility probe,qwen,SASS-PROOF,cute_loop4/raw_split4/raw_block4 all emit 32 HGMMA/8 DEPBAR MAX_RUN=4 REG:94 LOCAL:0,raw asm and CUTE both group standalone; singleton failure is production megakernel_pdf context
results/AGENT-COORDINATION.md,449,2026-07-08,lm-head,qwen NT production raw WGMMA helper MK_GEMM_N256_NT_RAW_WGMMA,qwen4b-l2,NO-GO,focused pdf default==forced: HGMMA=216 DEPBAR=216 all 0x0 MAX_RUN=1 hist{1:216}; resource identical; no timing,standalone raw-block mechanism does not survive production context
results/AGENT-COORDINATION.md,451,2026-07-08,attention-dkv,s8192 DKV STSM P-dS MK_ATTN_DKV_STSM_PDS,s8192,NO-GO,SASS STSM 0->40 LOCAL=0; parity clean; x16 +10.21us (4/16)/+14.18us (0/16),do not reopen DKV-only STSM replacement; needs larger dependency/topology change
results/AGENT-COORDINATION.md,453,2026-07-08,scheduling,s8192 DQ readiness-priority preflight,s8192,CLOSED-BY-ANALYSIS,producer pushes layer-local dependents in instruction order; DQ C4 tail pushed eighth; DQ rows claim 1 wait ~434us,selected MK_ATTN_DQ_TAIL_READY_FIRST (host adjacency order only)
results/AGENT-COORDINATION.md,457,2026-07-08,measurement,s1024 profile-score refresh,s1024,MEASUREMENT,profile 1162.4us score x40 1185.57us; wait 209.7us (18.0%) span 952.8us (82.0%); FWD ub 123.6us DKV 112.7us; DQ off-path 78.0us,FWD already first child; ready-order not an S1024 lever; next = attention-body preflight
results/AGENT-COORDINATION.md,459,2026-07-08,attention,s1024 attention body topology preflight,s1024,ROUTE-AWAY,FWD already has expfold/defer-rsum/dediverge/mask-split + PV pipeline; MK_ATTN_PIPE compile-blocked + measured-negative,next artifact = line-level SASS attribution of FWD/DKV before any source lane
results/AGENT-COORDINATION.md,463,2026-07-08,scheduling,s8192 DQ tail ready-order MK_ATTN_DQ_TAIL_READY_FIRST,s8192,NO-GO,DQ tail waits collapsed ~431-434us -> ~3us but selected profile total worsened both orders +67.520/+104.864us; path moved to ATTN_DKV_WG waits ~410-418us,timing skipped; scheduler work must shrink combined DQ/DKV sibling bucket
results/AGENT-COORDINATION.md,465,2026-07-08,scheduling,s8192 combined DQ-DKV sibling-wait preflight,s8192,CLOSED-BY-ANALYSIS,pure no-sticky cannot help: hot-ring head pinned until cursor exhausted; DQ-only priority just moved wait,selected MK_ATTN_TAIL_PAIR_READY_FIRST (dkv_first|dq_first) profile-gated
results/AGENT-COORDINATION.md,469,2026-07-08,attention,s1024 attention SASS attribution,s1024,SASS-PROOF,FWD 1120 instr HGMMA=8 DEPBAR=8 run1 EX2=34 ATOM=0; DKV 1248 instr HGMMA=16 DEPBAR=16 run1 ATOM.F32x2=32; hot lines exp2/rsum/output staging/dS-fp32/atomics,selects FWD WG-local epilogue lane (change final barrier shape only)
results/AGENT-COORDINATION.md,475,2026-07-08,scheduling,s8192 tail-pair ready-order MK_ATTN_TAIL_PAIR_READY_FIRST,s8192,NO-GO,local DKV/DQ tail wait 3268.096us -> ~30us but profile total +135.616us (dkv_first)/+126.976us (dq_first); path moved to ATTN_DQ ntiles=240 waits 358-360us,timing skipped; must target whole post-dO/drow sibling fanout
results/AGENT-COORDINATION.md,477,2026-07-08,scheduling,s8192 large-DQ sibling fanout preflight,s8192,CLOSED-BY-ANALYSIS,,selected MK_ATTN_DQ_FAMILY_READY_FIRST (stage_first|dq_family_first) adjacency-only profile-gated
results/AGENT-COORDINATION.md,482,2026-07-08,scheduling,s8192 DQ-family ready-order MK_ATTN_DQ_FAMILY_READY_FIRST,s8192,NO-GO,DQ C3 wait ~298.760us -> ~2.8us but profile total +105.856us (stage_first)/+66.400us (dq_family_first); path moved to DKV C4 tails; span grew,single-family adjacency priority closed; need multi-sibling fanout/executor contract or body change
results/AGENT-COORDINATION.md,487,2026-07-08,attention-fwd,s1024 FWD WG-local epilogue MK_ATTN_FWD_WG_LOCAL_EPILOGUE,s1024,NO-GO,SASS barrier shape changed as intended (5x 0x100 -> 4x 0x100 + 1x 0x80); profile -11.1us x8 -4.29us but x40 -0.35us (22/40)/+2.42us (10/40),noise-level; future FWD work needs larger bidirectional effect
results/AGENT-COORDINATION.md,488,2026-07-08,executor,s8192 multi-sibling fanout executor preflight,s8192,ROUTE-AWAY,df/pdf executors: one sticky instruction; head advances only after cursor drains; only first hot dependent recorded as hint; 3 adjacency lanes all relocated wait,needs group-aware executor avoiding ws-style preclaim/lookahead and busy-rescan L2 contention
results/AGENT-COORDINATION.md,490,2026-07-08,executor,s8192 group-aware hot-ring design,s8192,CLOSED-BY-ANALYSIS,bounded hot-ring fair pass; skip sibling rows only after first quantum; ABI/route/deps unchanged,selected MK_S8192_ATTN_HOT_FAIR=1 Q=16 pdf-only profile-gated
results/AGENT-COORDINATION.md,496,2026-07-08,attention-fwd,s1024 FWD exp2-normalization body preflight,s1024,ROUTE-AWAY,only fresh idea = tile-decode specialization but dynamic divide/mod is same one-time setup class as rejected C1_STATIC,FWD needs SASS-visible steady-state loop objective; move to DKV bucket
results/AGENT-COORDINATION.md,498,2026-07-08,attention-dkv,s1024 DKV body-drain mechanism preflight,s1024,ROUTE-AWAY,DKV already has staged LSE/Drow prefetch paired S/dP exp2-prebias fp32-P direct float2 atomics; all local knobs closed,remaining cost needs new register contract or producer/drain path; route to rowop/GEMM split-scale
results/AGENT-COORDINATION.md,500,2026-07-08,rowop,rowop post-splitscale pivot preflight,small,CLOSED-BY-ANALYSIS,16 clean layer candidates (8x GEMMNN 1024x512x3072 + 8x 1024x512x1024 feeding RMS dX; dy_f32=0 H=512 nparts=8),selected MK_RMS_DX_DOT_PARTS (publish per-row dot partials from dX GEMM epilogue)
results/AGENT-COORDINATION.md,505,2026-07-08,executor,s8192 hot-ring fair-quantum MK_S8192_ATTN_HOT_FAIR Q=16,s8192,NO-GO,dq_family_wait 4926.944 -> 1032.512us; dkv 2340.096 -> 423.744us; onpath wait -1427.200us BUT profile +201.920us; span +1629.120us; long C3 DQ rows fragmented,timing skipped; needs coarser group admission or body/topology change reducing exposed span
results/AGENT-COORDINATION.md,507,2026-07-08,lm-head,qwen NT post-rawprod body-executor frontier preflight,qwen4b-l2,CLOSED-BY-ANALYSIS,standalone pair2k/raw group but production collapses to MAX_RUN=1,open production-pressure SASS probe first (dual accumulators 384-thread maxnreg168 151552B smem)
results/AGENT-COORDINATION.md,512,2026-07-08,lm-head,qwen NT production-pressure WGMMA SASS probe,qwen,SASS-PROOF,under qwen-like pressure grouped cadence survives: prod_immediate run4 prod_stagepair run8 prod_pair2k run16; all REG:168 LOCAL:0,generic pressure does not explain production singleton drains; next = real-production SASS attribution
results/AGENT-COORDINATION.md,514,2026-07-08,lm-head,qwen NT real-production singleton-drain attribution,qwen4b-l2,ROUTE-AWAY,production pair2k HGMMA.64x128=32 DEPBAR=232 run1; rawprod 16/216 run1; probe same-tool run16; divergence: per-instruction gsb0 + gdesc[UR].tnspB vs grouped plain gdesc,causality unproven; need descriptor/operand-fidelity reproducer outside real route
results/AGENT-COORDINATION.md,517,2026-07-08,rowop,rowop RMS-dX dot-partials MK_RMS_DX_DOT_PARTS,small,NO-GO,RMSNORM_BWD_DX 145.248 -> 129.440us but producer GEMM spans grew; total 2947.264 -> 2977.472us (+30.208); x16 +39.664us (0/16)/+50.832us (0/16),also caught+fixed uninitialized scratch bug in n64 epilogue path pre-timing; needs lower-overhead partial source
results/AGENT-COORDINATION.md,518,2026-07-08,lm-head,qwen NT production-embedding reproducer preflight,qwen4b-l2,CLOSED-BY-ANALYSIS,function-local noinline supertile counts: pair2k HGMMA.64x128=24 run1 hist{1:24}; rawprod 8/8 run1; standalone pressure/descfidelity controls still {16:4},corrects polluted SASS window; next = standalone body-embedding probe (shell/mbar/TMA/epilogue/CE context)
results/AGENT-COORDINATION.md,525,2026-07-08,lm-head,qwen NT body-embedding standalone SASS probe,qwen,SASS-PROOF,all bodyembed variants incl direct-kernel control singleton {1:64} HGMMA=ARRIVE=DEPBAR=64 LOCAL:0; descfidelity pair2k control still groups {16:4} fresh,standalone reproducer exists; trigger is broader code-shape/translation-unit context; ablate one piece at a time
results/AGENT-COORDINATION.md,527,2026-07-08,lm-head,qwen NT code-shape collapse ablation preflight,qwen,CLOSED-BY-ANALYSIS,grouped {16:4} ARRIVE=4 gsb0=8 vs collapsed {1:64} ARRIVE=64 gsb0=128,ablation matrix ordered: descriptors/prologue/helpers/wrappers/templates/noinline body; stop at first collapse
results/AGENT-COORDINATION.md,532,2026-07-08,lm-head,qwen NT code-shape ablation SASS probe (manual copy),qwen,INVALID,base_macro singleton {1:64} across 3 fix attempts while original descfidelity stays {16:4} on same GPU/toolchain,invalid baseline; manual copy not source-identical; next must import CUDA_SRC byte-for-byte
results/AGENT-COORDINATION.md,535,2026-07-08,lm-head,qwen NT exact-source mutation SASS probe,qwen,SASS-PROOF,imported baseline reproduces grouped {16:4}; remove_cute_mma4/remove_issue_stage_pair/remove_both/bodyembed_tid_store_shape all stay grouped,unused stage helpers and tid/store guard not the trigger; add larger body-context blocks next
results/AGENT-COORDINATION.md,538,2026-07-08,lm-head,qwen NT exact-source body-context mutation probe,qwen,SASS-PROOF,first collapse trigger reproduced: selected call_inline_wrapper collapses {16:4} -> {1:64} (gsb0 on every HGMMA; drain after each); 4 earlier context mutations stay grouped,production lane should flatten/bypass selected helper-call wrapper at WGMMA issue boundary; gate on real pdf SASS
results/AGENT-COORDINATION.md,542,2026-07-08,measurement,post-fastdispatch short profile refresh,s128/s256/nano/deep/small,MEASUREMENT,totals: s128 654.944 s256 736.736 nano 843.808 deep 2186.720 small 2940.544us; small ATTN_DKV 308.640us on-path (ub 402.7) FWD 246.272us,attention = consistent span-heavy bucket; next = short/small attention topology preflight
results/AGENT-COORDINATION.md,544,2026-07-08,attention-dkv,current short-small attention body topology preflight,small,CLOSED-BY-ANALYSIS,small DKV 308.640us on-path justifies lane; uniform chunk/row-broadcast/direct-atomic replays closed,selected exact H512/S1024 DKV-only selective banding MK_SMALL_DKV_BAND_T=8 (tail tiles stay C=1)
results/AGENT-COORDINATION.md,549,2026-07-08,attention-dkv,small DKV selective-band MK_SMALL_DKV_BAND_T=8,small,NO-GO,profile 2958.304 -> 3015.712us (+57.408); forced DKV off-path ub 475.6us but DQ became selected bottleneck 487.200us,timing skipped; must reduce DQ+DKV together or change body/topology
results/AGENT-COORDINATION.md,552,2026-07-08,attention,small joint DQ-DKV route band screen MK_ATTN_BAND=8,small,NO-GO,default 2942.528us vs banded 2988.736us (+46.208); DQ selected 441.312us; DKV ub worsened to 492.8us,closes exact-small joint route banding + DKV-only banding + uniform chunking + row-broadcast
results/AGENT-COORDINATION.md,555,2026-07-08,attention,small attention SASS body attribution,small,SASS-PROOF,spill-free (df REG255 STACK32) but all three bodies singleton-drain: FWD 8/8 DKV 16/16 DQ 12/12 max run 1; DQ static atomics mostly compiled C>1 fallback,route to source-free exact-small MK_ATTN_DKV_FP32_P screen (S1024 promoted analog)
results/AGENT-COORDINATION.md,558,2026-07-08,lm-head,qwen NT production direct in-body issue MK_GEMM_N256_NT_SUPERTILE_DIRECT_ISSUE,qwen4b-l2,NO-GO,focused default and forced pdf SASS byte-identical (cmp 0): HGMMA=216 DEPBAR=216 run1 hist128{1:16}; no timing,with _ntp2k and _ntraw closed: ordinary source spelling changes around NT issue path closed as cadence fix
results/AGENT-COORDINATION.md,560,2026-07-08,attention-dkv,small DKV FP32-P isolated screen MK_ATTN_DKV_FP32_P,small,NO-GO,profile 2951.104 -> 2957.856us (+6.752); DKV ub improves 395.2 -> 344.4us but path relocates entirely to DQ 414.112us,isolated knob rejected; must reduce DQ and DKV together
results/AGENT-COORDINATION.md,562,2026-07-08,precision,small DQ+DKV precision composition (DQ_RS_FEED+DQ_FP32_P+DKV_FP32_P defaults),small,PROMOTED,combined profile 2926.336us (-26.7); paired x40 -33.36us (40/40)/-30.90us (40/40); DQ-only rejected (2960.704us); route 264/145/126 with _adkvf32p_adqf32p_adqrs,promoted in shared model.py; parity worst grad rel 0.013958
results/AGENT-COORDINATION.md,565,2026-07-08,precision,small DQ-DKV precision composition validation (concurrent-promotion rollback proof),small,PROMOTED,no-env promoted profile 2916.064us; forced-old rollback +25.15/+31.47us slower (old wins 1/40 both orders); only df2 stack 48->64,second session validates the concurrent shared promotion; isolated DQ/DKV knobs not to reopen
results/AGENT-COORDINATION.md,567,2026-07-08,attention,small attention joint body-pipeline objective preflight,small,CLOSED-BY-ANALYSIS,root cause hypothesis: WGMMA-bearing __noinline__ op bodies below interpreter call path serialize; flat/forceinline twins pipeline at equal pressure,selected MK_INLINE_SMALL_ATTN_WGMMA_BODIES (_sattninl) SASS-gated before timing
results/AGENT-COORDINATION.md,571,2026-07-08,measurement,post-small-precision short profile refresh,s128/s256/nano/deep/small,MEASUREMENT,totals: s128 656.416 s256 734.240 nano 840.384 deep 2181.024 small 2896.512us; small DKV 380.896 FWD 248.512; nano DKV/FWD 81.632/78.016; deep FWD/DKV 225.600/223.264; s256 RMS dX 65.760us,next: H256 attention SASS attribution or s256 RMS/DX
results/AGENT-COORDINATION.md,575,2026-07-08,gemm-fwd,postprecision s128-s256 GEMM residual preflight,s128/s256,CLOSED-BY-ANALYSIS,s128 qkrope 54.912us + NT768 52.896us; s256 RMS dX 65.760 qkrope 53.632 NT768 52.448us,selected MK_GEMM_QKROPE_REG_EPILOGUE (_gqkreg; compute q/k RMSNorm+RoPE from n64 accumulators; skip Cs staging)
results/AGENT-COORDINATION.md,579,2026-07-08,attention,H256 short attention SASS attribution,s128/s256/nano/deep,SASS-PROOF,corrected .text.megakernel_df-restricted counts: all attention functions singleton (dq 12/12 dkv 16/16 fwd 8/8; wg128 1:1); spill-free REG255,widen inline mechanism only if exact-small _sattninl SASS gate proves reduced drains (it later failed)
results/AGENT-COORDINATION.md,583,2026-07-08,rowop,s256 RMS dX FMA-form route MK_RMS_DX_FMA_S256,s256,NO-GO,profile flat 730.336 -> 729.888us; targeted RMS bucket worsens 60.864 -> 62.144us; x40 order-mixed +4.70us (13/40)/-5.06us (35/40),do not replay; S256 RMS needs different body or dependency-chain reduction
results/AGENT-COORDINATION.md,586,2026-07-08,gemm-fwd,short qkrope register-epilogue MK_GEMM_QKROPE_REG_EPILOGUE,s128/s256/nano,NO-GO,sibling x40 positive (rollback slower +5.49..+18.06us) but shared fresh-cache x40 fails: s128 -1.46/+1.62; s256 +3.20/-3.62; nano +1.38/+2.00us; deep parity fail 0.0311 vs 0.03 cutoff,shared additions reverted; sibling-positive/shared-negative composition lesson
results/AGENT-COORDINATION.md,590,2026-07-08,executor,df-ws WGMMA skeleton serialization probe,H256/D64,SASS-PROOF,pruned df-like switch/claim + wg guard + dynamic barrier + maxnreg255 + pdf setmax all group (8 HGMMA/1 DEPBAR run8); only call-reached noinline WGMMA body emits ptxas C7510 and singleton-drains (16/16 run1),entry must be free of call-reached WGMMA bodies: per-image pruning + all-WGMMA inlining or split dispatch entries
results/AGENT-COORDINATION.md,592,2026-07-08,lm-head,qwen NT production-boundary audit after directissue,qwen4b-l2,CLOSED-BY-ANALYSIS,call_inline_wrapper trigger valid; manual codeshape invalid-baseline; _ntdi took route but pdf SASS byte-identical,local source-spelling patches duplicate/no-go; next class = call-free entry or per-image WGMMA body pruning at executor/image level
results/AGENT-COORDINATION.md,594,2026-07-08,attention,attention call-free image design audit,small/H256,CLOSED-BY-ANALYSIS,_sattninl removed D64 attention calls but whole megakernel_df stayed singleton + frame cost grew; D128 attention + GEMM noinline bodies still reachable,no partial inline replay; need true call-free image or split WGMMA dispatch entries gated on whole-.text SASS
results/AGENT-COORDINATION.md,596,2026-07-08,gemm-dw,current splitK queue closure audit,all shapes,CLOSED-BY-ANALYSIS,atomic_sk1_count=0 for s128/s256/nano/s2048/s3072/s4096/s8192/deep/small + both qwen; only exact S1024 8192x256x1024 intentionally atomic (prior wash); head-dX SKR promoted rows nano/deep/s1024/s3072/s4096/small,ranked splitK/no-atomic queue closed at current head
results/AGENT-COORDINATION.md,598,2026-07-08,architecture,call-free WGMMA image source design,qwen/H256,CLOSED-BY-ANALYSIS,change WGMMA callee set reachable from launched image not one body,recommends MK_QWEN_PDF_WGMMA_CALLFREE (_qwpdfcf) first; scout _h256dfcf if qwen fails
results/AGENT-COORDINATION.md,599,2026-07-08,architecture,call-free WGMMA image source design (duplicate close),H256,CLOSED-BY-ANALYSIS,hard reject if whole-entry HGMMA/DEPBAR stays {1:N} or LOCAL>0 or _sattninl frame cliff repeats,duplicate close by second session; probe-first (not timing patch)
results/AGENT-COORDINATION.md,603,2026-07-08,architecture,call-free WGMMA image SASS probe (H256 df),s128/s256,NO-GO,probe pruned n128/n256/D128 + force-inlined n64+D64 yet megakernel_df_h256_callfree_probe still singleton: HGMMA=52 DEPBAR=52 run1 (CALL=3 scalar/math only); REG173 STACK0 LOCAL0,call-free dispatch/image pruning insufficient for real H256 bodies; go body-internal wait attribution
results/AGENT-COORDINATION.md,605,2026-07-08,attention,H256 body-internal WGMMA wait attribution,H256,CLOSED-BY-ANALYSIS,correction: probe CALL=3 (regex bug) not 0; helpers request 4-8 HGMMA per commit/wait but production-shaped SASS emits one DEPBAR per HGMMA,route to production WGMMA operand-shape SASS probe before helper rewrite
results/AGENT-COORDINATION.md,607,2026-07-08,gemm-fwd,post-qkrope short GEMM residual audit,s128/s256,ROUTE-AWAY,qkrope regepi closed by shared-composition no-promote; fastdispatch/qkrope-n128/direct-BF16/Drow/dot-partials/S256-FMA closed,remaining short GEMM rows wait on call-free WGMMA image lane (likely image-level cause)
results/AGENT-COORDINATION.md,609,2026-07-08,rowop,s256 RMS dependency-chain audit,s256,ROUTE-AWAY,RMS dX 65.760us visible but fixed-H256/FMA-form/dot-partials all measured no-promote or producer-negative,reopen only with lower-overhead partial source or scheduler/route change removing RMS dX from selected chain
results/AGENT-COORDINATION.md,611,2026-07-08,scheduling,s8192 post-hotfair span-pivot audit,s8192,ROUTE-AWAY,profile still DQ-wait dominated (DQ 1750.2us wait/342.2us span on-path; DKV 2966.7us off-path); 4 scheduler policies removed local wait without selected-time improvement,reopen only with row-level sibling-group executor / body-topology span proof / read-complete contract without stack cliff
results/AGENT-COORDINATION.md,613,2026-07-08,attention-fwd,s8192 forward-attention S2-ring frontier audit,s8192,ROUTE-AWAY,FWD span-heavy 17.7us wait/1023.6us span; worst rows 214.1-270.3us; body already has 80KB three-ring PV pipeline + band T64,narrow S2/ring/PV frontier closed; route to production WGMMA operand-shape probe
results/AGENT-COORDINATION.md,618,2026-07-08,architecture,production WGMMA operand-shape SASS probe,H256/D64,SASS-PROOF,descriptor arrays/scalar descriptors/forceinline/K-MN variants/register pressure do NOT reproduce singleton: attention_x2_fourlive REG190 STACK0 LOCAL0 HGMMA=16 DEPBAR=3 max_run=8; zero C7510,operand shape alone not the trigger; next = stage-context probe adding production features one at a time
results/AGENT-COORDINATION.md,622,2026-07-08,attention,H256 attention stage-context WGMMA SASS probe,H256,SASS-PROOF,consumer bar.sync/proxy fence/P-dS shared stores/mbarrier/EX2 math/noinline scalar calls (CALL=64)/combined all stay HGMMA=16 DEPBAR=3 run8 LOCAL0 C7510=0,stage context not the trigger; next = real production-image reduction from H256 call-free probe entry
results/AGENT-COORDINATION.md,626,2026-07-08,architecture,H256 call-free image reduction matrix,H256,SASS-PROOF,all-mode singleton 52/52 run1; gemm_only groups 16/4 run4; attn_only 36/36 fwd_only 8/8 dkv_only 16/16 dq_only 12/12 all run1 with CALL=0,real D64 attention-body lowering class (not n64 GEMM/scalar calls/dispatch); next = FWD body-internal reduction under mode 3
results/AGENT-COORDINATION.md,627,2026-07-08,attention-fwd,H256 FWD attention body reduction SASS lane,H256,ACTIVE,interim (L630): current_fwd singleton 8/8 run1; s_only groups 4/2 run4; pv_only groups 4/2 run4; s_pv_nomath collapses back to singleton 8/8,failure isolated to combined S+PV real handoff; handoff ablation modes 4-6 (nohandoff/sync_only/fence_only) in flight on local GPU
results/AGENT-COORDINATION.md,633,2026-07-08,rowop,s8192 non-attention residual frontier audit,s8192,ROUTE-AWAY,SWIGLU_BWD_2W 277.2us QKNORM_ROPE_BWD 276.2us GEMMNT 8192x8192x256 254.0us GEMMNN 8192x256x8192 251.8us all already on promoted surfaces,reopen only with new operand-shape proof / fresh n256 SASS attribution / separate 128x128 producer-warp GEMM design
results/AGENT-COORDINATION.md,635,2026-07-08,lm-head,s8192 n256 direct SASS attribution,s8192,SASS-PROOF,pdf image resource-clean (REG168 STACK144 LOCAL0); 6 PDF n256 clones internally call-free yet singleton: direct <2>/<3> HGMMA=4 DEPBAR=4 hist{1:4}; 4 NN clones 8/8 hist{1:8}; all waits 0x0,emitted-SASS objective named: direct toward hist{4:1} NN {8:1}; standalone 64x256 reproducer next
results/AGENT-COORDINATION.md,637,2026-07-08,lm-head,n256 64x256 standalone stage-context SASS probe,s8192,SASS-PROOF,inline n256 bodies group (direct4 {4:1} nn8 {8:1}) even with barriers/mbarriers/fences/shared stores/scalar calls up to REG254 LOCAL0; noinline WGMMA body call reproduces singleton + C7510 (direct4 {1:4}; nn8 {1:8}),selects n256 production inline-boundary source lane
results/AGENT-COORDINATION.md,643,2026-07-08,lm-head,n256 production inline-boundary MK_INLINE_N256_WGMMA_BODIES,s8192,NO-GO,clone symbols disappeared (inlined) but pdf SASS unchanged: HGMMA.64x256x16=40 DEPBAR=40 run1 hist{1:40}; stack worsened 144->416,do not promote; next = production-image reduction to find which monolithic PDF context keeps inlined body singleton
results/AGENT-COORDINATION.md,648,2026-07-08,architecture,n256 PDF real-image reduction matrix MK_N256_PDF_REDUCE_MODE,s8192,SASS-PROOF,every reduced real-image mode groups with LOCAL0: mode1 n256_all 40 HGMMA/16 DEPBAR hist{0:6;4:10}; direct_all 8/4; nn_all 32/12; direct2 4/2; nn2 8/3,n256 bodies SASS-healthy once non-n256 dispatch/body context compiled out; monolithic PDF dispatch image is the trigger; selects MK_PDF_N256_SPLIT_DISPATCH
results/AGENT-COORDINATION.md,649,2026-07-08,lm-head,n256 PDF split-dispatch MK_PDF_N256_SPLIT_DISPATCH,s8192,ACTIVE,claim opened from fafdb96; route/name proof passed (_n256inl_pdfn256split),close begins at line 653 outside window (later CLOSE/NO-GO: SASS stayed singleton hist{1:40}; stack 528)
results/AGENT-COORDINATION.md,653,2026-07-08,lm-head,n256 PDF split-dispatch MK_PDF_N256_SPLIT_DISPATCH,s8192,NO-GO,SASS stayed singleton hist{1:40} DEPBAR=40; STACK528 vs 24,do not promote; route to call-shape reducer
results/AGENT-COORDINATION.md,658,2026-07-08,lm-head,n256 PDF call-shape reducer,s8192,SASS-PROOF,no-call/empty-noinline/scalar-noinline all group max=4 hist{0:6;4:10} STACK24,arbitrary noinline call not the trigger; full non-n256 dispatch body/frame is
results/AGENT-COORDINATION.md,662,2026-07-08,lm-head,n256 PDF non-n256 dispatch partition,s8192,SASS-PROOF,row/loss mode safe max=4 STACK56; attention and GEMM partitions each collapse max=1,poison is reachable non-n256 WGMMA-family body; not generic call/scalar/local pressure
results/AGENT-COORDINATION.md,668,2026-07-08,lm-head,n256 PDF GEMM subpartition,s8192,SASS-PROOF,non-WGMMA GEMM safe max=4; n64/n128/n256-branch-code each collapse max=1 stacks 72/96/24,GEMM poison = WGMMA-family code presence not stack size
results/AGENT-COORDINATION.md,673,2026-07-08,attention-fwd,H256 FWD attention body reduction,H256,SASS-PROOF,s_only and pv_only group 4/2 max=4; s_pv and handoff ablations singleton 8/8 max=1,minimal FWD trigger = two real D64 WGMMA groups in one body
results/AGENT-COORDINATION.md,680,2026-07-08,attention-fwd,H256 split S-PV FWD source forms,H256,NO-GO,forceinline/noinline wrappers and S-dead-before-PV all stay 8/8 max=1 hist{1:8},do not replay lexical wrappers or lifetime scoping; route to structural split or DKV/DQ
results/AGENT-COORDINATION.md,684,2026-07-08,attention-dkv,H256 DKV body-internal reduction matrix,H256,SASS-PROOF,each DKV wga_mma64_x2 batch alone singleton-drains 8/8 CALL0 max=1,route to DKV-specific context probe
results/AGENT-COORDINATION.md,689,2026-07-08,attention-dkv,H256 DKV standalone context probe,H256,SASS-PROOF,all context forms group 8/2 max=4 except sd_stage_pred 8/8 max=1,first isolated trigger = production skip predicate q0s<kv0wg around WGMMA
results/AGENT-COORDINATION.md,692,2026-07-08,attention-dkv,H256 DKV skip-guard real-image ablation,H256,SASS-PROOF,sd_uncond_dvdk_guarded HGMMA=16 DEPBAR=3 max=8 hist{4:2;8:1} vs control 16/16 max=1,runtime skip branch confirmed as real-image singleton trigger; needs operand/masking contract before timing
results/AGENT-COORDINATION.md,696,2026-07-08,attention-dkv,MK_ATTN_DKV_UNCOND_SD production transplant,H256/S128-route,NO-GO,forced production megakernel_df identical cadence 196/196 CALL103 max=1,call-free ablation does not survive full image; bridge context first
results/AGENT-COORDINATION.md,699,2026-07-08,attention-dkv,H256 call-free DKV unguarded context bridge,H256,SASS-PROOF,DKV-only unguarded 16/3 max=8; +FWD 24/24; +DQ 28/28; all-attn 36/36 all collapse,skip-guard fix real but context-fragile; do not replay production _adkvusd
results/AGENT-COORDINATION.md,703,2026-07-08,scheduling,native microbatches shared promotion window,-,ACTIVE,port b662829 + graph API ebe4aa9 validated; execution gated on tree-clean,promotion window armed; blocked on shared dirty stack
results/AGENT-COORDINATION.md,716,2026-07-08,lm-head,n256 PDF attention subpartition,s8192,SASS-PROOF,classic/combine safe max=4; every WG attention slice (D64/D128 FWD/DKV/DQ) collapses hist{1:40},route to WGMMA-isolated PDF image design
results/AGENT-COORDINATION.md,721,2026-07-08,attention-dkv,H256 DKV neighbor-partition bridge,H256,SASS-PROOF,FWD wgmma-only neighbor collapses 20/20 max=1; DQ wgmma-only stays 24/5 max=8; full DQ collapses 28/28,sharp boundary = FWD single-batch wga_mma64 shape vs grouped x2
results/AGENT-COORDINATION.md,723,2026-07-08,lm-head,n256 PDF WGMMA-isolated image _pwgi1,s8192,SASS-PROOF,grouped restored HGMMA=40 DEPBAR=16 max=4 hist{0:6;4:10} REG168 LOCAL0,SASS-positive but no-promote as-is (non-n256 WGMMA rows omitted not executed)
results/AGENT-COORDINATION.md,724,2026-07-08,attention-dkv,H256 DKV neighbor-partition bridge (repost),H256,DUPLICATE,same closeout note as line 721,double-posted close
results/AGENT-COORDINATION.md,729,2026-07-08,lm-head,n256 PDF replay-kernel code presence _pwrp1,s8192,SASS-PROOF,megakernel_pdf healthy max=4 with replay global in same cubin; replay probe body 180/180 CALL31,poison is callable-path WGMMA code not cubin-wide code presence
results/AGENT-COORDINATION.md,736,2026-07-08,lm-head,n256 PDF real replay-shape _pwrr1,s8192,SASS-PROOF,primary stays grouped max=4 STACK144; replay body HGMMA=180 DEPBAR=180 REG239 LOCAL0,real wave-loop replay global coexists; route to launch/parity wiring
results/AGENT-COORDINATION.md,739,2026-07-08,lm-head,n256 PDF replay-after-run launch semantics,s8192,CLOSED-BY-ANALYSIS,74/77 replay rows have downstream consumers,simple post-run replay causally invalid; needs wave-level or dataflow-integrated ordering
results/AGENT-COORDINATION.md,744,2026-07-08,attention-fwd,H256 FWD issue-shape bridge,H256,SASS-PROOF,single/guarded 20/20; x2 KK/KMN/two-single/guarded-x2 24/24; delayed-wait 20/20 all max=1,FWD poison not issue shape / wait placement / operands / skip guard; stop local tweaks
results/AGENT-COORDINATION.md,748,2026-07-08,attention,H256 FWD+DKV boundary code presence,H256,SASS-PROOF,same-extension full FWD in separate global leaves DKV 16/3 max=8; FWD global itself 8/8 max=1,poison requires same callable/body/scheduling path
results/AGENT-COORDINATION.md,750,2026-07-08,attention-dq,H256 DQ-neighbor reducer,H256,SASS-PROOF,RS-feed dQ WGMMA alone collapses 28/28 max=1; scalar dS after x2 stays 24/4 max=8,DQ collapse trigger = RS-feed dQ WGMMA group; split at RS boundary
results/AGENT-COORDINATION.md,755,2026-07-08,attention-fwd,H256 FWD real replay-shape (S128 gate),H256/S128,SASS-PROOF,DKV stays 16/3 max=8 with replay code present; replay global 8/8 CALL2 max=1,superseded by exact-S4096 close at line 756
results/AGENT-COORDINATION.md,756,2026-07-08,attention-fwd,H256 FWD real replay-shape exact-S4096,H256/S4096,SASS-PROOF,s4096/pdf replay rows/tiles 12/1008; DKV grouped 16/3 max=8; replay global 8/8 max=1,supersedes S128 close; ordering must be wave-level or dataflow-integrated before timing
results/AGENT-COORDINATION.md,758,2026-07-08,attention-fwd,H256 FWD replay dependency/order proof,H256/S4096,CLOSED-BY-ANALYSIS,12/12 replay rows have consumers; coarse wave-boundary invalid for 8/12; instruction-slice cutpoints valid for all,do not time post-run or pure wave-boundary replay
results/AGENT-COORDINATION.md,763,2026-07-08,attention-dq,H256 DQ RS-feed boundary code presence,H256,SASS-PROOF,DKV unchanged 16/3 max=8; DQ boundary global itself 12/12 max=1,code presence safe; RS body still singleton; needs dS/RS operand contract
results/AGENT-COORDINATION.md,765,2026-07-08,attention-fwd,H256 FWD instruction-sliced replay scaffold,H256/S4096,SCAFFOLD,slice calls [44;47) [56;59) [68;71) [80;83); DKV grouped 16/3; slice global 8/8 max=1,code-presence safe; needs primary pause/resume before same-wave attn_combine; do not time
results/AGENT-COORDINATION.md,767,2026-07-08,lm-head,n256 PDF replay cutpoint/order proof,s8192,CLOSED-BY-ANALYSIS,77 replay rows; instruction windows 77/77 valid; wave windows 73/77; 4 FWD rows need instruction cuts,41 grouped cutpoints usable; do not time post-run replay
results/AGENT-COORDINATION.md,772,2026-07-08,attention-dq,H256 DQ RS order/materialization proof,S4096+S128,CLOSED-BY-ANALYSIS,every DQ row has downstream consumers; bf16 dS materialization 260.0MiB at S4096,RS path is register-only; needs materialize+rewire or same-kernel pause/resume
results/AGENT-COORDINATION.md,775,2026-07-08,executor,H256 boundary DAG rewrite proof,H256/S4096,CLOSED-BY-ANALYSIS,8 synthetic boundaries; rewritten graph 192 nodes 1297 edges topo-valid,executor gap: release_at is not a pause; no boundary op exists yet
results/AGENT-COORDINATION.md,777,2026-07-08,lm-head,n256 PDF replay-slice scaffold _pwrs1,s8192,SCAFFOLD,primary grouped max=4; slice entry dispatcher-only HGMMA=0 CALL=28; 10 replay-local WGMMA callees singleton max=1,41 slices; needs pause/resume + replay-body grouping before parity/timing
results/AGENT-COORDINATION.md,779,2026-07-08,executor,H256 boundary-node executor scaffold,H256/S4096,SCAFFOLD,184->192 instr; 8 OP_NOP boundaries at [47;60;73;86;118;140;162;184]; topo valid,boundary bodies still no-ops; replace with replay/materialization then parity
results/AGENT-COORDINATION.md,782,2026-07-08,executor,n256 replay boundary-DAG proof,s8192,CLOSED-BY-ANALYSIS,41 boundaries; 224 nodes 1031 edges replacing 439 direct edges; 37 wave-valid 4 instr-only 3 terminal,cp 80->108; no same-launch boundary op/pause-resume executor yet
results/AGENT-COORDINATION.md,785,2026-07-08,tma-smem,attn-dq elected-TMA staging (SW128),s2048+s3072,PROMOTED,s2048 -13.9/-3.1us; s3072 -6.7/-9.2 (120 reps both orders); kind-5 producer TMA s8192 NO-GO +0.8/+16.2,gate flipped exact_s2048|exact_s3072; re-cert dqtma-bat2 submitted; LANDING BLOCKED on dirty shared tree
results/AGENT-COORDINATION.md,802,2026-07-08,executor,H256 boundary-node no-op model parity,H256/S4096,SCAFFOLD,parity loss abs diff 9.54e-07; boundary PDF 192 instr cp 89,real builder+executor run the no-op boundary graph
results/AGENT-COORDINATION.md,803,2026-07-08,executor,n256 boundary-node executor scaffold,s8192,SCAFFOLD,183->224 instr; cp 80->108; forced-dep CSR/topology pass,ordering scaffold only; no-op boundaries grow cp
results/AGENT-COORDINATION.md,807,2026-07-08,executor,MK_N256_BOUNDARY_NODES model gate route proof,s8192,SCAFFOLD,default 183/80; gated 224/108; 41 boundaries; CSR matched forced deps,host-only proof; GPU no-op parity next
results/AGENT-COORDINATION.md,810,2026-07-08,executor,H256 boundary instruction parameterization,H256/S4096,SCAFFOLD,parity loss abs diff 9.54e-07; 8 boundaries retain explicit descriptor,per-boundary instruction tuples enabled for future real bodies
results/AGENT-COORDINATION.md,812,2026-07-08,executor,n256 boundary no-op parity smoke,s8192,SCAFFOLD,parity exact 0.0 loss and grads; 224 instr cp 108,41-node no-op graph executes with unchanged math
results/AGENT-COORDINATION.md,814,2026-07-08,itax-dag,floor-shape DAG-depth hop-deletion census,deep+small+nano+s128,MEASUREMENT,RMSNORM_FWD dcp -25 deep / -17 small / -9 nano-s128; QKNORM_ROPE_BWD -12/-8/-4,chosen candidate = true rmsnorm-fwd deletion (norm commutes into consumer gemm); deep predicted -100..-180us
results/AGENT-COORDINATION.md,818,2026-07-08,executor,H256 typed boundary op slots (op 39/40),H256/S4096,SCAFFOLD,parity abs diff 2.86e-06; typed op IDs 39/40 at 8 boundaries; dispatch traps without define,stable typed executor op slots
results/AGENT-COORDINATION.md,822,2026-07-09,executor,H256 typed boundary arg contract,H256/S4096,SCAFFOLD,FWD op39 21 args; DQ op40 15 args; both fit MAX_ARGS=23; parity 1.91e-06,implement DQ RS op40 body first
results/AGENT-COORDINATION.md,828,2026-07-09,executor,H256 DQ RS boundary real body (op40),H256/S4096,SCAFFOLD,parity 1.907e-06; REG168 LOCAL0 stack 176->192; ntiles=212 per boundary,bridge body replays full DQ; not a perf candidate; needs true RS-phase split
results/AGENT-COORDINATION.md,829,2026-07-09,executor,n256 typed boundary op slots (op39),s8192,SCAFFOLD,parity 0.0 exact; 41 typed boundaries; module-name suffix removed for pybind export limit,typed slot stable; add arg descriptors next
results/AGENT-COORDINATION.md,833,2026-07-09,executor,n256 typed boundary arg contract v1,s8192,SCAFFOLD,parity 0.0 exact; arg lengths 13-20 <= MAX_ARGS 23; all 41 headers verified vs producers,compact body ABI ready; implement one kind at a time
results/AGENT-COORDINATION.md,837,2026-07-09,executor,N256 FWD replay-boundary real body (v1 bridge),s8192,NO-GO,parity exact 0.0 but stack 144->256; focused cadence 40/41/91 maxrun4 -> 48/77/95 maxrun1,correctness bridge no-promote; restart future FWD body from v2 read/write ABI
results/AGENT-COORDINATION.md,840,2026-07-09,executor,n256 boundary read/write ABI v2,s8192,SCAFFOLD,parity 0.0 exact; max arg len 22 <= 23; reads+writes carried per boundary,v2 supersedes v1 write-only ABI; DKV/DQ kind-3 body next
results/AGENT-COORDINATION.md,842,2026-07-09,executor,n256 DKV/DQ kind-3 body-map proof,s8192,CLOSED-BY-ANALYSIS,4 kind-3 boundaries; op sequence [DKV DKV DKV DQ DQ DQ DKV DQ]; 1088 body tiles,deterministic tile-to-producer map ready for real body
results/AGENT-COORDINATION.md,847,2026-07-09,executor,H256 DQ materialized-dS ABI scaffold,H256/S4096,SCAFFOLD,per-band dS pairs appended at args 15-20; 272.6MB total footprint; route unchanged 192/77/89,ABI-only until a future CUDA body consumes the buffers
results/AGENT-COORDINATION.md,850,2026-07-09,executor,H256 FWD boundary body (op39),H256/S4096,NO-GO,parity 0.0; stack 176->272; STL 86->111; max HGMMA run stays 1,full-body replay only moves work; split completion/merge and require focused SASS gain before timing
results/AGENT-COORDINATION.md,852,2026-07-09,executor,H256 combined FWD+DQ boundary bodies,H256/S4096,NO-GO,parity 9.54e-07; stack 176->320; LDL 111->235 whole-image 184->323,bodies compose but combined replay stack is correctness baseline only
results/AGENT-COORDINATION.md,853,2026-07-09,executor,n256 DKV/DQ kind-3 boundary real body,s8192,SCAFFOLD,parity 0.0 exact; REG168 STACK208 LOCAL0; short module prefix fixed pybind limit,parity-clean import-safe behind default-off flag; combine with FWD body after its parity
results/AGENT-COORDINATION.md,856,2026-07-09,executor,n256 GEMM kind-1 body-map ABI proof,s8192,CLOSED-BY-ANALYSIS,33 kind-1 boundaries; producer hist {1:29;2:4}; 7 decoder keys; v2 decoder sufficient,no v3 ABI extension needed
results/AGENT-COORDINATION.md,861,2026-07-09,executor,n256 GEMM boundary real body,s8192,NO-GO-CORRECTNESS,baseline loss 9.0116 vs variant NaN,first bad writer boundary 50 (decoder (1;128;3;2)) reads unmaterialized kind-2 FWD output acts.oatt.0
results/AGENT-COORDINATION.md,863,2026-07-09,fusion,MK_RMS_FWD_FOLD rmsnorm-fwd fold gate map,deep+small,PROMOTED,deep -22.4/-24.5us 40/40 x2; small -46.3/-45.6 40/40 x2; NO-GO nano +9.9/+8.4 s128 s256 s1024,landing parked behind shared WIP (sibling e6b701b); laws: row-linear norms commute into consumer gemm; hop deletion pays iff L amortizes sink mass
results/AGENT-COORDINATION.md,868,2026-07-09,fusion,exact-small QKRoPE-BWD fold-map proof,exact-small,CLOSED-BY-ANALYSIS,8 foldable triples; deletion sim 264->256 instr cp 145->137; C=1 clean,route to MK_ATTN_QKROPE_BWD_FOLD source scaffold; keep C>1/long-S disabled
results/AGENT-COORDINATION.md,870,2026-07-09,fusion,QKRoPE-BWD fold source scaffold,exact-small,SCAFFOLD,folded route 256 instr / cp 137; 0 QKRoPE rows; guards reject C>1 and wrong shape,trap in place until real D64 epilogue body implemented
results/AGENT-COORDINATION.md,874,2026-07-09,fusion,QKRoPE-BWD folded epilogue body,exact-small,NO-GO,timing +811.18us 0/20; parity ok (loss diff 5.72e-06); ATOM 3648->4420,correctness-ready reference only; needs smem partial reduction + cheaper DKV G-combine
results/AGENT-COORDINATION.md,878,2026-07-09,qwen,qwen NT body-embedding exact-source SASS probe,qwen4b-l2,SASS-PROOF,imported/definitions-only controls grouped ARRIVE=4 max=16; every invoked wrapper/body variant 64/64 max=1,collapse trigger = wrapper/body function boundary around exact pair2k issue loop
results/AGENT-COORDINATION.md,883,2026-07-09,qwen,qwen NT top-level production embedding _nttop,qwen4b-l2,NO-GO,default 216/216 max=1 -> _nttop 224/224 max=1; stack 112->160,image reachability proven but still singleton; route to pruned image or lower-level emission
results/AGENT-COORDINATION.md,886,2026-07-09,qwen,qwen NT pruned production-image proof _ntpr,qwen4b-l2,SASS-PROOF,pruned HGMMA=8 max=8 ARRIVE=1 DEPBAR=2 CALL=0 STACK0 vs default 216 max=1 CALL=127,full-image context is causal collapse source; not runnable (non-matching instrs no-op); route to sidecar
results/AGENT-COORDINATION.md,897,2026-07-09,fusion,QKRoPE-BWD folded smem-grad reduction,exact-small,NO-GO,timing +89.52/+88.50us 1/20 both orders; ATOM 4420->3932 still above default 3648,recovers most of +811us loss but still slower; target DKV last-arrival counter path
results/AGENT-COORDINATION.md,903,2026-07-09,fusion,QKRoPE-BWD DQ-only fold isolate,exact-small,NO-GO,timing +13.01/+10.19us 2-3/20 near-neutral; parity ok,q-finalization cost small; full-fold residual is DKV last-arrival/finalization overhead
results/AGENT-COORDINATION.md,904,2026-07-09,qwen,qwen NT lm-head sidecar launched-symbol scaffold,qwen4b-l2,SASS-PROOF,sidecar CALL=0 HGMMA=8 max=8 TMA=12 STACK0 LOCAL0; normal pdf unchanged 216 max=1,separate launched symbol preserves pruned non-singleton issue shape; not runnable yet
results/AGENT-COORDINATION.md,910,2026-07-09,qwen,qwen NT sidecar cutpoint contract,qwen4b-l2,SCAFFOLD,one cutpoint at instr 37 tiles 0..4748; producer dep [36]; rejoin [38;39;40;41],precise host contract; export/launch or typed boundary next
results/AGENT-COORDINATION.md,913,2026-07-09,fusion,QKRoPE-BWD DKV G-combine fold,exact-small,NO-GO,timing +348.75/+356.40us 0/20; ATOM 3675->4099 BAR.SYNC 481->533 stack megakernel +80,serializing both GQA members in one DKV tile swamps counter deletion; preserve G parallelism
results/AGENT-COORDINATION.md,919,2026-07-09,fusion,QKRoPE-BWD split-G KV direct-store finalizer,exact-small,NO-GO,timing +40.96/+51.84us 0/20; first run raced (dependency slots are not storage) fixed with private kvsplit buffers,private full-size KV buffers + standalone finalizer still lose; avoid standalone K/V finalizer variants
results/AGENT-COORDINATION.md,920,2026-07-09,qwen,qwen NT sidecar launch ABI export,qwen4b-l2,SCAFFOLD,pybind run_qwen_nt_lmhead_sidecar exported and host-callable; build proof has_export=true,debug-only one-CTA; needs typed boundary or partial executor/resume protocol
results/AGENT-COORDINATION.md,921,2026-07-09,ce,CE fwd warp-per-row reduce MK_CE_FWD_WARPROW,s8192+s4096+s3072,VALIDATED-PARKED,s8192 -94.0/-105.1us 16/16 both orders; s4096 -39.4 40/40; s3072 -38.8 40/40; parity ~3e-05,promotion staged (wt-cewr c8569a1) parked behind shared supertile WIP; later landed at 3b5701e (line 1221)
results/AGENT-COORDINATION.md,936,2026-07-09,fusion,MK_SWIGLU_BWD_FOLD swiglu-bwd fold into dX epilogue,nano+deep+small,PROMOTED,nano -20.0/-16.6us; deep -26.5/-27.6; small -82.6/-86.2 all 40/40 both orders; small parity bit-exact,promoted in sibling 587ed73; law: zero-added-sink-mass hop deletion pays at every chain depth
results/AGENT-COORDINATION.md,945,2026-07-09,qwen,qwen NT sidecar split-plan contract,qwen4b-l2,SCAFFOLD,strict pre-closure 20 rows; rejoin [38-41]; post-closure 39 rows; valid_topological_split=true,runnable_now=false; typed boundary or skip/resume next
results/AGENT-COORDINATION.md,948,2026-07-09,qwen,qwen NT sidecar boundary row OP_QWEN_NT_SIDECAR_BOUNDARY,qwen4b-l2,SCAFFOLD,row 37 becomes op 39 replacing OP_GEMM with same dep/gating signature; remote isolated compile/import pass,typed main-graph placeholder compiles; orchestrate one-tile launch next
results/AGENT-COORDINATION.md,953,2026-07-09,qwen,qwen NT sidecar one-tile launch smoke,qwen4b-l2,SCAFFOLD,launch_error=null; sentinel 0; overwritten 32768/32768; nan telemetry expected (producers not run),launch/overwrite proven only; not correctness
results/AGENT-COORDINATION.md,956,2026-07-09,qwen,qwen NT sidecar PDF subprogram split protocol,qwen4b-l2,SCAFFOLD,prefix 37 rows cp20; post 40 rows cp23; tile [0;1) after prefix fully finite 32768/32768,NaN gap closed once producer closure runs; run all tiles + post + parity next
results/AGENT-COORDINATION.md,966,2026-07-09,qwen,qwen NT sidecar one-tile math smoke,qwen4b-l2,SCAFFOLD,logits max_abs_diff 2.44e-04; LSE mx diffs 0.0; sumexp rel 1.88e-07 after fixes,two real topembed LSE bugs fixed (strip row offset + quad mx/sumexp shuffle reduce)
results/AGENT-COORDINATION.md,969,2026-07-09,qwen,qwen NT sidecar multi-tile math sweep,qwen4b-l2,SCAFFOLD,tiles [0;1;4;2374;4747] all pass; worst logits abs 2.44e-04; LSE sumexp rel 2.5e-07,tile math correct through final vocab tile; full protocol + parity remain
results/AGENT-COORDINATION.md,972,2026-07-09,qwen,qwen NT sidecar segmented-wave protocol,qwen4b-l2,NO-GO,harness hung local GPU at 99% SM ~7GB until interrupted exit 130; no runtime summary,wave tensor slicing is not a viable bridge; build real df/pdf-aware partial executor
results/AGENT-COORDINATION.md,976,2026-07-09,qwen,qwen NT sidecar segmented-PDF protocol smoke,qwen4b-l2,SCAFFOLD,loss 12.5688 finite; grads finite/nonzero; telemetry pre 45.2ms sidecar 146.8ms post 5.8ms,host-driven segmented PDF works; needs production API + parallel sidecar + exact parity
results/AGENT-COORDINATION.md,983,2026-07-09,rowop,QKNORM_ROPE_BWD body audit,s8192,NOTE,296us bucket; traffic ~64-80MB/instr suggests ~2x headroom,no cheap anti-pattern remains; bandwidth-vs-floor decomposition queued
results/AGENT-COORDINATION.md,992,2026-07-09,measurement,zero-GPU predictor synthesis (4 sub-analyses),-,MEASUREMENT,feed 3-term rule 0.915 with zero false GOs; local-LD 14.7us/M in-chain sectors; s512=nano identity routing 31/31 via laws; NO-GO triage folklore 80% coverage kills 76% of wins,deliverable predictors-0ba235d.md; F1 nano combo falsifier pre-registered
results/AGENT-COORDINATION.md,1003,2026-07-09,rowop,QKNORM_ROPE_BWD s8192 bandwidth-floor decomposition,s8192,MEASUREMENT,standalone 68.99us/instr matches in-model 69.22; total wait only 10.59us; effective BW 656-745GB/s,body-bound not scheduler-floor-bound; levers = tile staging of trig/weights or dy_f32-read/write deletion
results/AGENT-COORDINATION.md,1006,2026-07-09,rowop,MK_QKBWD_D64_TILE_STAGE smem staging probe,s8192,NO-GO,+9.23/+10.56us 0/40 both orders; parity clean; LDG/LDS/STS/SHFL all up,repeated trig/weight traffic was over-priced; cache/issue reuse beats tile smem staging
results/AGENT-COORDINATION.md,1009,2026-07-09,rowop,MK_QKBWD_D64_VECIO uint4 IO probe,s8192,NO-GO,+27.81/+28.56us 0/40; main STACK 48->320 ws 80->224,only 4 lanes active per 32 RoPE pairs; distinct from later winning vec8 pattern (line 1124)
results/AGENT-COORDINATION.md,1012,2026-07-09,precision,s2048 precision sibling 2^3 lattice (rs/qp/kp),s2048,VALIDATED-PARKED,triple -36.60/-23.50us paired 40/40+40/40 best cell; kp order-mixed alone but contributes -9..-11 composed; Moebius rs*kp -6.31 qp*kp -3.57,gate edit = add exact_s2048 to rs/qp/kp defaults; sign lives at DKV knob not sibling group; ~2x order-bias asymmetry in all 7 cells
results/AGENT-COORDINATION.md,1013,2026-07-09,fusion,swiglu fold-vs-cache boundary,s1024+s2048+s4096,FLIP-PROMOTED,s1024 -2.0/-14.4 @120 reps; s4096 -11.8/-12.4 39/40; s3072 NO-GO +15/+17; s8192 order-mixed NO-GO,cached-2W gate was fold-era stale; s1024/s2048/s4096 moved to _SWIGLU_BWD_FOLD (sibling 58074b8)
results/AGENT-COORDINATION.md,1020,2026-07-09,precision,nano F1/F2 combo (RS_FEED+FP32_P+prebias),nano,VALIDATED-PARKED,forced-old mirror +6.19/+6.62us old wins 9/120; F1 def-first -8.2..-10.1 x120; F2 prebias 8/8 windows both orders,staged commit 08276fe parked behind supertile WIP; sibling-closure derivability transfers; shipped nano gate hole was derivable
results/AGENT-COORDINATION.md,1023,2026-07-09,qwen,qwen NT sidecar full split parity,qwen4b-l2,SCAFFOLD,loss diff -2.86e-06; worst grad rel 0.0048,three LSE bugs fixed in sequence (part index out-of-range; strip row overwrite; missing 4-lane reduction causing ~log(4) loss shift); correctness only
results/AGENT-COORDINATION.md,1024,2026-07-09,rowop,QKNORM_ROPE_BWD decomposition (main session),s8192,MEASUREMENT,standalone 31.6us per 2048-row instr (9MB traffic; 3.7us floor); body 3-4x off floor; ~55-60us of 74us in-model span is contention,lever: ld8bf/st8bf uint4 never applied to per-(head;row) loop; expected ~30-50us/step
results/AGENT-COORDINATION.md,1038,2026-07-09,qwen,qwen NT sidecar serial split timing baseline,qwen4b-l2,NO-GO,+144816.05/+144796.13us 0/12 both orders; parity pass,correctness-valid performance-invalid; sidecar launch still debug serial one-CTA over [0;4748)
results/AGENT-COORDINATION.md,1042,2026-07-09,attention,attn-feed WG2-contention displacement test,s4096,REFUTED,attn feed still loses +23.4/+14.9us 1/40 with WG2 freed of _pd64f; staleness recheck +63.9/+56.8 reproduces old +64.4/+68.3; pd64f worth ~-33us,feed law amended to funding inequality (wait column must fund fixed serialization cost); contention term real ~40us but not sign-determiner
results/AGENT-COORDINATION.md,1043,2026-07-09,fusion,swiglu-bwd fold round complete,nano+deep+small+s2048+s4096,PROMOTED,final map: 5 shapes promoted 40/40-class both orders with 0-2/40 mirrors; _SWIGLU_CACHED_2W shrinks to s1024/s3072/s8192,new law: a mechanism that deletes an op stales every gate tuned to optimize that op; landing = one cherry-pick from dagdepth sibling
results/AGENT-COORDINATION.md,1047,2026-07-09,qwen,qwen NT sidecar tile-parallel grid launch,qwen4b-l2,VALIDATED-PARKED,-394.82/-378.70us 12/12 both orders; audit and parity clean (loss diff +2.86e-06),fixes prior +144.8ms serial no-go; one CTA per tile; API/scheduler integration remains
results/AGENT-COORDINATION.md,1048,2026-07-09,precision,partial-gate completion s1024/s3072/s4096,s3072+s4096,VALIDATED-PARKED,s3072 rs+kp -36.03/-34.79 40/40x2; s4096 qp+kp -56.27/-54.39 40/40x2; s1024 all cells order-mixed null,two verdict-rot flips: rs@s3072 old refutation now holds alone; qp@s4096 old neutral now holds alone
results/AGENT-COORDINATION.md,1058,2026-07-09,qwen,qwen NT sidecar explicit step API,qwen4b-l2,VALIDATED-PARKED,-382.45/-363.95us 12/12; parity loss diffs <2e-06,step() unchanged; guarded explicit step_qwen_nt_sidecar API validated
results/AGENT-COORDINATION.md,1062,2026-07-09,qwen,MK_QWEN_NT_SIDECAR_STEP policy switch,qwen4b-l2,VALIDATED-PARKED,-428.58/-400.75us 12/12; boundary-without-policy and graph-capture refusals pass,opt-in execution-policy surface validated for exact qwen4b-l2
results/AGENT-COORDINATION.md,1067,2026-07-09,qwen,qwen NT sidecar explicit step API (repost),qwen4b-l2,DUPLICATE,same close as line 1058,double-posted close
results/AGENT-COORDINATION.md,1069,2026-07-09,attention,attention split-entry callfree image SASS probe,s8192+s4096,REFUTED,dq-only entry CALL=0 fully inlined still hist{1:12} max=1; dkv+dq {1:28}; all {1:36}; .text.megakernel_df byte-identical across builds,attention WGMMA singleton drain survives total image isolation = conservation-scoped; image-partitioning family do-not-spend; call-poison law rescoped to exclude attention bodies
results/AGENT-COORDINATION.md,1081,2026-07-09,qwen,qwen NT sidecar API coverage matrix,qwen4b-l2,SCAFFOLD,only l2_boundary exposes API; 7 reject cases clean; runtime re-confirm -437.79/-383.73us 12/12,API validated for explicit qwen4b-l2 boundary route only
results/AGENT-COORDINATION.md,1085,2026-07-09,qwen,qwen NT sidecar CUDA graph capture,qwen4b-l2,VALIDATED-PARKED,graph replay -406.32/-417.25us 12/12; parity clean,sidecar advantage survives graph replay so not python launch overhead
results/AGENT-COORDINATION.md,1089,2026-07-09,qwen,qwen NT sidecar graph policy integration,qwen4b-l2,VALIDATED-PARKED,-457.12/-456.35us 12/12; policy graph/API equivalence pass,MK_QWEN_NT_SIDECAR_STEP=1 validated for eager and graph-captured step
results/AGENT-COORDINATION.md,1093,2026-07-09,precision,kp completion deep/s128/s256/s8192,s8192+deep,VALIDATED-PARKED,s8192 +kp -103.25/-109.36us 40/40x2 biggest env-only sibling-family win; deep -19.67/-23.56 40/40x2; s128/s256 order-mixed flat no-go,kp value tracks total DKV wait mass; consolidated session payload ~-249us env-only
results/AGENT-COORDINATION.md,1097,2026-07-09,qwen,qwen NT sidecar graph capture (repost),qwen4b-l2,DUPLICATE,same close as line 1085,double-posted close
results/AGENT-COORDINATION.md,1099,2026-07-09,qwen,qwen NT sidecar graph policy (repost),qwen4b-l2,DUPLICATE,same close as line 1089,double-posted close
results/AGENT-COORDINATION.md,1101,2026-07-09,qwen,qwen NT sidecar L1 explicit API,qwen4b-l1,VALIDATED-PARKED,-418.42/-413.68us 12/12; L1 split route 47/26 prefix 22 post 24,L1 blocker was the exact-L2 enable gate not the sidecar protocol
results/AGENT-COORDINATION.md,1104,2026-07-09,qwen,qwen NT sidecar L1 graph policy,qwen4b-l1,VALIDATED-PARKED,-445.89/-447.90us 12/12; parity clean,L1 policy/graph coverage now matches L2
results/AGENT-COORDINATION.md,1107,2026-07-09,qwen,qwen NT sidecar exact-qwen default policy (9b543e8),qwen4b-l1+l2,SUPERSEDED,all 8 timing cells win 12/12 (-372..-457us); rollback guards pass,superseded by bc67e63 guard fix (line 1143): no-env policy could report requested with no final cutpoint
results/AGENT-COORDINATION.md,1109,2026-07-09,measurement,nano F3 discriminator re-certs (idle32/cold-cap/SKR),nano,MEASUREMENT,idle32 durable (forced 256 loses +3.5/+11.1); cold-cap0 durable (+2.1/+10.9 via step-env harness); SKR=4 STALE at head (forced-old wins -5.9..-7.2 x120) yet original-sha 0abc08f reproduces promotion,resweep staleness event not law refutation; MK_COLD_CAP is launch-time env (build-env harnesses no-op on it)
results/AGENT-COORDINATION.md,1111,2026-07-09,fusion,rmsfold long-S extension (dagdepth round 3 final),deep+small+s2048+s3072+s4096,PROMOTED,map complete: promoted {deep small s2048* s3072* s4096} (*compound with ssq_fuse coupled); refuted {nano s128 s256 s1024 s8192}; mirrors confirmed,lane totals deep -51 / small -131 / nano -18 / s2048 -63 / s3072 -8 / s4096 -38us; one cherry-pick when shared stack commits
results/AGENT-COORDINATION.md,1112,2026-07-09,precision,mid-S prebias completion + s8192 bulk-red recheck,s3072+s8192,VALIDATED-PARKED,prebias s3072 -16.8/-10.1 (40/40+39/40) promote-candidate; s2048 weak-hold -3.9/-6.5; bulk-red s8192 reconfirmed +93.9/+86.3 0/40 and robust under kp composition,bulk-red s8192 upgraded to conservation-grade do-not-spend no expiry
results/AGENT-COORDINATION.md,1114,2026-07-09,gemm-dx,deep head-dX SKR staleness re-cert,deep,MEASUREMENT,forced MK_HEAD_DX_SKR=0 wins -21.12us 40/40 / -11.95 39/40 at head,whole 0abc08f nano/deep SKR promotion stale at head (~4.5% of deep gap); gate flips staged not edited; s3072/s4096 SKR flagged high-suspect
results/AGENT-COORDINATION.md,1116,2026-07-09,precision,s1024 completion cells correction,s1024,INVALID,identical-build nulls: byte-identical builds read paired means +/-5.5-8.6us with win rates up to 39/40,lane-2 s1024 cells forced already-on knobs; doubles as measured null control (single-order wins <~9us meaningless)
results/AGENT-COORDINATION.md,1118,2026-07-09,qwen,qwen NT sidecar exact-L2 default certification (af2388b),qwen4b-l2,VALIDATED-PARKED,eager -422.30/-372.72us; graph -390.34/-433.76 all 12/12; env rollbacks restore old route; mixed-env guards error,no-env default sidecar for exact qwen4b-l2 promotion-ready with rollback
results/AGENT-COORDINATION.md,1124,2026-07-09,rowop,qknorm bwd vec8 ld8bf/st8bf,s8192+s4096+s2048,VALIDATED-PARKED,s8192 -129.7/-127.9us 16/16x2; s4096 -36.1/-34.0 40/40x2; s2048 -10.9/-11.5; excluded s3072 wash nano +5 small +91 hard regression,shape-gated exact H256 S{2048;4096;8192}; parked behind supertile WIP; landed later at 3b5701e (line 1221)
results/AGENT-COORDINATION.md,1139,2026-07-09,executor,N256 combined FWD+DQKV+GEMM bodies all-three parity,s8192,NO-GO-CORRECTNESS,loss 9.0116 vs 9.0656 abs diff 0.0540; worst grad wqkv.2,GEMM body participation later isolated as the required failure condition
results/AGENT-COORDINATION.md,1143,2026-07-09,qwen,qwen NT sidecar default policy v2 (bc67e63),qwen4b-l1+l2,VALIDATED-PARKED,all 8 cells win 12/12 (L1 -426.90/-432.69 -408.67/-376.78; L2 -402.22/-408.45 -391.44/-407.30); 16-row host coverage,supersedes 9b543e8 (guard bug: policy_requested true in prerequisite-off cases); promotion-ready with prerequisite-off coverage
results/AGENT-COORDINATION.md,1144,2026-07-09,precision,composed-default validation battery (payload),s2048+s3072+s4096+s8192+deep,VALIDATED-PARKED,forced-old loses s2048 +20.7/+32.1 s3072 +32.0/+34.9 s4096 +49.8/+48.1 s8192 +98.6/+98.6 deep +16.9/+6.3,composed total ~-219us (sub-additive vs -262 naive knob sum); integration-ready patch 6c9ecab
results/AGENT-COORDINATION.md,1145,2026-07-09,gemm-dx,full SKR gate-map re-cert at head,nano+deep+s1024+s3072+s4096+small,MEASUREMENT,nano/deep STALE; durable: s1024 +10.1/+8.1 s3072 +145/+152 s4096 +127/+127 small +148/+164 all forced-0 losses; s128/s256 N/A (not SKR-gated),staleness boundary exactly S=512; short-S identical-image A/Bs double as noise-floor calibration +-1-5us
results/AGENT-COORDINATION.md,1146,2026-07-09,executor,combined-body 0d7bddb parity rejection (repost),s8192,DUPLICATE,same rejection as line 1139,double-posted update
results/AGENT-COORDINATION.md,1153,2026-07-09,executor,N256 body combo diagnostic matrix,s8192,MEASUREMENT,noop/fwd/dqkv/fwd_dqkv exact-pass 0 drift; fwd_gemm fail 0.0540; dqkv_gemm NaN (FWD not materialized); all fail 0.0540,GEMM body replay is the sole live correctness problem for the combined lane
results/AGENT-COORDINATION.md,1154,2026-07-09,attention-onepass,band-preserving one-pass pdf s4096 design audit,s4096,CLOSED-BY-ANALYSIS,nearest tested cell lost +1087us in serial drain; slab 129KB vs 100KB carveout = +67us/step smem tax pre-win; s4096 wait 535us unfundable,do-not-spend; with split-entry refutation this closes dynamics-synthesis SS5 item 2; reopen gates expiry-dated
results/AGENT-COORDINATION.md,1170,2026-07-09,executor,N256 combo diagnostic completion (repost),s8192,DUPLICATE,same matrix as line 1153,double-posted update
results/AGENT-COORDINATION.md,1171,2026-07-09,ce,CE_BWD s8192 floor decomposition + ILP2 falsifier,s8192,MEASUREMENT,one 8192-tile instr span 150.4us wait 2.6us; 268MB RMW ~1.78TB/s at regime DRAM floor; MK_CE_BWD_ILP2 REFUTED +48.3/+38.9 1/16 (s4096 +5.8/+3.3),CE_BWD closed do-not-spend (uint4+exp2 done); register-lifetime law 5th strike; baseline 92us=2.9TB/s is occupancy artifact
results/AGENT-COORDINATION.md,1174,2026-07-09,precision,second-ring: DQ float2-store holes + prebias@small,s2048+s4096+deep+s1024+small,FLIP-PROMOTED,all four float2-store gate holes GENUINE (order-mixed/null) CLOSED; prebias@small flipped -11.6/-4.8 (39/40+32/40),prebias@small flip later RETRACTED as null-band FP at line 1231; composition-rot is data-path-local (attention-bwd precision/exp path)
results/AGENT-COORDINATION.md,1177,2026-07-09,executor,N256 GEMM body selector diagnostic,s8192,MEASUREMENT,pc1_t128_r3_w2 / f12434 only failing class under FWD+GEMM (loss diff 0.0500); all other classes/flags exact-clean,narrows patch scope to conservative partial promotion excluding 8 boundaries
results/AGENT-COORDINATION.md,1179,2026-07-09,executor,N256 partial replay b9cb200 (exclude pc1_t128_r3_w2),s8192,NO-GO-CORRECTNESS,loss exact 0 diff but grad wqkv.0 abs 137013.64 vs zero reference,forward drift fixed; backward corruption remains under DQKV+remaining-GEMM composition
results/AGENT-COORDINATION.md,1181,2026-07-09,executor,N256 DQKV-on GEMM composition diagnostic,s8192,MEASUREMENT,pc2_t320_r3_w3 / f1152 fails gradient-only (w1.0 abs 18260.97); five other classes + flags 4482/4226/137 exact-pass,extend default unsafe exclusion set to both classes
results/AGENT-COORDINATION.md,1183,2026-07-09,executor,N256 second-skip ba5ad0a (exclude both unsafe GEMM classes),s8192,SCAFFOLD,parity exact 0.0 loss and grads; repeat exact; 21 GEMM body rows active 12 excluded 16 producers live,correctness-clean partial combined-body candidate; resource/SASS then timing gates next
results/AGENT-COORDINATION.md,1187,2026-07-09,executor,N256 combined-body timing (21-row subset),s8192,NO-GO,body-first step +5027.47us graph +4958.56 0/16; default-first +4928.02/+4930.64 0/40,structurally far slower; earlier body-first parity fail was same-process graph contamination not order sensitivity
results/AGENT-COORDINATION.md,1191,2026-07-09,executor,b9cb200 gradient parity fail (repost),s8192,DUPLICATE,same failure as line 1179,double-posted update
results/AGENT-COORDINATION.md,1195,2026-07-09,executor,DQKV/GEMM composition diagnostic (repost),s8192,DUPLICATE,same isolation as line 1181,double-posted update
results/AGENT-COORDINATION.md,1199,2026-07-09,executor,ba5ad0a parity pass (repost),s8192,DUPLICATE,same pass as line 1183,double-posted update
results/AGENT-COORDINATION.md,1203,2026-07-09,executor,N256 combined-body SASS/resource audit,s8192,SASS-PROOF,resource pass REG168 STACK224 LOCAL0; SASS gate FAIL: megakernel_pdf singleton {1:40} max=1; body helpers are call wrappers,NO-TIME verdict pre-registered; target grouped body emission/callee topology not more timing
results/AGENT-COORDINATION.md,1212,2026-07-09,executor,N256 no-FWD safe DQKV+GEMM diagnostic,s8192,PARKED,held before submission: dqkv_only alone also singleton-drains (40/40 max=1 STACK208),parity GPU not worth burning before a SASS isolation fix
results/AGENT-COORDINATION.md,1217,2026-07-09,scheduling,s128/s256 idle32 gate extension,s128+s256,VALIDATED-PARKED,s128 -8.2/-8.5us 39-40/40; s256 8/8 x120 windows both orders (-4.2..-5.1 / -13.7..-15.1); forced-old mirror clean +8.7/+11.2 +13.0/+4.1,gate edit 128+256 join _H256_IDLE32_S staged as cherry-pick 3bd36b3; expected s128 ~697->689 s256 ~781->770
results/AGENT-COORDINATION.md,1219,2026-07-09,attention-fwd,fwd-knob mid-S completion (expfold/mask_split/dediverge),s3072+s2048+s4096,VALIDATED-PARKED,mask_split@s3072 -16.6/-12.2 40/40x2 promote; expfold@s3072 holds but composed -14.3/-11.4 = full overlap so land mask_split only; s2048 cells null artifact,expfold@s4096 borderline (-7.8/-2.8) expiry-dated for post-structural resweep
results/AGENT-COORDINATION.md,1221,2026-07-09,ce,CE fwd warprow + qknorm vec8 landing,s8192+s4096+s2048+s3072,PROMOTED,LANDED at 3b5701e; forced-old s8192 +95.7 (CE) / +117.3 (vec8) both 0/16; s8192 default arm ~5990-6024us ~1.90x,path-limited additive landing atop untouched supertile WIP; test_ops+test_model green
results/AGENT-COORDINATION.md,1231,2026-07-09,precision,precision payload v2.1 capstone,s2048+s3072+s4096+s8192+deep,VALIDATED-PARKED,s3072 composed forced-old +46.0/+52.4 0/40 (total ~-49us); final payload ~-235us composed,prebias@small DROPPED (forced-old null -0.6/+1.6 = ring2 null-band FP retracted); final patch 4e09c47 supersedes 6c9ecab
results/AGENT-COORDINATION.md,1241,2026-07-09,measurement,post-payload gap-map delta note,-,NOTE,5 stale synthesis claims flagged; 5 laws added/refined; 4 measured protocol upgrades (null-band ~9us bar; env-on+forced-old agreement; no per-knob delta summing; completion-cell resweeps),zero-GPU documentation close
results/AGENT-COORDINATION.md,1243,2026-07-09,executor,N256 replacement-dependency boundary rewrite (5c428ad),s8192,NO-GO,route cp 108->88 fixed and parity exact (later job) but all_safe SASS still singleton {1:40} STACK224; noop/typed controls grouped,fixes artificial graph length only; body-code SASS collapse remains the promotion blocker
results/AGENT-COORDINATION.md,1254,2026-07-09,measurement,post-payload residual re-profile,s2048+s3072+s4096+s8192+deep,MEASUREMENT,s4096 DKV wait halved 465->218 now DQ/DKV-balanced; s8192 DQ wait 1751->1629 still #1; s2048 flat (top op 8% of step); deep top waits = RMS rowops,binding-constraint column refreshed; s2048 reclassified toward floor-shape work
results/AGENT-COORDINATION.md,1255,2026-07-09,attention-fwd,expfold@s4096 x80 escalation,s4096,ACTIVE,pre-registered rule: promote only if both orders clear -3us with >=60% wins at x80,no result within window
results/AGENT-COORDINATION.md,1259,2026-07-09,executor,N256 split boundary-body dispatch topology (038ab8d),s8192,NO-GO,fwd_only and all_safe singleton {1:40} max=1 stacks 208-304; typed_no_body control grouped,moving body dispatch out of non-n256 helpers insufficient; reachable body machinery poisons parent image
results/AGENT-COORDINATION.md,1281,2026-07-09,executor,N256 boundary-body SASS isolation matrix final,s8192,SASS-PROOF,controls grouped (base/noop/typed max=4 STACK144); all 7 real-body cases singleton max=1 stacks 192-224; first_singleton_case=fwd_only,graph insertion + typed rows SASS-clean; any reachable real body payload poisons parent PDF N256 cadence
results/AGENT-COORDINATION.md,1289,2026-07-09,executor,N256 pdf dispatcher noinline topology,s8192,NO-GO,delegated op_gemm_wgmma_n256_pdf_dispatch singleton-drains internally (40/40 max=1) even without body payload; top level HGMMA=0,do not repeat dispatcher noinline; follow bodyprobe payload isolation or structural split
results/AGENT-COORDINATION.md,1297,2026-07-09,executor,N256 boundary-body compile probes modes 1-4,s8192,SASS-PROOF,modes 1-4 all grouped max=4 STACK144 (no-op dispatcher / branch-only / fallthrough / stub bodies); mode-1 all_safe grouped at cp 88,collapse requires real nested payload inside body functions; attack payload reachability/code shape next
results/AGENT-COORDINATION.md,1299,2026-07-09,executor,N256 boundary-body frame-only probe (mode 5),s8192,ACTIVE,claim only: build local Instr frame + mutate fields + return before nested payload,no result within window
results/AGENT-COORDINATION.md,1303,2026-07-09,scheduling,n256-boundary-frame-only-probe-mode5,s8192,SASS-PROOF,HGMMA=40 DEPBAR=16 max-run 4 STACK=144 LOCAL=0,local replay frame not sufficient; collapse requires nested payload callee path
results/AGENT-COORDINATION.md,1309,2026-07-09,scheduling,n256-boundary-generic-dispatch-probe-mode6,s8192,REFUTED,singleton_drain HGMMA=40 DEPBAR=40 max-run 1 STACK=704,noinline dispatch_non_n256_pdf inflates stack; does not hide payload from ptxas
results/AGENT-COORDINATION.md,1312,2026-07-09,attention-fwd,expfold-s4096-x80-escalation,s4096,NO-GO,x80 default-first +3.44us (21/80); variant-first -0.89us (39/80),x40 borderline evaporated under escalation; expfold stays OFF at s4096
results/AGENT-COORDINATION.md,1313,2026-07-09,measurement,null-band-protocol-amendment,all,LAW,x40 single-order ~-8us with 34/40 wins can be pure noise,measured null-band bar + forced-old agreement added to onboarding rule 3
results/AGENT-COORDINATION.md,1314,2026-07-09,measurement,post-integration-12shape-recert-claim,12-shape,ACTIVE,,dormant claim; triggers when shared-HEAD landing burst settles
results/AGENT-COORDINATION.md,1319,2026-07-09,scheduling,n256-wrapper-body-sass-matrix-10case,s8192,SASS-PROOF,controls grouped HGMMA=40 DEPBAR=16 max-run 4; all 7 real body combos singleton DEPBAR=40 max-run 1,wrapper-body route SASS-rejected; typed rows and graph length alone clean
results/AGENT-COORDINATION.md,1340,2026-07-09,measurement,post-landing-s8192-profile-3b5701e,s8192,MEASUREMENT,step 6297us; ATTN_DQ 2220 (1846 wait); ATTN_FWD 1073; SWIGLU_BWD_2W 275.5; head-dX NN 265; lm-head NT 262,CE and QKNORM gone from top table after landings
results/AGENT-COORDINATION.md,1349,2026-07-09,measurement,ld-gate-3b5701e,small,MEASUREMENT,small 0 PASS,zero baseline holds after CE fwd warprow + qknorm bwd vec8
results/AGENT-COORDINATION.md,1370,2026-07-09,scheduling,n256-native-clone-all-safe-timing,s8192,NO-GO,fresh native_first eager +69.18us graph +67.71us wins 0/40; parity exact,SASS-clean and exact but slower; same-process order failure was harness artifact
results/AGENT-COORDINATION.md,1378,2026-07-09,scheduling,n256-bodyprobe-compile-topology-modes1-4,s8192,SASS-PROOF,16/16 rows grouped HGMMA=40 DEPBAR=16 max-run 4 REG=168 STACK=144 LOCAL=0,collapse requires reachable real nested payload; dispatcher/branch/stub topology all clean
results/AGENT-COORDINATION.md,1380,2026-07-09,scheduling,n256-fwd-sidecar-proof-job-99c4020,s8192,INVALID,PyInit export-name over import limit,harness failure not kernel evidence; drop extension suffix and retry
results/AGENT-COORDINATION.md,1390,2026-07-09,scheduling,n256-fwd-sidecar-compile-proof,s8192,SASS-PROOF,main pdf grouped HGMMA=40 DEPBAR=16 max-run 4; sidecar REG=121 STACK=104 LOCAL=0 SHARED=1024,external sidecar keeps parent PDF cadence while carrying reachable FWD payload
results/AGENT-COORDINATION.md,1416,2026-07-09,scheduling,n256-native-clone-current-head-port-sass,s8192,SASS-PROOF,all cases LOCAL=0 STACK=208 verdict delegated_no_main_hgmma,port/build/resource proof only; current head delegates main HGMMA out of megakernel_pdf
results/AGENT-COORDINATION.md,1418,2026-07-09,scheduling,n256-fwd-sidecar-split-parity,s8192,VALIDATED-PARKED,loss_abs_diff=0 worst grad 0/0; route 183/80 vs 224/100; 4 sidecar launches x384 tiles,correctness proof only; extra kernel launches; no timing claim
results/AGENT-COORDINATION.md,1424,2026-07-09,scheduling,n256-native-move-timing,s8192,NO-GO,fresh move_first eager +57.28us graph +58.75us 0/40; default_first +53.73/+54.38us,SASS-clean and exact but ~54-59us slower; order failure was harness artifact
results/AGENT-COORDINATION.md,1426,2026-07-09,scheduling,n256-native-move-timing-close-2,s8192,DUPLICATE,same numbers as line 1424,duplicate close of native-move no-promote
results/AGENT-COORDINATION.md,1427,2026-07-09,rowop,swiglu-bwd-2w-decomposition,s8192,CLOSED-BY-ANALYSIS,standalone 26.6us per 2048-row instr (15.7MB; floor 6.6us); in-model 66us span = contention,body at floor net of launch tax; non-attention s8192 body ledger mined out
results/AGENT-COORDINATION.md,1447,2026-07-09,scheduling,n256-native-move-sass,s8192,SASS-PROOF,4/4 cases grouped HGMMA=40 DEPBAR=16 max-run 4 LOCAL=0,moving producer rows avoids wrapper-body compile collapse
results/AGENT-COORDINATION.md,1451,2026-07-09,scheduling,n256-native-move-parity,s8192,SCAFFOLD,parity exact loss_abs_diff=0 worst grad 0/0; moved 8/32/21 rows,first SASS+correctness-clean structural successor; timing gate pending
results/AGENT-COORDINATION.md,1453,2026-07-09,scheduling,n256-fwd-sidecar-split-parity-close-2,s8192,DUPLICATE,,duplicate close of sidecar split parity pass
results/AGENT-COORDINATION.md,1455,2026-07-09,scheduling,n256-current-head-port-sass-close-2,s8192,DUPLICATE,,duplicate close of current-head port SASS check
results/AGENT-COORDINATION.md,1459,2026-07-09,attention-fwd,s8192-attn-fwd-current-audit,s8192,CLOSED-BY-ANALYSIS,ATTN_FWD_WG ~1041us certified pdf; ~1073us forced-DF at 3b5701e,all exact-S8192 FWD levers closed/defaulted/no-go; no reopen without new band-preserving proof
results/AGENT-COORDINATION.md,1480,2026-07-09,measurement,cross-shape-body-status-note,all,NOTE,,solo-minable op-body ledger exhausted at every shape; remaining mechanisms owned by structural arcs
results/AGENT-COORDINATION.md,1507,2026-07-09,attention-dq,h256-dq-matds-stageidx-fix-b72fcbe,s4096,SCAFFOLD,parity loss_abs_diff=1.907e-06 worst grad qn.0 rel 0.00436; mat_body LOCAL=0 STACK=288,C>1 stage-index collision fixed; correctness+SASS gates pass; timing next
results/AGENT-COORDINATION.md,1509,2026-07-09,attention-dq,h256-dq-matds-deps-only-c8b501b,s4096,NO-GO-CORRECTNESS,worst grad qn.3 abs 8.66e-05 rel 0.4303,dependency inheritance alone not the root cause; stage-index fix b72fcbe was
results/AGENT-COORDINATION.md,1515,2026-07-09,attention-dq,h256-dq-matds-timing-9148405,s4096,NO-GO,default 3002.14us vs mat_body 154476.97us (+151.5ms) 0/40 both orders,~260MiB materialized dS per step non-competitive; parity clean
results/AGENT-COORDINATION.md,1527,2026-07-09,attention-dq,h256-dq-matds-closed-form-index-4cc6634,s4096,NO-GO,O(prefix) index tax removed (~154ms -> ~5.3ms) but still +2.45ms 0/40; 272.6MB dS,do not reopen global full-dS materialization; keep dS in regs/smem
results/AGENT-COORDINATION.md,1534,2026-07-09,attention-dq,h256-dq-nonmaterializing-triage,s4096,CLOSED-BY-ANALYSIS,dS packed in RS regs consumed while streamed K stage live,no new DQ boundary hook exists; move to DKV/protocol or wait-contract work
results/AGENT-COORDINATION.md,1536,2026-07-09,attention-dkv,s4096-dkv-descchain-followon-triage,s4096,NOTE,,DKV evidence should wait on descriptor-chain lane; DKV x2 batches singleton-drain in real image
results/AGENT-COORDINATION.md,1549,2026-07-09,executor,mbi-native-longpdf-runtime-gate,multi,VALIDATED-PARKED,n=2 speedups: s1024 1.299x s2048 1.238x s3072 1.181x s4096 1.129x s8192 1.046x; worst grad rel 0.0088,runtime+graph coverage extended to medium/long df/pdf; adoption/meter/landing blockers remain
results/AGENT-COORDINATION.md,1552,2026-07-09,attention,attn-hgmma-singleton-drain-mechanism,s8192,LAW,ptxas 13.1 time-shares one gdesc UR quad; DEPBAR.LE 0 + ARRIVE before every HGMMA; UR census 20/64 = heuristic,four escape classes refuted with SASS; toolkit-bump standing gate minted; runtime share non-constructible
results/AGENT-COORDINATION.md,1560,2026-07-09,rowop,swiglu-cacheonly-1w-rollback,s8192,NEUTRAL,a_first +2.00us (109/240); b_first -3.70us (164/240); standalone 1W cached 53.15us vs 2W 61.52us,wash; keep cached 2W default; wait for fold lane
results/AGENT-COORDINATION.md,1563,2026-07-09,attention,hgmma-drain-pricing-microprobe,s8192,MEASUREMENT,clean grouped WG ~22ns per m64n64k16 HGMMA; probe grouped max-run 8 both variants,reverse construction failed informatively; C7514/C7517 diagnostic class minted; production compile diagnostic-silent
results/AGENT-COORDINATION.md,1565,2026-07-09,attention-dkv,s4096-dkv-post-drain-triage,s4096,CLOSED-BY-ANALYSIS,,no rerun of DKV reduction matrix under ptxas 13.1; reopen on toolkit bump or grouped attention SASS
results/AGENT-COORDINATION.md,1570,2026-07-09,executor,mbi-native-n4-policy-gate,multi,VALIDATED-PARKED,n4 vs n2 graph per-seq: s1024 874.50->827.84us; s2048 flat 1364.54->1356.40us; s4096 2542.76->2597.05us regress,adopt n2 first for medium/long PDF; n4 opt-in/shape-gated
results/AGENT-COORDINATION.md,1576,2026-07-09,precision,qwen-l2-step-equivalence-tolerance-diag,qwen4b-l2,MEASUREMENT,0 failures at 5e-5 across 4x96 sample pairs; strict 1e-5 fails even same-path controls (max 1.81e-05),strict failure is same-path numeric jitter; use 5e-5 step-equivalence loss tolerance
results/AGENT-COORDINATION.md,1578,2026-07-09,executor,mbi-trainer-grad-scale-contract,s128,VALIDATED-PARKED,raw-sum max loss 9.54e-07; scaled 0.5 max loss 9.54e-07; graphed scaled 1.91e-06,opt-in grad_scale API; default raw-sum accumulation unchanged
results/AGENT-COORDINATION.md,1580,2026-07-09,executor,mbi-meter-contract,multi,SCAFFOLD,single_sequence_scoreboard_compatible=false; primary metric per_seq_graph_us,policy read: s2048/s3072/s4096 n2 first-wave; n4 opt-in; s8192 n2 compatibility-pass only
results/AGENT-COORDINATION.md,1582,2026-07-09,measurement,dagdepth-composed-12shape-cert-e91f729,12-shape,MEASUREMENT,deep 1.234 nano 1.344 s256 1.361 s128 1.366 s1024 1.511 small 1.525 s2048 1.583 s3072 1.680 s4096 1.806 s8192 1.948 qwen-l1 1.031 qwen-l2 1.112,composed pre-landing cert rc=0; default test_model green; landing pends quiescence
results/AGENT-COORDINATION.md,1584,2026-07-09,executor,mbi-currenthead-landing-prep,multi,SCAFFOLD,route no-op PASS 7 shapes; n2 doubles n_instr with bind_inputs off,4-commit stack ready; landed-tree GPU smoke required at landing window
results/AGENT-COORDINATION.md,1587,2026-07-09,attention,hgmma-drain-v7-asm-block-operands,s8192,REFUTED,all 4 k-steps in one asm block still {1:12}; ptxas caps concurrent gdesc UR slots ~2,five source-escape classes refuted; drain not source-fixable at CUDA 13.1; upstream report path
results/AGENT-COORDINATION.md,1591,2026-07-09,qwen,qwen-nt-sidecar-currenthead-final-cert,qwen4b-l1/l2,VALIDATED-PARKED,L1 -395/-430us step/graph; L2 -362/-394us; all four cases 12/12 wins; route no-op 10 shapes; coverage 16/16,ready for coordinated landing at 0fb67c0; not yet landed in shared tree
results/AGENT-COORDINATION.md,1594,2026-07-09,qwen,qwen-nt-sidecar-final-cert-close-2,qwen4b-l1/l2,DUPLICATE,,duplicate close of ready-to-land cert
results/AGENT-COORDINATION.md,1596,2026-07-09,infra-process,shared-dirty-stack-ownership-audit,all,CLOSED-BY-ANALYSIS,10 tracked files; 2501 insertions / 78 deletions,commit unsafe for non-owner session; owner commits or fresh sibling replays durable patches
results/AGENT-COORDINATION.md,1599,2026-07-09,attention-dq,nano-s512-f1-derivability-gate,nano,SUPERSEDED,,predictor note stale; nano-f1combo lane already executed F1/F2 and parked commit 08276fe
results/AGENT-COORDINATION.md,1601,2026-07-09,qwen,qwen-currenthead-patch-packaging,qwen4b-l1/l2,SCAFFOLD,patch 322703 bytes sha256 a978b088; apply-check PASS at 3b5701e,deterministic replay artifact for landing owner
results/AGENT-COORDINATION.md,1602,2026-07-09,attention,attention-dependent-chain-design-pass,s8192,CLOSED-BY-ANALYSIS,remaining ideas map to no-go families: mat-dS ~+2.45ms; DQ PDF drain +48..52us; dual feed/drain +154..180us,no source hook without added live S/dP/dQ accumulator pressure; reopen criteria listed
results/AGENT-COORDINATION.md,1605,2026-07-09,attention,ptxas-upstream-reproducer-packaging,s8192,SCAFFOLD,27MB tar sha256 49fbe15d; 36 entries; V0/V5/V6/V7 all HGMMA=12 DEPBAR=12 hist {1:12},upstream/toolkit report bundle with rerun instructions
results/AGENT-COORDINATION.md,1607,2026-07-09,scheduling,short-idle32-replay-packaging,s128/s256,SCAFFOLD,patch 16 lines / 1204 bytes; adds S=128/256 to _H256_IDLE32_S,apply-check PASS against clean 3b5701e
results/AGENT-COORDINATION.md,1608,2026-07-09,infra-process,qwen-mbi-composition-preflight,multi,SCAFFOLD,composed patch 10419 lines / 388088 bytes; MBI route no-op 11 rows; qwen coverage 16/16,qwen MBI intentionally out of scope; cross-use guards reject
results/AGENT-COORDINATION.md,1610,2026-07-09,attention-dq,nano-f1f2-replay-packaging,nano,SCAFFOLD,patch 44 lines / 2256 bytes; model.py only,adds nano to exp2-prebias + dq-rs-feed + dq-fp32-p defaults; apply-check PASS
results/AGENT-COORDINATION.md,1611,2026-07-09,attention-dq,nano-f1f2-packaging-close-2,nano,DUPLICATE,,duplicate packaging close
results/AGENT-COORDINATION.md,1613,2026-07-09,ce,ce-warprow-package-check,all,NOTE,,c8569a1 payload already in 3b5701e (MK_CE_FWD_WARPROW default-on); no packaging needed
results/AGENT-COORDINATION.md,1616,2026-07-09,infra-process,landables-composition-preflight,multi,SCAFFOLD,final patch 10774 lines / 401918 bytes; route gate 14 rows PASS; qwen coverage 16/16,qwen+MBI plus idle32 plus nano F1F2 composed on 3b5701e
results/AGENT-COORDINATION.md,1618,2026-07-09,fusion,dagdepth-landing-unit-ready,multi,SCAFFOLD,pure dagdepth 370 insertions; route proofs green; test_model 0.0213/0.0169; cert deep 1.234 small 1.525 qwen-l2 1.112,compose against moving tree aborted cleanly; cherry-pick 86eb6fb when tree quiesces
results/AGENT-COORDINATION.md,1619,2026-07-09,measurement,ptxas-diagnostic-scan,all,MEASUREMENT,8982 files scanned; C7514=4 C7517=4 C7510=3 C7519=77,C7514/C7517 only in drainprice probe artifacts; production attention builds diagnostic-silent
results/AGENT-COORDINATION.md,1623,2026-07-09,qwen,qwen-mbi-composed-gpu-smoke,qwen4b-l1/l2,MEASUREMENT,L1 -412.72/-408.93us; L2 -388.08/-368.83us; all 12/12 wins; MBI s128 n2 trainer-scale pass,composed head 87f7de0 smoke pass
results/AGENT-COORDINATION.md,1625,2026-07-09,infra-process,landables-dagdepth-composition-preflight,multi,SCAFFOLD,patch 12519 lines / 482076 bytes; route gate 12 rows PASS; dagdepth OP_WSCALE_COLS moves to op 40,keep-both conflict resolutions; qwen boundary stays op 39
results/AGENT-COORDINATION.md,1626,2026-07-09,qwen,qwen-mbi-smoke-close-2,qwen4b-l1/l2,DUPLICATE,,duplicate close of composed smoke
results/AGENT-COORDINATION.md,1631,2026-07-09,measurement,landables-dagdepth-composed-smoke,multi,MEASUREMENT,qwen 12/12 all cases; MBI pass; small fold-off beat fold-on -23.15us paired -24.89us 12/12,smoke pass with small dagdepth fold timing warning
results/AGENT-COORDINATION.md,1639,2026-07-09,measurement,landables-dagdepth-smoke-close-2,multi,DUPLICATE,,duplicate close of composed smoke
results/AGENT-COORDINATION.md,1643,2026-07-09,gemm-dx,hdskr-nano-deep-stale-gate-recert,nano/deep,MEASUREMENT,nano mean -2.35us (424/560) / -1.49us (366/560); deep -5.30us (65/80) / -10.37us (77/80),forced-old MK_HEAD_DX_SKR=0 faster on composed head; flip source lane opened
results/AGENT-COORDINATION.md,1645,2026-07-09,gemm-dx,hdskr-nano-deep-stale-gate-flip,nano/deep,FLIP-PROMOTED,head_dx_skr 4->0 for nano/deep; retained shapes small/s1024/s3072/s4096 unchanged,ready-to-stack sibling commit c96c750; route proof 6 rows PASS; runtime sanity clean
results/AGENT-COORDINATION.md,1648,2026-07-09,gemm-dx,hdskr-longs-retained-recert,s3072/s4096,MEASUREMENT,s3072 forced-old +148.38/+149.23us 0/40; s4096 +122.58/+118.34us 0/40,retained long-S SKR defaults durable after composition; keep
results/AGENT-COORDINATION.md,1651,2026-07-09,fusion,smallfold-six-cell-split,small,MEASUREMENT,both_off -25.5us 160/160; rms_off -120.73us 160/160; swiglu_off +87.5us 0/160,small regression dominated by RMS fwd fold; SWBF beneficial; post-run parser crashed but JSON recovered
results/AGENT-COORDINATION.md,1657,2026-07-09,fusion,small-rms-fold-gate-8c5f144,small,FLIP-PROMOTED,forced RMS-on +119.28us 0/160; forced SWBF-off +97.01us 0/160,small defaults RMS fold off + SWBF fold on; ready patch validated
results/AGENT-COORDINATION.md,1659,2026-07-09,infra-process,compose-cleanups-rmsgate-stack,multi,SCAFFOLD,patch 375 lines / 15015 bytes; parent route proof 12 rows PASS,rmsgate stacked on HDSKR flip head c96c750; no new GPU timing needed
results/AGENT-COORDINATION.md,1666,2026-07-09,attention-dkv,qkrope-bwd-packed-splitkv,small,NO-GO,+79.18us 0/20 default-first; +92.93us 0/20 variant-first; parity clean,packed K/V storage does not remove split producer/finalizer overhead
results/AGENT-COORDINATION.md,1668,2026-07-09,attention-dkv,qkrope-kvpack-close-2,small,DUPLICATE,,duplicate close of kvpack no-promote
results/AGENT-COORDINATION.md,1669,2026-07-09,rowop,qkrope-bwd-qonly-current-head,small,NO-GO,+111.74us 0/40; +108.35us 0/40; forced vec8 q-only +344.24us 0/8,q-only fold correctness-clean but not promotable on ee5f6af stack
results/AGENT-COORDINATION.md,1671,2026-07-09,qwen,qwen-nt-body-v2-preflight,qwen4b-l1/l2,SUPERSEDED,sidecar already default-policy with ~361-430us wins,main-row body-v2 objective superseded at ee5f6af; target sidecar internals or SASS diagnostics
results/AGENT-COORDINATION.md,1674,2026-07-09,executor,mbi-compose-ee5f6af-smoke,s128,MEASUREMENT,route no-op OK 7 shapes; trainer-scale graph pass; max loss err <=1.9e-06,MBI already present in composed head; no source patch needed
results/AGENT-COORDINATION.md,1676,2026-07-09,executor,mbi-compose-smoke-close-2,s128,DUPLICATE,,duplicate close of compose smoke
results/AGENT-COORDINATION.md,1680,2026-07-09,qwen,qwen-sidecar-segment-profile,qwen4b-l1/l2,MEASUREMENT,L1 total 6712.61us: prefix 954.66 sidecar 1339.70 post 4385.89 (79.6% prefix+post); L2 8976.11: prefix 1904.29 sidecar 1342.53 post 5715.63 (84.9%),qwen residual is PDF prefix/post not sidecar body
results/AGENT-COORDINATION.md,1683,2026-07-09,qwen,qwen-sidecar-prefix-post-attribution,qwen4b-l1/l2,MEASUREMENT,L2 post 5671.65us: dW off-path 2920.06 head-dX on-path 1601.31 RMS dX 1565.34 ATTN_DQ 525.31; L1 post 4384.54: dW 3785.92 head-dX 1667.14,target post head-dX first; RMS needs new body objective; dW is issue-pressure lane
results/AGENT-COORDINATION.md,1685,2026-07-09,qwen,qwen-nt-sidecar-sass-inventory,qwen4b-l2,SASS-PROOF,sidecar REG168 STACK0 LOCAL0 CALL0 HGMMA 8 max-run 8; whole pdf CALL127 hist {1:216},sidecar structurally clean; no qwen source edit from SASS alone
results/AGENT-COORDINATION.md,1686,2026-07-09,tma-smem,d64-tma-s2048-duplicate-check,s2048,NOTE,exact_long_d64 already includes S=2048,parked promotion a1647ee payload represented in composed history; do not reopen widening
results/AGENT-COORDINATION.md,1688,2026-07-09,fusion,swbf-s1024-fold-vs-cache-reconcile,s1024,SUPERSEDED,fold A/B -1.97us 80/120 and -14.38us 120/120 but forced-old mirror failed both-order (+12.03 vs -4.69),older PROMOTE claim overstated; keep S1024 cached in _SWIGLU_CACHED_2W
results/AGENT-COORDINATION.md,1690,2026-07-09,qwen,qwen-segment-profile-close-2,qwen4b-l1/l2,DUPLICATE,,duplicate close of segment profile
results/AGENT-COORDINATION.md,1694,2026-07-09,qwen,qwen-post-pdf-route-attribution,qwen4b-l1/l2,MEASUREMENT,lm-head dW 11870 tiles = 60.59% L1 / 47.62% L2 of post tiles; lm_head_dx 80 tiles but critical,next lane = exact head-dX emitted-body/SASS preflight for sidecar post route
results/AGENT-COORDINATION.md,1697,2026-07-09,qwen,qwen-headdx-sass-delta,qwen4b-l2,SASS-PROOF,default singleton hist {1:216}; exact body adds 4 singleton HGMMA sites + 1 CALL; PDF-only removes 15 UTMA/ELECT/BRA,no head-dX timing unless SASS changes cadence or removes material overhead
results/AGENT-COORDINATION.md,1700,2026-07-09,qwen,qwen-headdx-inline-body-gate,qwen4b-l2,NO-GO,CALL 127->126 only; HGMMA 216 DEPBAR 216 hist {1:216} unchanged,helper-boundary removal closed without timing
results/AGENT-COORDINATION.md,1702,2026-07-09,qwen,qwen-post-pdf-attribution-close-2,qwen4b-l1/l2,DUPLICATE,,duplicate close with corrected route-family split
results/AGENT-COORDINATION.md,1704,2026-07-09,qwen,qwen-post-headrow-body-inventory,qwen4b-l1/l2,CLOSED-BY-ANALYSIS,lm_head_dx flags 0x06004088 80 tiles critical; lm_head_dw 0x06004089 11870 tiles,no source edit from mapping; consume SASS-delta result first
results/AGENT-COORDINATION.md,1706,2026-07-09,lm-head,qwen-lmdw-issue-pressure-preflight,qwen4b-l1/l2,CLOSED-BY-ANALYSIS,dW off-path upper bounds L1 3785.92us / L2 2920.06us; 11870 tiles,route/toggle space exhausted; need row-isolated issue/wait measurement or new cooperative TN body
results/AGENT-COORDINATION.md,1709,2026-07-09,rowop,qwen-post-rmsdx-body-inventory,qwen4b-l2,CLOSED-BY-ANALYSIS,RMS dX 5 critical rows 64 tiles each; 1565.344us on-path,keep H2560 body; R4/R1/FMA/weight-cache/BF16-dy alternatives all no-go
results/AGENT-COORDINATION.md,1711,2026-07-09,attention-dq,qwen-post-attndq-body-inventory,qwen4b-l1/l2,CLOSED-BY-ANALYSIS,L2 DQ 525.31us = 207.87 span + 317.44 wait; L1 297.09 = 105.0 span + 192.1 wait,keep promoted D128 RS-feed; need wait-reducing scheduling/protocol objective not body replay
results/AGENT-COORDINATION.md,1713,2026-07-09,gemm-fwd,short-gemm-shell-probe-queue-check,multi,NOTE,,shell-probe dtype blocker already superseded; SW128 load shell too small to explain short-GEMM gap
results/AGENT-COORDINATION.md,1715,2026-07-09,qwen,qwen-post-sidecar-source-roadmap,qwen4b-l1/l2,NOTE,,roadmap: no sidecar/main-row NT reopen; head-dX needs new cadence objective; dW measurement-first; RMS/DQ micro-replays closed
results/AGENT-COORDINATION.md,1718,2026-07-09,lm-head,qwen-lmdw-issue-wait-timeline,qwen4b-l2,MEASUREMENT,dW row starts 290.14us spans 2913.34us; overlap head-dX 1604.35us RMS dX 1216.19us attention 0us,dW issue pressure real for opening segment; does not explain later DQ waits
results/AGENT-COORDINATION.md,1723,2026-07-09,lm-head,qwen-lmdw-n256-stage4-gate,qwen4b-l1/l2,NO-GO,L1 +67.97us / -1.81us order-mixed; L2 +84.75/+56.11us; smem 151552->200704,stage4 route/SASS clean but fails full qwen page absorption; do not reopen as route toggle
results/AGENT-COORDINATION.md,1725,2026-07-09,qwen,qwen-post-headdx-dw-next-source-audit,qwen4b-l2,CLOSED-BY-ANALYSIS,,no defensible narrow patch from current body code; need standalone SASS/protocol proof first
results/AGENT-COORDINATION.md,1726,2026-07-09,measurement,cleanfrontier-short-residual-refresh,short-family,MEASUREMENT,s128 661.8us s256 745.1 nano 826.2 deep 2160.4 small 2957.4; small led by ATTN_DKV 415.3 + ATTN_FWD 253.4,new exact-small route invariant 256/137/118; short family attention-led
results/AGENT-COORDINATION.md,1729,2026-07-09,attention,cleanfrontier-short-next-source-audit,short-family,CLOSED-BY-ANALYSIS,old DKV positive control 16 HGMMA / 3 DEPBAR max-run 8 LOCAL0,selected next lane: H256 DKV/DQ RS-feed boundary reducer; no immediate production patch
results/AGENT-COORDINATION.md,1730,2026-07-09,attention,short-next-source-audit-close-2,short-family,DUPLICATE,,conflicting no-source close of same audit; superseded by NEXT-SOURCE-SELECTED at 1729
results/AGENT-COORDINATION.md,1732,2026-07-09,measurement,cleanfrontier-short-cache-sass-matrix,short-family,SASS-PROOF,all five entries megakernel_df HGMMA=196 DEPBAR=196 max-run 1 LOCAL0,use as reject gate for candidates keeping 196/196/max1 while adding stack/CALL/STL
results/AGENT-COORDINATION.md,1736,2026-07-09,attention-dkv,h256-dqrs-reducer-sass-gate,s128,SASS-PROOF,DKV control preserved 16/3/max8 REG165 STACK0; DQ boundary probe singleton 12/12/max1 STACK384,code-presence pass only; no timing; next is real DQ split correctness scaffold
results/AGENT-COORDINATION.md,1738,2026-07-09,attention-dkv,h256-dkv-protocol-next-source-preflight,s4096,CLOSED-BY-ANALYSIS,,no new DKV/DQ source patch; reopen on toolkit bump / grouped-cadence partition / device drain protocol / streaming topology
results/AGENT-COORDINATION.md,1743,2026-07-09,qwen,qwen-n256-emitted-contract-microprobe,qwen4b-l2,SASS-PROOF,delayed4 16 HGMMA / 2 DEPBAR max-run 16 REG154 STACK0; immediate+delayed2 singleton 16/16/max1,grouped 64x256 contract constructible under ptxas 13.1.115
results/AGENT-COORDINATION.md,1746,2026-07-09,qwen,qwen-n256-emitted-contract-close-2,qwen4b-l2,DUPLICATE,,duplicate close of emitted-contract probe
results/AGENT-COORDINATION.md,1749,2026-07-09,qwen,qwen-n256-delayed3-page-fit-contract,qwen4b-l2,SASS-PROOF,delayed3 12 HGMMA / 2 DEPBAR max-run 12 REG154 STACK0 SHARED1024,3-stage qwen page-fit grouped contract constructible in standalone SASS
results/AGENT-COORDINATION.md,1752,2026-07-09,qwen,qwen-n256-real-image-group3,qwen4b-l2,NO-GO,default 216/216 max1; group3 224/224 max1; route/page/resources preserved,production image reserializes nowait group3 source; cadence gate fail
results/AGENT-COORDINATION.md,1753,2026-07-09,qwen,qwen-n256-real-group3-close-2,qwen4b-l2,DUPLICATE,,duplicate close of real-image group3 no-go
results/AGENT-COORDINATION.md,1755,2026-07-09,fusion,landables-dagdepth-small-sign-reconciliation,small,NOTE,smoke note had inverted sign; fold-off was faster -23.15us 12/12,evidence packaging corrected; six-cell split and rmsgate patch stand; no rerun
results/AGENT-COORDINATION.md,1759,2026-07-09,qwen,qwen-n256-barrier-context-reducer,qwen4b-l2,SASS-PROOF,delayed3 / 3-stage slabs / stage3+mbar all 12/2/max12 STACK0 LOCAL0,local stage descriptors and mbar waits insufficient to reproduce production singleton
results/AGENT-COORDINATION.md,1761,2026-07-09,qwen,qwen-n256-real-vs-standalone-sass-slice,qwen4b-l2,SASS-PROOF,real group3 window still ARRIVE->HGMMA->DEPBAR singleton; +12 HGMMA +8 depbars vs default,serialization trigger = full megakernel_pdf context/control/live pressure; next = production-image reducer
results/AGENT-COORDINATION.md,1765,2026-07-09,qwen,qwen-n256-barrier-context-close-2,qwen4b-l2,DUPLICATE,,duplicate close of barrier-context reducer
results/AGENT-COORDINATION.md,1772,2026-07-09,qwen,qwen-n256-prodctx-gemm-only-reducer,qwen4b-l2,SASS-PROOF,non-GEMM removal CALL 127->11 LDL/STL 177->0 stack 112->0; cadence stays max1 (gemm-only 92/92),singleton localized to remaining GEMM dispatch / head-dX PDF scheduler context
results/AGENT-COORDINATION.md,1773,2026-07-09,qwen,qwen-n256-prodctx-context-slim-reducer,qwen4b-l2,SASS-PROOF,exact-head-only image 12 HGMMA.64x256 / 12 DEPBAR max1 CALL7 STACK0 LDL/STL0,trigger inside exact head-dX production body / full-PDF feed-control context
results/AGENT-COORDINATION.md,1774,2026-07-09,qwen,qwen-n256-prodctx-slim-close-2,qwen4b-l2,DUPLICATE,,duplicate close of context-slim reducer
results/AGENT-COORDINATION.md,1778,2026-07-09,qwen,qwen-n256-prodctx-direct-call-reducer,qwen4b-l2,SASS-PROOF,direct-call vs ctx-slim zero aggregate event deltas; both 12/12/max1 STACK0,outer op_gemm_wgmma branch/selector not the trigger
results/AGENT-COORDINATION.md,1784,2026-07-09,qwen,qwen-n256-prodctx-local-feed-reducer,qwen4b-l2,SASS-PROOF,local feed took effect (UTMA 30->60 UTMALDG 22->52) but still 12/12/max1,internal PDF producer feed path not the trigger by itself
results/AGENT-COORDINATION.md,1786,2026-07-09,qwen,qwen-n256-localfeed-vs-standalone-compare,qwen4b-l2,SASS-PROOF,production 12 ARRIVE / 12 DEPBAR max1 vs standalone 3 ARRIVE / 2 DEPBAR max12,next reducer: explicitly unrolled fixed three-stage issue block vs tail-guarded loop
results/AGENT-COORDINATION.md,1789,2026-07-09,qwen,qwen-n256-prodctx-fixed-group-reducer,qwen4b-l2,SASS-PROOF,fixed 3-stage block without hot predicate still 12/12/max1; zero event deltas,tail-predicated loop shape not the trigger
results/AGENT-COORDINATION.md,1793,2026-07-09,qwen,qwen-n256-localfeed-compare-route-select,qwen4b-l2,SASS-PROOF,all 12 production HGMMA carry gsb0; standalone only 3,second close of same comparison claim; selects inline four-FMA call-site batch reducer
results/AGENT-COORDINATION.md,1799,2026-07-09,qwen,qwen-n256-prodctx-inline-batch-reducer,qwen4b-l2,SASS-PROOF,control and candidate megakernel_pdf SASS byte-identical; 12/12/max1,ordinary C++ call-site expansion exhausted; move to pruned entry or lower-level path
results/AGENT-COORDINATION.md,1803,2026-07-09,qwen,qwen-n256-headdx-sidecar-launched-symbol,qwen4b-l2,SASS-PROOF,sidecar 12/12/max1 CALL1 TMA34 REG154 STACK0 vs pdf CALL7 TMA60 REG168,separate launched symbol reduces surface but does not restore grouped issue
results/AGENT-COORDINATION.md,1810,2026-07-09,qwen,qwen-n256-headdx-sidecar-close-2,qwen4b-l2,DUPLICATE,,duplicate close of launched-symbol scaffold
results/AGENT-COORDINATION.md,1811,2026-07-09,scheduling,splitk-separate-reduce-queue-audit,multi,NOTE,,splitK+SKR queue remains closed; only true sk>1 rows remain needing new structural mechanism
results/AGENT-COORDINATION.md,1816,2026-07-09,qwen,qwen-n256-rawissue-sidecar,qwen4b-l2,SASS-PROOF,raw symbol 16 HGMMA / 2 DEPBAR max-run 16 REG154 STACK0; same-build pdf 12/12/max1,production extension context alone does not poison grouping
results/AGENT-COORDINATION.md,1819,2026-07-09,qwen,qwen-n256-rawissue-close-2,qwen4b-l2,DUPLICATE,,duplicate close of rawissue sidecar positive
results/AGENT-COORDINATION.md,1822,2026-07-09,qwen,qwen-n256-rawissue-full-epilogue,qwen4b-l2,SASS-PROOF,epilogue candidate 16 HGMMA / 1 DEPBAR max-run 16 REG154 STACK0 LOCAL0,full qwen fp32 tile epilogue/store live range not the singleton trigger
results/AGENT-COORDINATION.md,1825,2026-07-09,qwen,qwen-n256-rawissue-epilogue-mbar,qwen4b-l2,SASS-PROOF,mbar candidate 16/1/max16 TRYWAIT=8 ARRIVE=8 STACK0,mbar waits/arrives + descriptor recomputation not the trigger
results/AGENT-COORDINATION.md,1828,2026-07-09,qwen,qwen-n256-rawissue-mbar-close-2,qwen4b-l2,DUPLICATE,,duplicate close of epilogue+mbar sidecar
results/AGENT-COORDINATION.md,1832,2026-07-09,qwen,qwen-n256-rawissue-epilogue-close-2,qwen4b-l2,DUPLICATE,,duplicate close of full-epilogue sidecar
results/AGENT-COORDINATION.md,1836,2026-07-09,qwen,qwen-n256-rawissue-local-tma,qwen4b-l2,SASS-PROOF,TMA candidate 16/1/max16 TMA=24 TRYWAIT=8 STACK0,local TMA issue/feed bookkeeping not the trigger in isolation
results/AGENT-COORDINATION.md,1842,2026-07-09,qwen,qwen-n256-rawissue-ring-sidecar,qwen4b-l2,SASS-PROOF,ring 12/1/max12 TMA=34 TRYWAIT=12 STACK0,bounded three-stage ring/group3 control not the trigger
results/AGENT-COORDINATION.md,1844,2026-07-09,qwen,qwen-n256-rawissue-stage-sidecar,qwen4b-l2,SASS-PROOF,stage sidecar 16/1/max16 TMA=24 using WgmmaSmemN256T<3> bfull/bempty ring,production-like local 3-stage ring/K-loop control not the trigger
results/AGENT-COORDINATION.md,1848,2026-07-09,qwen,qwen-n256-rawissue-dynamic-longloop,qwen4b-l2,SASS-PROOF,dynamic iters=args[5]/WG_BK loop 12/1/max12 STACK0,long dynamic K-loop and loop-carried accumulator pressure not the trigger
results/AGENT-COORDINATION.md,1852,2026-07-09,qwen,qwen-n256-rawissue-nowait-helper,qwen4b-l2,SASS-PROOF,production wg_mma_ktile_n256_nowait helper form 12/1/max12; diff vs longloop empty,production nowait helper spelling not the trigger in isolation
results/AGENT-COORDINATION.md,1858,2026-07-09,qwen,qwen-n256-rawissue-wait-helper,qwen4b-l2,SASS-PROOF,per-ktile wait weakens window to 4 HGMMA / 1 DEPBAR max-run 4 STACK0,production wait semantics weaken grouping but are not the isolated singleton trigger
results/AGENT-COORDINATION.md,1860,2026-07-09,qwen,qwen-n256-rawissue-pdf-mailbox,qwen4b-l2,SASS-PROOF,mailbox sidecar 12/1/max12 REG168 STACK0 CALL0 with production g_pdf_feed shell,mailbox/global-feed handoff plus REG168 pressure not the trigger outside full pdf shell
results/AGENT-COORDINATION.md,1866,2026-07-09,qwen,qwen-n256-rawissue-call-boundary,qwen4b-l2,SASS-PROOF,call sidecar CALL1 12/12/max1 STACK0 vs mailbox control 12/1/max12,call/live-range boundary around N256 body sufficient to reproduce production singleton collapse
results/AGENT-COORDINATION.md,1878,2026-07-09,qwen,qwen-n256-rawissue-split-call-attribution,qwen4b-l2,SASS-PROOF,issue-call collapses 12/12/max1; store-call stays grouped 12/1/max12; both wrappers STACK512-contaminated,trigger = call-reached WGMMA issue not generic CALL or epilogue call; resource-contaminated proof
results/AGENT-COORDINATION.md,1882,2026-07-09,qwen,qwen-n256-headdx-forceinline-slim,qwen4b-l2,SASS-PROOF,control CALL7 12/12/max1; forceinline CALL0 12 HGMMA / 2 DEPBAR max-run 12 same REG168 STACK0,removing noinline body boundary recovers grouping in real megakernel_pdf; DIRECT_CALL context correctness-invalid
results/AGENT-COORDINATION.md,1888,2026-07-09,qwen,qwen-n256-rawissue-call-marker,qwen4b-l2,SASS-PROOF,post-marker grouped CALL1 12/1/max12 STACK0; issue-min collapses but STACK512 LDL_STL65,post-WGMMA non-WGMMA call ruled out as trigger; issue-min proof stack-contaminated
results/AGENT-COORDINATION.md,1894,2026-07-09,qwen,qwen-n256-rawissue-fixed-register-sink,qwen4b-l2,SASS-PROOF,fixed-register issue-min clean STACK0 LOCAL0 collapses 12/12/max1; post-marker stays grouped,clean attribution: call-reached WGMMA issue collapses; post-call does not
results/AGENT-COORDINATION.md,1896,2026-07-09,qwen,qwen-n256-headdx-selected-forceinline-dispatch,qwen4b-l2,NO-GO,control 60 HGMMA.64x256 / 224 DEPBAR; selected 72/236 max1 STACK 112->224,global forceinline duplicates exact body into generic fallback paths without grouping
results/AGENT-COORDINATION.md,1902,2026-07-09,qwen,qwen-n256-headdx-selected-inline-clone,qwen4b-l2,NO-GO,clone 72 HGMMA.64x256 / 236 DEPBAR max1 STACK240,selected-only clone still drains under full inlined dispatch pressure; stack worsens
results/AGENT-COORDINATION.md,1906,2026-07-09,qwen,qwen-n256-headdx-split-dispatch,qwen4b-l2,NO-GO,split CALL101 72/236 max1 STACK128; fallback not isolated from megakernel_pdf,ordinary C++ noinline fallback insufficient; need stronger boundary or specialized entry
results/AGENT-COORDINATION.md,1907,2026-07-09,qwen,qwen-n256-production-context-roadmap,qwen4b-l2,NOTE,positives: slim forceinline groups 12/2/max12; regsink gives clean attribution,do not replay forceinline/clone/split-dispatch; next = stronger fallback boundary or specialized head-dX PDF entry
results/AGENT-COORDINATION.md,1913,2026-07-09,qwen,qwen-n256-headdx-exact-pdf-sidecar,qwen4b-l2,SASS-PROOF,exact body + PDF mailbox shell as primary launched body groups 12 HGMMA / 2 DEPBAR max-run 12 CALL0 STACK0; same-build pdf unchanged singleton,remaining trigger = full megakernel_pdf interpreter/dispatch embedding pressure
results/AGENT-COORDINATION.md,1915,2026-07-09,qwen,qwen-n256-exact-pdf-sidecar-launch-abi,qwen4b-l2,ACTIVE,,host-bridge pybind + meta-device launch-ABI proof lane open
results/AGENT-COORDINATION.md,1916,2026-07-09,qwen,qwen-n256-headdx-sidecar-route-plan,qwen4b-l2,ACTIVE,,route-plan/API gate lane open; local GPU route-plan job launched at 0817290
